{"version":35,"hash":{"type":"Buffer","data":"Mz7y567J6eA7s1yVgDVsSHHrQsK1r4Thu071dnO6M3hof5w0n97x/CUEI4RQCywVPXkU3/SNeD1EhX5cUoA0ms/ykpxQ5ZfBAiruIOgW1h1MmKA1TUC752Y0nmu6Ga2yBnXw6kQEEtfSSNG6+H54nrzTPL0xz3qqqZ7Rtza9QGU="},"indexValueMap":{"Afc1UnwnYgPK7u6dZbzYiu4FBvjRISJCkjaxoaGGURE=":{"valueMac":{"type":"Buffer","data":"XaW7SPxPsqkikhJapcDBS1rxjIpdB89sUDWlHWsza20="}},"BFqT2c+1RdjENRle2PKa04iEtsDxe3ozkHWIHdwYZf8=":{"valueMac":{"type":"Buffer","data":"/7n7J9OHPz+tnBh3f7xXJkehJgn/Xr374t3t6RddBJQ="}},"BKwfv8kSbFEmKzOlCK5ssVl2WA2KDajfSisDhX1g6Q4=":{"valueMac":{"type":"Buffer","data":"6JViIp0jdNDapgBx5cDCXNm6oFv5LllwEah7AAx1rpY="}},"B0oPNXRv0046c5xFdZyge9uy5Lz+R1qsNRH4DAQMX1U=":{"valueMac":{"type":"Buffer","data":"zQDg3WHh+lw11Tl9YagsZPWN63CSAvUqsNdrRQkezII="}},"CaYmta/bnyZnnHTT6EJkK7TzGWgNwc4VqxuNk3Cy/nU=":{"valueMac":{"type":"Buffer","data":"cXKel9FvXwr1gO7Z/bK8Sr4OCEsGvkrY5AwRb1eMWVg="}},"Cl5HLvPzk5hQWG9PgheBijnnZZDYuO+BD+5apMCHjyY=":{"valueMac":{"type":"Buffer","data":"anq0IrXtju/uC0jqzyZz1z0Giio86/RQ+0449tLS8N0="}},"DmN9ADdQadGVqUp4+f7Q5A/3/EeAKCUPOHGO5WdUyCQ=":{"valueMac":{"type":"Buffer","data":"3vrJ+RvIkcIHxukLQydtmzo/+waR5Gkf4dGXQXvwqLY="}},"Dm8RLkJDmhWE9Dqpd9O2IptqNVWs6/Ey7KG7ja0bteQ=":{"valueMac":{"type":"Buffer","data":"r3FDb0EaVzVlj/tc9ylzi8mvzOCeKHz7Y6xAp4R2fdY="}},"D3fgLnYBNnLeL9lD9HscFgPir21RmiAQcG2M/myjTFI=":{"valueMac":{"type":"Buffer","data":"25CVOGCRbsdL6iktiAcxs8rPiucUvugpo6UdtAe5M0g="}},"D383clLFl7VbXwXerY1S2tzGPiFYx1O78xbwK98JLNI=":{"valueMac":{"type":"Buffer","data":"WqYrui0y1ie8qjwfXPsA3Ce64ZlMjJDIOe/XePQ8AY8="}},"D51rD5kTPTYWChMNQ3d7Kts4LnZB9s/fYD7WtWP/xD8=":{"valueMac":{"type":"Buffer","data":"4zOKPlO2tD5v1ib8lpFnPGfdpFBrY50oaDRthS7rmYM="}},"D64Rx6fe1Ec7+FnG7o0NGllXv+lnJKM9ytOeF1SzlQ8=":{"valueMac":{"type":"Buffer","data":"ZzNrA6xwze5GLK8arlglikhGk5cr6PE7O8k7bMYCSXA="}},"EshXv42rguFEnWhClPl+eGlIZFkc0luSfeVowkJGzk8=":{"valueMac":{"type":"Buffer","data":"mG5RDi6pc8Dgn0WckzT8gL1QvqK5M/wbikBDOgzux34="}},"G2j5ItZuDW8lv+W8XesHKGYlPIBTC/KN1tGq0i+WJAo=":{"valueMac":{"type":"Buffer","data":"/EnOnHripgKXdl8clELeNPmkI8VMy3WHbGu4veKzGXk="}},"HZ6XFEIGkaCTKCtm5jGDi7bbvMp9t09e8T9yYz+j1q0=":{"valueMac":{"type":"Buffer","data":"zlQOQ42ojY4fbrGGkkqkZpzoM9LH3Oh+6FlDtnZ7FfA="}},"HbLqdYP8a+OMNBGSbtPxa+u84nAqOhX6Aq4qfU+H3RU=":{"valueMac":{"type":"Buffer","data":"BkeDJ/vXOUEDUWqelvhW/D/wqvV3fZe9bp0xyKql7Xc="}},"Hrg07QRS9Xuy5gny0dxpf650Ki2u0LnhkYAyqON6LVU=":{"valueMac":{"type":"Buffer","data":"G95NSS/dH8pjUFE0PYWhugJ6fPl1QvuSS7VIP+DP8zg="}},"HtWKKHSKCN4y7fUjckF1LeDQY7kd2VkpAnGCwt1n+Lk=":{"valueMac":{"type":"Buffer","data":"Tn6jn0bm251ADuFeCHNHmYsWuX+RiK+j81n1AUwTxTw="}},"IDmuyiyiakeSzYpdwYZGK4c49SNNF6h01hHGwT5sbsc=":{"valueMac":{"type":"Buffer","data":"hDn2vOxE3NSJ9mB7MfAk6TeXbvdoIoZhoOzytCa6cLY="}},"IFK3XDPrBxiF142GFFPG0AZhg2Yuq9OnJ/M5DsX1yR4=":{"valueMac":{"type":"Buffer","data":"4/wyTqnu/4PHCkJEwHjpcOoeG8/ghy6erqcNjoaV4zg="}},"IPSCyxXmDvebJd/bs75A+HkjHMLAf+LzonIMU2smiHk=":{"valueMac":{"type":"Buffer","data":"wXcoTX80XWQjqDJzaMsZhuAq28f53QbGcKaou0ebU/Y="}},"IWscNQxpTiGA9Se8P/vlOemjAAygccLr6uNUyIty7Ac=":{"valueMac":{"type":"Buffer","data":"lvpQRGEy+uP30ICZi+bf9zzedSpegaY2yHRM+9Z3J/U="}},"IXjBzcAwPc3aQy6bAB0uqzNPBz+STygs682R2kjGfXE=":{"valueMac":{"type":"Buffer","data":"eEI2O3aKvLe3zy9wn2KiH+dOJq1TyBtN1vXRDArNBok="}},"IhEs+pVWTeId3ATSiMIiuFnathkR/VrgRPduKM4VZQk=":{"valueMac":{"type":"Buffer","data":"7JDnSXSoEq+mG0rAqWgG2lu41xhv8DZxMdOvGLJSY8k="}},"IuKsvSNM/IMFK48IcTIIkRGsbKsxnes4n/vYfnWDKs8=":{"valueMac":{"type":"Buffer","data":"cqarMRTUq8vwq86mlCmYp+LH79+imD+axAke7yzhnoc="}},"I5PLHEF17+YEruM0gvpuZdjqf3nt4gbNWrl4bHo5TvA=":{"valueMac":{"type":"Buffer","data":"/6JjCZD+9wgzkgS7TYoMyN79oQWRVGc2VsiUWfJwk+M="}},"JbwpMo+oHKTzn0zylcZOn1G7DGHb7nd4sCNlwH8D+dE=":{"valueMac":{"type":"Buffer","data":"uZ7FAcXepKG7hG//taCePL/wm2XMry66+OTKl0leO8E="}},"JiTW8uGaQRPQF6edtacAxoVk62JhRSqop5xm91RJ/Aw=":{"valueMac":{"type":"Buffer","data":"PZsU+2TKQjmqVUXDqXkBuKcWmDhj3QvpZ5l88yE4XTM="}},"Jw5HY9b8hC0mBySUudk1DFq2PWOWTU47+KnuIXQ330c=":{"valueMac":{"type":"Buffer","data":"iBTH4Ln8t48LWkgW9tscNofbeXN9+xfqNglE+lH5rLs="}},"KVEKRnmVfgsLkeFIHgT/XWWywSUi2LFvyjddl3SWVbs=":{"valueMac":{"type":"Buffer","data":"3Y7kWMWG5VIf5dFN0HnEU1OEA0BiVPvoircWfONjwUc="}},"KVyYhbeqnrRfVlBGfqgaVKCXoGGaWtIzum7Yyp7nQRA=":{"valueMac":{"type":"Buffer","data":"+qguu9vORMMm/nVnldQue5eZ3sAAbEY9AVXlDrr7zcY="}},"KqSexPNC5XSr17Mm93+28bENFJTUCqWM/48e0c7RHCQ=":{"valueMac":{"type":"Buffer","data":"3RC+M28yCr/Y9roBrZbJ1IvRIpQwlmqKj7EI+lVrwvA="}},"KrHLQVEyTLvW2sJ9HmpbjB7q18vkTCW9c5rXaW6SS9o=":{"valueMac":{"type":"Buffer","data":"SdnakKBGgNTIXfEmWdvi6F6QFo8m1mr5FxnfoaDLTyY="}},"K01en+T8v8bYMH4w4R6XNk2yOvK88OaNoOwd9KC6f3A=":{"valueMac":{"type":"Buffer","data":"iX6xWwePu1tlOe2cVPjMbBTLJmgTr9Ssu8eWbxiPPl8="}},"LFbWuLTFVbnQ+XnJuWdXv+97fdqd5E+6aXGPdpE9bQo=":{"valueMac":{"type":"Buffer","data":"MZWWzfT8EIsCpZnHSRuwJvDhs0W9aaaCMSDWrxPLh3I="}},"LLNPRgEt+eMxzxdC1DlaUKHMCQtX1jWo3yI/T+S1WqA=":{"valueMac":{"type":"Buffer","data":"hNCDXvd33LKDGONEupkeLxkG2tYJYZusC6ZwE/kERwk="}},"MCu843SGZUerzoZ+kZEUfG097ajvBVd3POb/YxpQLtE=":{"valueMac":{"type":"Buffer","data":"z+i7afz3YWWKqjv0xxKRM/u4pIFaMjYjliXASs5mqnk="}},"NzqYuvZyULMIiKf8D1TAy9WjEqgwZPnlE+I21KYsjTw=":{"valueMac":{"type":"Buffer","data":"XH/7g95MTFB9aj3QEP8Y+LokTIa/QSfjcGxSSXMk4YI="}},"OgA3l4/dEvpcahFbb73wprHZ0I7DuqXLUJVgjTmHTy8=":{"valueMac":{"type":"Buffer","data":"8S7zwVj2uqxbMzHpxXp+nXu2czRrtzrPu20kxoo0YAY="}},"P00lyFpHkDUf+CWT8qG1vaZ8q7oDrehcEWg9rOSu2uU=":{"valueMac":{"type":"Buffer","data":"38DwTu8pdIvxnlAcQe2C1rFTuw5DJDx76VidHuoHUr8="}},"QBQnfOmn/8hg7xLvO0eCryJO1r7YKvzPudaEQ7blR+k=":{"valueMac":{"type":"Buffer","data":"bMUCoEirC9FSkaHguFwc7kQEP+il4NNO2bNwQyTo4nw="}},"QXDFEf61tpqQORdiHhzYE0/dh2WbHAe07lNfahDlAmo=":{"valueMac":{"type":"Buffer","data":"Tal1d6qu17mybvJoHjcx37FGJn3Tg/GlSU0Z+LubKxY="}},"Q6FC6GzCV7v64CALSrW1RxECCt3YnKc1s1n0nz7PGdo=":{"valueMac":{"type":"Buffer","data":"kxKVCnTuOCB1ZRKLqw9/4rUsFMqoeYcosiw6Ip9sK8k="}},"Q+cJMjbtSjHiU+MrbYTaW3Fmyt5cRrnCA7BF+6v6tbs=":{"valueMac":{"type":"Buffer","data":"G6J74uV7f+SK00V2wljbujWlpVGtamzHLKtTl/PSod4="}},"RHPn5HXm2ZmhEbEYJmFZp3CEqn9u0FudAtADeWQWig8=":{"valueMac":{"type":"Buffer","data":"s/qcJ1N9gMo7oC7vhFPNj+Bn20zBQQ3RFWbip9+/Y8Y="}},"RIEzSU4JcC+PWgJXkpEPncu/FcSqyPDnQoQzIEohWZY=":{"valueMac":{"type":"Buffer","data":"ohN43fbiABbkIvxn4L77KGJ5bzXtAK8DFV97A/ZM724="}},"SYtYxzt/EATiZJ9AaTJIWNuiGh3uGioTrFNyiXaQKME=":{"valueMac":{"type":"Buffer","data":"+dYZfxTJ1UDf9PGHKUa2H8nQlUYE5N1iVuwkKpZgBLw="}},"Sya1F1khz4/rHamP2Hoedj5oKbDLdjlfN/2J9VvGoBo=":{"valueMac":{"type":"Buffer","data":"r5pJwYnRZ+Mj++VlRlLGCv4PXZbMFcBUCMU54Voq4ps="}},"TDs196FIyYXK/qoE1MfqKCm5p1UX+1jlSjOkpqSJ0II=":{"valueMac":{"type":"Buffer","data":"HOyae8LFxMLHbj31/TSZGNHNqk4PlMPAYC/TMPWwLNE="}},"TSfE5lHolacqE+K4GfK4x82jU/y2iT5HE3GvGInXlSk=":{"valueMac":{"type":"Buffer","data":"/FB369XjSbtIx3h17eXYfSqjxBLEiKCj15CQmvVLHoY="}},"TdhyLRQ01K0vgnH0kwUSNBkgpZBHkFdnk/xm4zyVyz0=":{"valueMac":{"type":"Buffer","data":"KhFJvvF4pHg4nyZtqjy0Cxt2Nm49A9dIwZsLwRLnxXM="}},"Tf5f1Jd8W4OlCioX6dlzGPWDQLA3h7OXtE4FxUlSfwU=":{"valueMac":{"type":"Buffer","data":"cvOuR38A/rKp14PS3wqpZCoILlWo+SYhQg5AUa67puc="}},"Tt2dnB4e5cLhnGnJxPZJMm7My7hAJ1+XyAQOdhwlP0w=":{"valueMac":{"type":"Buffer","data":"0WfA4M0MkfrWWNsl2M2rnw5RBHHm5Xcgw/2CbHS0/zg="}},"T70eX1XA7SXbPWCfl1/AoNUmtsbGw7wqAwVRXnifjoA=":{"valueMac":{"type":"Buffer","data":"HfMR6c1dAq1ArAXea3QPOa2BSw0zk5Rbmy/0JX84rws="}},"UEjUuefgRPtVzj/vHIU6TUJO0eas529N+WaQ74Yo5ao=":{"valueMac":{"type":"Buffer","data":"UfC8SDhgF5euus41QZEmz2xyFqf/L0vSYkZNSR3jp+8="}},"UMdsOcoxd9xm6JG1twnDlyHDkMQjgqkB0ZORoVldlJg=":{"valueMac":{"type":"Buffer","data":"Tyibut0TKxhOTtvyoJFdGZqxIZnKtiJ1prhrCkQj6Uw="}},"UtbLhfi0nhjz1U3q83RCoJgikL9+GzDUMiULQgrKQ90=":{"valueMac":{"type":"Buffer","data":"K0ySC/yC87hEECTgcsmFmbsUhw6LazHeA8JzDilupjk="}},"UwPK5KpHVR7NmEb90Jnue4/q5KFukaOviqGboKTzdsM=":{"valueMac":{"type":"Buffer","data":"MpzPDR0GcM+fW41hPi398Gni74pDDtOZMpgj9EaV+5E="}},"U3lFFKpFOy5WZovnhvmELpl5YrIaH5UgOxVui1tx4uo=":{"valueMac":{"type":"Buffer","data":"un8MeUOZ96GOMHoxsU5ebwQ6FVbeXNlw+a7xHbyH6T0="}},"VjumLnjIhv4F+6ef1Yn6BWFRSKDUb2zP+IQ8Bo9BQtw=":{"valueMac":{"type":"Buffer","data":"eTwfE6AoeKuysrqyBVtQcUNYBKeRXGltgzHKpAPpnEA="}},"V7JDMm9blfWkdid7loojDV3hqR+BIfoFyghWk6E/tV4=":{"valueMac":{"type":"Buffer","data":"8V+eXhlmpRWPyb3wbsxV038OrT937gmbvXReKyYysBk="}},"X/ALATUTR5rAy64KgDzF/7iPWPF/X7bVUkEaoa7ao5I=":{"valueMac":{"type":"Buffer","data":"VfTwPs6ddpM361LEDOBoTEQVo50+b9eHTE/h2AjeVUo="}},"YTarDBPjeAiQA08fjfVC19wtFPp7e9d0ysY60HvX9Qc=":{"valueMac":{"type":"Buffer","data":"EtgbSebHIsz4dtm3RQ8cW4DMYfwvAzrP/0x8YnRNX30="}},"YcKhxHGMTW0n/S7WYsgexAQJTS8cFjTmPlFpiYnzB9Q=":{"valueMac":{"type":"Buffer","data":"zvWMkUTzzImcbV1rQbhrhRzK5qS7RmMwFbFnbZdBPTc="}},"YvyTGaanJ+VDILZ8uBwckATrijEQSyM5SBYl66/o/Gw=":{"valueMac":{"type":"Buffer","data":"2c5Wq2wIq+M24byjuHL0p2Cj2pC8Ck3GnAhTgQeCxrY="}},"Y7l/llg1sJRXPQfzbEVs3fm3f6O3UFmEsbCUrsfK7R4=":{"valueMac":{"type":"Buffer","data":"i+JdNWPScfWzx6ZYsNgQ8RQMgAWH82o4wgVWGH/y5sQ="}},"ZpJ55reTdifJNKiFzQg/UPAv1iCU/TdXdZrhE6aBnyw=":{"valueMac":{"type":"Buffer","data":"836wo7wc2K7i09S92MJKjkFt1UPYQI8qfJKU6paP8OM="}},"aEPiIBPuKh2/gjojApxTW61ZiicJEJErJxwUepcLwJ4=":{"valueMac":{"type":"Buffer","data":"jCq2Qc+zHX68ab3CsElrdudNxgNiWnFU2yCWN0yPKuw="}},"aGFhiuZgZQwAiEC7xZ21lby2q0nS9uULlLkD+GkTJ10=":{"valueMac":{"type":"Buffer","data":"Gga8/K64O8r25oTmlWmxBaL9lywh/4GiWJ1XPBVUmb8="}},"afLT5TEmAuDQRoxF9hkjH3NfitVzLz8QCtpvWuyuwaU=":{"valueMac":{"type":"Buffer","data":"h+WbG7tl0C5em+yHUWFdYiLxq3AY82ADaVVT+WflUgg="}},"a3oYf9tvn1nTjYJ1+I3CU83/QumyQH+LT8whqb9h7K4=":{"valueMac":{"type":"Buffer","data":"GR1E+6EXKAU4xRc7v8IJsDMi6RbSC/d+R7EqC6jQB0s="}},"bzTCcJMVkCC6WKVWII2TwW/s6dbpstldGLTjI5iXBLk=":{"valueMac":{"type":"Buffer","data":"1LEjUYwRZcVsE738n2sKd7ACv80Qa1jY3ddYfmZC5vI="}},"b40ojbF0ENpnpUvofS+vHNbB0amiFG/UcQ+5at6+T1s=":{"valueMac":{"type":"Buffer","data":"Bsyy0k/pDddTmJgKwFuQBkyL6F1B3guO80ZIuN5Filo="}},"b7BOI0+DXNWrguf18fED2enUTt/BG0eaZ9o19k/cpGc=":{"valueMac":{"type":"Buffer","data":"ZHS+YeAfmmCk/RY2cNR7wRVmhSGBEsotE5hS26wJhH4="}},"cS+ZOw9KHKDCG+MhUflrhBt8BG0PwMXrlFmnHRpw6cU=":{"valueMac":{"type":"Buffer","data":"jyW7Rb1vZCNWiTmZCfitn8BFF1NqdotDNZc80Aw8kj8="}},"dDvIulyXXsO6gZiUJuPc5bN45UiXPVOlujqn7Prgr+M=":{"valueMac":{"type":"Buffer","data":"zAL30X5HZ0KqnR+rNIjxo1rwYj0iW/uQxltZri/TtMc="}},"dTSApiSpfYfnXENqxGf6J5zfhBL7Hbzt/6BK+zDGVRw=":{"valueMac":{"type":"Buffer","data":"y6D47wv8T1lH+Vn7e8L8v3ReAnW3ZYF2CfVEwR/dZRM="}},"dUXXJkHqoOaw59tXoJPbULkyzIN6of2vxZh/GNYPNSg=":{"valueMac":{"type":"Buffer","data":"bLdHF7O1K0MBC1PyjE+GchXNj3qvfAQyqNfMz7sD4wE="}},"dmZqgamdXRsKfaOxAOLQj4dkgdkDUI7qYel17ac6044=":{"valueMac":{"type":"Buffer","data":"GequxnEMetLr7FytSg4EouM3aPCYh3oz6Jw2hZm/Oug="}},"ekVYLjiOSyA7dGW641AZHyT5daN0ilZEtZWj+vOPQis=":{"valueMac":{"type":"Buffer","data":"NtCHTakWrLwpg3Evl4+opyoDKGlpTINsb+A8Kk3eyt0="}},"ezPOh4NZpqHIr2fSjCfcbEeO6cMFGHpXqQSTaf0bDh4=":{"valueMac":{"type":"Buffer","data":"kp+e9TIUgxpH0tzwgN1mRO8ZhdF3A842JiuKYAJ7xww="}},"e54Zbai3JCx9Fk0FMOkemC11h0gfEFPVK1ziEOGmMUo=":{"valueMac":{"type":"Buffer","data":"QgxTadFQ3Bj9I6eLr9ndWwdhuHQH+kYz2inX1e9uiZ0="}},"fO2KQDOET7iFmwKluG7yKZDGNHLkGY2J2aN9mfMAFEI=":{"valueMac":{"type":"Buffer","data":"YZKIcfmRKw62+GMwClGrvioStmvHxwz5q6ZA4wrEttk="}},"fQieEivby2ks/4IfxRaCXclM6vE3KIS+WKixTJPmHVc=":{"valueMac":{"type":"Buffer","data":"fhHG05/vCQDhfVdXBOtDQn1cpRAQ63RC60Om+6tnPCY="}},"fVV1WP1m30mxliwzG/5c3rddz9GOsR3wFIbH2992FKY=":{"valueMac":{"type":"Buffer","data":"tZgqoEmSu5b4fep9vkD7d0phn4G9z8HIcee2n5BqeAQ="}},"fdTH8deKnnNR8JK7amFiTHsAlqfz1tMF3fH2sjV+0zk=":{"valueMac":{"type":"Buffer","data":"IvAZfHeR2ReHeV0r09wfGajqKYR+eT/s0rRBUzeHtWU="}},"fyEaEAMc+5Dc9vt6oc6qF+EksIzfb7Hm6yfqXJj+Sjg=":{"valueMac":{"type":"Buffer","data":"YPsMESbv+rkdwJCMcD1Q+uw/gh7T43QsYWG04au/ohU="}},"gDNKq6C4xziIPunHr1UARBEs0NDE8bMNMLlgl6a7VGQ=":{"valueMac":{"type":"Buffer","data":"3nTRFSMrU/1Ut7OJZtpL71CkzhG8wLMYE0pO0mYZbzw="}},"gFkATbza6GHupZrRRH7tiqs0q0CLZKhgsdPnTOlLES8=":{"valueMac":{"type":"Buffer","data":"yTDaJHjtXlcXBLNo8jGoGCVTTSRxYnhFrEoat+p9wqs="}},"gfjNlPdRlUhxO7iKOcxLm+vTK9sxe4wq0u7S7GSaEqQ=":{"valueMac":{"type":"Buffer","data":"BWT8a5kh4ylg9mHrtAuISclu8nkqyhI+64oaldCTt/E="}},"g2GZPS4dN15ZwjBZSJ6aEyZhTa+Zf/4t5NFoH+KnJVI=":{"valueMac":{"type":"Buffer","data":"FJSilF5ik9BrUFV45KQlM3OG4xnsv5oqd4+IavtIsRM="}},"hAe54hKZXb35YS+YJJnpVlYcqzK76p75QOsDzJDoubQ=":{"valueMac":{"type":"Buffer","data":"E7PPNC76/JDHO/0fvGAq57MUNo7AZE1Mqor9Fkqnmdo="}},"hCTd04HxrMz9WTuhY18wae5pRgV30i4kFK0hPn9KdwA=":{"valueMac":{"type":"Buffer","data":"gLTUUY+nSaFGBaKjD1kcvOk6T91/AsrNhVk5ZvDPWEo="}},"iIm/ueqbs+JytuFrHlFHfCNppqBESbdp6PcWvicaNfY=":{"valueMac":{"type":"Buffer","data":"2hSEU8jCTOMNkH27doy2YPljp9i24QMVGSyND9BDrDY="}},"iXp3CXY4weVfjsnFzgJdMXPJSMIEEIU9A/ejMUQLGao=":{"valueMac":{"type":"Buffer","data":"89hBtdUtqTcpT87rz90Soll0WCA3Pf+RZFMoU+k3b0c="}},"imQ9xMZXI0r3dX1Ps14HCgXnVVX1gIcpy6ZddpMNkEM=":{"valueMac":{"type":"Buffer","data":"vWmJ+ByF2MDrKFd+m2CU5UptQkKyjU5qUhgf1yTidbg="}},"i4lXIRRmlz/n1lrQdenhjmiyWvCbzvylM29F0Uz+U90=":{"valueMac":{"type":"Buffer","data":"1sGyc8+D5OZL9rSehK94LtQ1hzsLGUEHWC88rLz6LsY="}},"jKfDC6UE+YMRv0E2pPr0nr95RSK2RJ3GLoEoPybTXsw=":{"valueMac":{"type":"Buffer","data":"SrmYqribAtrCphFzEv8lzFQ66LC/WPV3ZtFaZz8al7k="}},"jmP2JjKUn33vUSv9WZ+vkgfexww98A3bvc958t4HrsA=":{"valueMac":{"type":"Buffer","data":"m0AaiPHh9rgPloOSnYFPakjLQDCtZOn/FhkWsT0jZN4="}},"kFWM38jv//RV0FvOFSpp0OvEsOrBx9n+AMuJkUizXL0=":{"valueMac":{"type":"Buffer","data":"Cn05kEK5xmm4EImY71ExHWCivIgwGnyhNX1N7R3KdvY="}},"kd0Iakt+gWHt+V0rhF1acJZZDCiv0TXLqUSnsxFhW0M=":{"valueMac":{"type":"Buffer","data":"hpNK2B5+m85DWblLVP7qzLLozk7D6HCDEKPZc9/AeFM="}},"kt2QzxLNhWA4ByZtwaJXuvBTLXUPPJjoI8J/qk0Cxjc=":{"valueMac":{"type":"Buffer","data":"O1F9w+vBrNGsSX3ra4xpRDYtfHAH+G4v9AKsBx+K4Z8="}},"lGynpffO6KVCP2TnqmdBMOSjgbJk8pod6f/28M8QcuE=":{"valueMac":{"type":"Buffer","data":"lxLJouUcH0VzoOVvCn4UYDUUkOtvfxP/kDl6gF5DM7c="}},"lVzzA5RrcytAk2GJBf0AqyGqR23ODORYoc8qSZpyeXI=":{"valueMac":{"type":"Buffer","data":"CaIEFORIIzZXlWvIoriWynW79lJULWd2C5zOgnNDlCw="}},"lW6x5m8OJzFgTWOWGzVPYZ+bx74+n+soFPVXirh4mgg=":{"valueMac":{"type":"Buffer","data":"A4US+SDzZKUXmLOB74k+p5zxfkecbuN5j2Zxd1JsTSk="}},"lh9/ubv/OmCYF6OGc3I9LKhg31zCKua+oa+Q8GminOU=":{"valueMac":{"type":"Buffer","data":"LsX5WguAlrl3ZzNzuHxsSY7ImSkw0qx/7UlBcJBarMw="}},"liJ1yiWur2jDCA/z5g4A4JSzg6HKWyPW/WOncfnGSa8=":{"valueMac":{"type":"Buffer","data":"edG6dL9ItRlUGSxdx95Xy4P3cFlw8KHb91v0Mq/yK6o="}},"mJPpVnGoiCokxCfg8YZTjEuf42a/6aIsrmgtKhtnTss=":{"valueMac":{"type":"Buffer","data":"iifP/nwkSi2bOmZLrc7tD8Alta+vIJklkY1jzP1+acg="}},"mP1nFcwDREtnUOg9IYTqbPsw1Bw6emfNSGLN9NSlbG4=":{"valueMac":{"type":"Buffer","data":"VoA5UnVXIf3TJb34TD3+zhOWKMNQF4viUovyCYCpAtM="}},"mbHAcIPa/JuT0f/cCAl3fGkPlDPCpmwLEk9sflBo108=":{"valueMac":{"type":"Buffer","data":"9hvtfWnsjt9PBnzasBaLeBOFhLNqAqJ6eSYX9eRZSgM="}},"miQhd784fRAbF2YC88jYu2vzdj38LrtKnaPH0frn3Ts=":{"valueMac":{"type":"Buffer","data":"zsSzFbnmvWnMW/HuSoc+YZpzPTYK0DLYS1xppV0kv+k="}},"m1PXIWZLsvLd0K6JdfivDBgWmIMeHKWaLP1KVB5jBjQ=":{"valueMac":{"type":"Buffer","data":"sd1KHoC3YiUob9FbXzWji2B8XCVvx6Az3m9J0bkXq9Y="}},"m9pV7uIG7cwIAjtMo9GvOuVUPiHkwTKfxmbZyTElnks=":{"valueMac":{"type":"Buffer","data":"cDfFjDlr/N48BxFInHh39pd0YE9yt7HaQsFYiCBAfsQ="}},"nH5mDzYLEyIWA9s/UhRCTQDxh6MJDK5NiZZBh7v5CpI=":{"valueMac":{"type":"Buffer","data":"LSahp1zWfpwZEdlJRVIkOobjBHIp8IGt5HfWQY620F0="}},"nIyyq8HZWf/AHb4opayWOi4XKWiPNX32j84sfY22O1M=":{"valueMac":{"type":"Buffer","data":"8yurZLz7mZfbGPe+cm/ksnEYYv/CFmmKCDI0QhtEhPM="}},"naI7nDFAtu61ZAzHTOBDvmES25OHY82Btzbuy4pgByE=":{"valueMac":{"type":"Buffer","data":"QxJopNWI1iR6/sQadg3UGQf9zygGvGYuHXR0ADx3o9g="}},"nolp8APlWBjBip+OeawiowUj3Qw6S4Ygg2qfEWBmnDU=":{"valueMac":{"type":"Buffer","data":"8/bJ36GIa0tDRlJMoJQEkv/3SUzi0YOQz9clYnfQVbE="}},"n4n8jiW6EvnPsE0ZCtSsvZhMDlGQorc0GngsYXuQQeE=":{"valueMac":{"type":"Buffer","data":"6z4wEkOuVDhKDx4UG9rjRgxDmNh95Wrem1Idko2g0gQ="}},"oBNTqai1dlnp855Z+qdvXeFQ2x1O2v/MN54HZxrHnjg=":{"valueMac":{"type":"Buffer","data":"RNDBGDf2rJYW3w0DCKylmCTsBMD8n8Ce4hwmz0jL93Y="}},"oRqq4/HlHA71Nzw1GwAG9jAoqf1MeY13Jt7KRlaW/34=":{"valueMac":{"type":"Buffer","data":"dDP/1jpQCNGklyQF8AF45uwovkbl30+jyvJAecpsiiE="}},"oV9GosrIWe5kLjQBLqwJMwK+Csp/NAFZszDXdLNDZHE=":{"valueMac":{"type":"Buffer","data":"lI+HS+mf5TPrQc2n18i0a+jAJviUoqQrKNcZ3CyLBxM="}},"pE+pluuP5nCu/ZvcqPs5XZyz1N4TBdU9qKWBBCV6okI=":{"valueMac":{"type":"Buffer","data":"9vW58ftC8296WK594daZ6Tz+rtimjHvrPpiglTnwBjU="}},"pLX0utHN0crBUrPGtl9vwzJoxoV/chTpFcH1gVY2bUo=":{"valueMac":{"type":"Buffer","data":"dJlSmKG/ePjAND9bzirMBDXt7JajOlroH/PpBL2vJt4="}},"pLlR0eQ0CVXjt3gyGLT2Q54l2Vepo8VewUetVyuMzRY=":{"valueMac":{"type":"Buffer","data":"wDptTW9GOKcOsLgX5ZWo9AgKRrxyzVHo1X/siFXR0ms="}},"pUNXSlw/ePj/mapKMk9BwCDAFq3RXrD+nEwVE6zLlhQ=":{"valueMac":{"type":"Buffer","data":"Nnrm9pksbmYmXHKMI2P6B7AEOdJfIKtDIFFCwIDhMD0="}},"pUPBfVqL2/yMOzagpbbHpk8TB7wwKFksL6V8/h2HP2s=":{"valueMac":{"type":"Buffer","data":"zzsde7ArF4HnWukmL1gBoqf74MZnoTyUTxCEGkSrzfM="}},"qBjlIIhT2EUxeOg4y0bTTv1d5mQrfISNCnCxEyUH/hE=":{"valueMac":{"type":"Buffer","data":"vwJYvuVALT/CjhiQiJxUZKXm1DiEeV/9hTLpRAFYz0w="}},"qGCjeIo6tu8bDyun3T/s1XXXM4s/WSOXI3FOJivo+o8=":{"valueMac":{"type":"Buffer","data":"qSl4Gv/3pgb0vmx6MO4EiSeOJO1f3qnhhd8P2dygzp8="}},"qNT2le68GPqTecF0UzSSBv48a990YAH9INaaulYJgNs=":{"valueMac":{"type":"Buffer","data":"QtYqofGk+kyrep8QZ3xh74VhlnQyimF5qeTD4W/SC4w="}},"qT1Yx0tv/C7ZO6qyR0oNgli/35ZeA7c6njId0NCLHM0=":{"valueMac":{"type":"Buffer","data":"bWJcEDARrhdwzwoy7s+pHPxKYUD/UgHZtvBMmjv05vc="}},"qyYm/CtSwluM05H1kAmlAEO9yJaZDD7Lxy99rEyibwg=":{"valueMac":{"type":"Buffer","data":"Af/ipfVRtlxww2IzGeQk/NXuxCerhC1ZkCkM8jF5ITI="}},"qyrNiqCeKuAItJQLk9YVnjiA0sTbrbsJUx+o+tTo6Gk=":{"valueMac":{"type":"Buffer","data":"bejoSnMvVfOxvt6ZciCTjA2CPYizsRxyaN6qjXhCt3U="}},"q2IuwAJDn6/oGUezXqQzxF0EpwFWqOIgPOsCGaiGsaw=":{"valueMac":{"type":"Buffer","data":"dXQDC3hS83fUtra/GBMU0HI1pZeofjie4Uj3C5SzcLQ="}},"q5o+gdJDyaoLbjT8gkXTDi5XF7J7p4/lcK9fj5+oyN4=":{"valueMac":{"type":"Buffer","data":"Olh37dImPTCMOkf2mNZeVbuSDN0+dF3bldBecKh37dE="}},"rCnR4XHV1dqOrAZrItrfV3joHautrBn6kiYNOf7G3Vk=":{"valueMac":{"type":"Buffer","data":"ceM6AOmdNUOLSI/cZfWVFei0GMzmSfa5ZdZuym0cXGA="}},"rikX6Z7Qdgto4NENFgv1kQmbEhZhaGU+HZaccQuQ7P0=":{"valueMac":{"type":"Buffer","data":"8PpS4b65+9TefNcPHjotaZKCH47JUXqIxOOFiHU+rkQ="}},"snTNk+z5Yn65J9vR3pxkdwQBX7pY4YY9ZnLnr+ptr8A=":{"valueMac":{"type":"Buffer","data":"QgMHcKvYahFeGIxTJGmMR3w6bILpychgQTmPGgqE59A="}},"tAODLu7Rrp0nHTc38mi1PHB7jXZO0dt5yBrB18ZS4S8=":{"valueMac":{"type":"Buffer","data":"DiSB4vDtxQbbFABtXYVrtXsue0t8GDoYHg5ALwFPU88="}},"uZirB+FUUjiQZbMMh6kjWFeuqjbSXD6i7H331aVFnS0=":{"valueMac":{"type":"Buffer","data":"0kAzRp0hOR8qYpQRqJk6sEcIZAa2btBZrZCMh5X4qBI="}},"u+GzzNjyGqNQPrJRVwCtbmhIjG2bb4w/Hr0uyTYUCb0=":{"valueMac":{"type":"Buffer","data":"POGvpV1vDMOanbtJHUt4N1twmFbJMfwb3OaAox3K27Q="}},"wqDXfkELcODn+Ma4m+8cOM4cfiq+bhZGQAtgOLhhjZ4=":{"valueMac":{"type":"Buffer","data":"t9Zc+5PpiwrUjLPJ4Dt2NpGs1aOg/LwLLkLJ21r3ipQ="}},"wuPzFRaqu4BH/to0MITmq68xOzxZRD8bZ50nLxAXqJc=":{"valueMac":{"type":"Buffer","data":"32i23tmU5ub3XvGMQn4qrb2DmBsrPIZM+dyjX2Y8dPs="}},"xT8HKTAAR6NHpZH5JEbM7stmQEnzCjhVdQ5+52OrK7U=":{"valueMac":{"type":"Buffer","data":"q7HpmJd2LswG9z4JzdFlFkaWiIedlvBYmP4B6gPrT0I="}},"xfOP3oYHyUEiW/bNq5sFkizqNe5HDoS7bE8kiodeOqA=":{"valueMac":{"type":"Buffer","data":"ZAotzvXdPN8gOYU9FRsQTjErDn00l7IRmUMOZg1Hs9k="}},"xqBmezHTCeRGz8F6oM4z3c5Ntq2Fd6AuqiLwIcgtXds=":{"valueMac":{"type":"Buffer","data":"gAmKqoIcFRlfy5abAuPa3nK85Er2GPORJyoTvfaVr6M="}},"yehKOCQ4OvRND8aE/PYr8dRISMgxr+wrCnlzV5hZom4=":{"valueMac":{"type":"Buffer","data":"vHQsm/sUbnApiwa1AX7l77CFIHrS9wwsnQPZZfF5iuQ="}},"y/p2ifkQW4j4AIi1N7qCccC+9i+dK4R07tbgxq01SeY=":{"valueMac":{"type":"Buffer","data":"hxIxf/57hkhmnzKP6H99kmAt0HWsm2O9rm4A9KPim6o="}},"zmd+McxOcAo9GcmfAF5E+IFWy8Se/2lrWttlxbiSAL4=":{"valueMac":{"type":"Buffer","data":"vI2q6WbE1Eu9RhGm1yUSgkFsroKYuaJV95VNkUsjiqc="}},"0RqvxvENLUyzo823W7fHMs3x97aUM86rmOITq/Tzn9s=":{"valueMac":{"type":"Buffer","data":"6k5TN1FXVjmK0czTSPJI3AT+2iNHCE/xYc2N93dQEeY="}},"0USqN0kmtOgbxhIuNHl5ei7f4359cBUuI+xbiQ6CtZM=":{"valueMac":{"type":"Buffer","data":"z0c07qh584Rv1Fvj562IeKb2u/oJcUifzfYfbwG5pm8="}},"0qTqT+nLuRIW+uaCd0eNUz5wOpdGIsByQISx06dKi5w=":{"valueMac":{"type":"Buffer","data":"zefZQzX61XJdd6HaQLXQ9TDrf/pf1TG8hkQ3mdtkOkk="}},"1vXI4l7h7XbuyhzrVig07RCMV5j/dU3glDmcP/GrjUY=":{"valueMac":{"type":"Buffer","data":"DKSPXYu2M36h7hWQCq4Z3XPdHeEHAhSK6o5bABTDecI="}},"1+F7mGi4gHZptARzm9BZQ/NXpry9699V9mL17N8ArEY=":{"valueMac":{"type":"Buffer","data":"jZ4/SysJwS3sHrgVVg+E+WmOeYdpXW32rHIWLjMvUUk="}},"2RQYZ0NwwNO21rmJreGoQ+El8otImf2RwiiuYzQatS8=":{"valueMac":{"type":"Buffer","data":"M/ms2UUVEY2fRP9UTRNqz2jM4d5aC/C6JdeKJW6rc0w="}},"2VMoKFb3EJnCvSILT0Ck8/64we8/NbYm+S4Lh4w4p8s=":{"valueMac":{"type":"Buffer","data":"H7jKyc20qjbFkC37elA36DRGqbR1m5JUb1vgHxTyi6c="}},"2YJdcpzQ/RKpfUFfLeHwDp/Ngy/iiItssRN4VhCNOAI=":{"valueMac":{"type":"Buffer","data":"+/fLdEZvMKFO/Xdf5DONfkg5dMnUsRPnpqrfUwNEPQg="}},"2jCAUkAYpyjy8MDkWBDouf8S8WMnnL9kdx84a0Z17NM=":{"valueMac":{"type":"Buffer","data":"3Ms08VYPtB89HQOXikI/Rn2p7B5fRBlN/9VLGZOb9fE="}},"2s7pNW77DUG2lXdP5MgQUn3hPq6xyROcUrNXXF/WPwc=":{"valueMac":{"type":"Buffer","data":"Vx9oHyxaSlLcxSOiMfUfk0Or30pv4aDBSEmpJ4mh3Xw="}},"25NcQMx4OmC0sd/Mv5wjGfIGh/nRXpzfkqT7KVUtJFY=":{"valueMac":{"type":"Buffer","data":"NfEB+EK/J1aWEJKTVYXapFNvDn9BtSb5AF/ip/CTFv4="}},"3ov59YOYSsh0Cj5s1J7tY0y/ksjDczM81maNH1+XBFQ=":{"valueMac":{"type":"Buffer","data":"q13gKhSVHJAAiaQ6lk49cEl47jRIi4FDtUl2n14n7wc="}},"3ppX/IL+5+kPgPhumZB6IZZyuVZNOe3W1bAtX157QM4=":{"valueMac":{"type":"Buffer","data":"ZcPgs12Le0ziiOGwOB2qNjJJOtEBU7QAhvOC7FTvrIY="}},"3zG09laC3ghy2h/Ec6mU+SrUAO6/PtTES+W6gw2nrGc=":{"valueMac":{"type":"Buffer","data":"fuOrSD2wNcFpYj0I/ntGVBZ/SAyIjzAAUBCgXb+qnh8="}},"3zsgd3YRJ9c+HFNI9pFQbdGGKpJRurnic+5Re2CLFwk=":{"valueMac":{"type":"Buffer","data":"wCYwqo6bmBw4sm4f0fapDOeduz7N1KBQ6nuq7ySrFPQ="}},"39fVHnZNtsFGnZKlBr9JSwhdah8rD5pLcuZaRddE00I=":{"valueMac":{"type":"Buffer","data":"rPIdHU20v4rrhdzQvQreZvCeviRn72BYx+DNn9824Vg="}},"4chiF1oJuEW7lKRZoyk0zY00jO8G8dJlrQ6YXR7BOEI=":{"valueMac":{"type":"Buffer","data":"ETOl1odOLmzz6BihW7ZfdNarF3pOOjtM/6M6BHlvakg="}},"47q27rZQvJnTV1yKd0SckAdyoY3/J03WF7RgwESQbbQ=":{"valueMac":{"type":"Buffer","data":"VQaNTRsENqdIrBFnCauLkX9vXQ98K8FiiJ6i28aL8sM="}},"4+p1ubumJPcfKhzoRyl/fTb2KyIgqBXZjwz94Ebmdmk=":{"valueMac":{"type":"Buffer","data":"yBpOAFYfonWXTTXzJZOjMFFTNtKXdRXRCJhljdD32Vk="}},"5X2G9R1hqJkaVLxOwF5mW3NiBt6TpE/URmQhpEYgmwk=":{"valueMac":{"type":"Buffer","data":"e27es3XAHGpxCaQzwr7bx1/8tyyKqlG8IZaEWSu3a9s="}},"5mkifdM4957HZPdAceqLxMRo9W1d+1NRjI6QF20nZtY=":{"valueMac":{"type":"Buffer","data":"M3cq4xmxZjCky66sZ3E3j/LysNVORjtfAnDrrx+ftbo="}},"5vwO1Z9q2EJmZKwLsEeb4ahs9aOj38kALCBE22jHSsk=":{"valueMac":{"type":"Buffer","data":"KBh+mlRqARgrwZ2aND56pvLgZnz+LyYhqcptHh+tH6Y="}},"56+p+OxFnaPnGztEUKoKbt7MjOdA23zCWPZcmXdyEW4=":{"valueMac":{"type":"Buffer","data":"sgSSKpReOrJKQjZE1PAaFTRyHqbYCtsUEM5FwDjiQ/Y="}},"6DfE2ZeMy90fAN9kvGxPH4gG3+EpgLV6V+Xs5xxPJ20=":{"valueMac":{"type":"Buffer","data":"ekNTJLJayzhj11dqRsmdSU3FDUXfJbGEjHflEuPH630="}},"6aAx+3AIkelB1ovSDuCuSN7E9OUVG8GnPtFcgq426RI=":{"valueMac":{"type":"Buffer","data":"PWbHkdI0uzgkHCjf09QM7FhBY9uE0edbfL4bUTq8yT0="}},"6l06z2/2XxSA3XfgZ3rjsnEecG3W3bqNnue+t62AbHI=":{"valueMac":{"type":"Buffer","data":"+/5tZTQeq/3PzUuG6sYsng/0GNbtWEPkCzxKZPyxNX8="}},"6/Nf1v/Z3Y4x5ksbm27as6r0Knlz3Mim+6sUHNTxkRY=":{"valueMac":{"type":"Buffer","data":"8yizwzSqVoq3nnHuFu4nc23hlxOszBicJfGOs9au1yw="}},"7dT6gWYc1kBsVgfO8ZL0QcDP8EWlAb7sW8D3rRF6V2Y=":{"valueMac":{"type":"Buffer","data":"5NgtBCIiOgJwgGplqs9lU81VKwM0OKaKcPHOKdArbKc="}},"8esZeMHysjlhRFh0X6flC18TQJKYaZEG6AidhrlCDcY=":{"valueMac":{"type":"Buffer","data":"Z7AyJLHL5wTwcNb6VFC6ChDjGQugjWDgpKA41tfvmBc="}},"8/JUd7eYMmBrpTcR6M5KtsTcgKi5WKF8XG5oW/RI73Q=":{"valueMac":{"type":"Buffer","data":"0BOlamHf6LcvB5DiRMafXilC4anVtsOAT/5kdOOxWa4="}},"9EirOufmV29HEGpBYvk4W61wBcMo3bLkmIpO+bDcNso=":{"valueMac":{"type":"Buffer","data":"xSXNI27KZvweJE+NhLtoN5JMgzkgEJPislaxIR73u+Q="}},"+r518TtIQpbv37pNbj4HzwpfoTTpq1d/64FPyDtrdiE=":{"valueMac":{"type":"Buffer","data":"+HiIOBtNzhUJ/+VqzwA8JfoYiUTNgAt2EEUDPOcU1+Q="}},"+0Cfifk6vTOLMuLPFAyRK8r24q0sa3XFG9zcx7lkCJk=":{"valueMac":{"type":"Buffer","data":"Cp3uENva8zJO6DGTIeB1/5CTYORR0hJ1fuLJWktwB30="}},"/NVPTHmh5t9STcMRHdZqRFv420kWRh3a3Kptn+NMTMk=":{"valueMac":{"type":"Buffer","data":"DDDWauPm/tQBTUHsHT7XQNl9bT1+5EWSjT7ewFZf7w4="}},"/jYDm12OOvX/E5tU/x0mGElrvEBFOqN7NfJY7C0lJbw=":{"valueMac":{"type":"Buffer","data":"ADj14ahvEPFf30XHvANlWKxaKBigJz+crJjxH9Ph9Xo="}},"/lBP6cRfkzKcWb9T7s5xVQp9LMPBHGKW9/KwmnED4Zo=":{"valueMac":{"type":"Buffer","data":"hk7T/wtCTkFIQevnfmTlpsX/DqUjont+XsiHh8d5Vu0="}},"GXEg7QksMyyIS0cCyCFbWEAbzBvOp71kOQzk4ptKmcM=":{"valueMac":{"type":"Buffer","data":"8WYI1fs6X6pDaoSp4qQk4tovQD7WB4I16yj3MJrO1tY="}},"ym34LSzwl2bOmyE5M0BMxM0cFF3Vew04Y9MYdtFJbpI=":{"valueMac":{"type":"Buffer","data":"JH4MKDMyZB44MAP2pxHA2haA1+781qrGpNsTMs9NWUU="}},"XZEheOONMqHl6IZYn4HNp4wm42NJ6XMWJZleAgoSiZE=":{"valueMac":{"type":"Buffer","data":"iS2YWlZlT9H3DovI9iqJ3Qz4TPVKFWv64qN05d6sXJ4="}},"UO47wWhLHkZ4nRnAMP8wxeXJYjw17aXtb2U/7N8jEME=":{"valueMac":{"type":"Buffer","data":"id64EXxH4dQ3mqZNGHiltRfqRgK4mAEUYJOF1FAIJw0="}},"i1IP3xYItQICtoxx29pW1auEE4vTHU0RD2M9ReJFjtw=":{"valueMac":{"type":"Buffer","data":"OPqkfOA7dlOWkEFqi6VeiTQHQARlFsJb3MTDerM8A6U="}},"UbhBvUL1FmRVsqL+5Wy4vm4KnUlm4r/W/tPZdjY637o=":{"valueMac":{"type":"Buffer","data":"S6sqByOfXpFI4JNWexH/4An6smgRnQWf/3psKqm42zc="}},"0arba53groLC/rPIVVrVXg8uybzcsP52m1NsFhwfH4A=":{"valueMac":{"type":"Buffer","data":"tuTfmUcLq5ArcFOgK3PyqvetNIOmzg/NSPZ6zdHbIgY="}},"UvWJNG3hDu7lPAj+xl3Rfg7mkOcMS7nUxqeGUT02XY8=":{"valueMac":{"type":"Buffer","data":"OCMnd8Vh4at42wIPoFT+cwaKgqZ7B1SKmSvS5XxsoyU="}},"fZcyuihF2wgn2Gr/jbknVT+f5n2ZypQxRdH2OvSIOEc=":{"valueMac":{"type":"Buffer","data":"xFU5ipSwe9F0T5KXDL1c8KR/tmHgTvemNDJMn/pzWFM="}},"s6zjOK6PwkjcNlPKHtoV/Benymjp2d2kurAt/9mdyc0=":{"valueMac":{"type":"Buffer","data":"5Yid6QicaMAgWZYZR9DbHeTi1frCAPne437rtc+X7YU="}},"3Effz3+eBRqjpb5TQViqmvkb4r4M628XsGGZcY1Erm8=":{"valueMac":{"type":"Buffer","data":"mCp1+A+9CrxpGzRM7aDh6n9HL/nXX0u0phJrrG/r96w="}},"n1smqSEAoTz60JyM4aPzGTGWiY+0llW9f34lyowYrIg=":{"valueMac":{"type":"Buffer","data":"flbWG5hO+3CvpxySfK7Dsn8MCENQPRyg0GMYybbskp8="}},"sdA6k0BvmimgRfxQD1PpQz4SxauHUNCCmghgyj1mIwg=":{"valueMac":{"type":"Buffer","data":"TBjFGC9jUsLel0ccrLhYoMYjdIw3iu3sCg9zFpTx0Z4="}},"vB9G7PDkHPEoXGYbTpi51oNbw4kpxH0lwUOZoq2e7TM=":{"valueMac":{"type":"Buffer","data":"A3BSz9RuQtkrmJEyYz/vWS6/+QCOhM0fggQ1dm1GDf4="}},"cXtCfAHq0pfqr9AvjWiAUnheBP5NSN8h82weAyMRlXM=":{"valueMac":{"type":"Buffer","data":"6GJOuPrJbBICcZxEIItrjDQcD20heg7hze55QFLgtLo="}},"+zab7+dYEyYknaoOijClr0vyRMLpGHu3xo4glsRpVwU=":{"valueMac":{"type":"Buffer","data":"EtJ6INaC6q57CGTCEc8TiHxlNq2+X6xxT9p0J41XxdY="}},"ai9wJVbypod5nX2E+vuYkVfWPzfgWqWaiPKmWYhwz5M=":{"valueMac":{"type":"Buffer","data":"99Xi+U2TPHenC6r0pogLsCpXxWAWtkAFudeV7jOvmyU="}},"qGXdVD+2OAXto4TiStZCY4AfLlLtERTdnt1DH6aTOME=":{"valueMac":{"type":"Buffer","data":"9ltlmIfh4z9jVH02wgjvC55SpUGR8CfA171o1E7snMk="}},"RJ2KPa5tPWto7cBfYEPGzRfZ7sCAFy2CCDycCxo6uJM=":{"valueMac":{"type":"Buffer","data":"tYHtNIyLoGgpV+z0rb7/VhugMzxYQOJGFFVlqvJ7D/s="}},"bB2rroHSMuHv93fxY5TCCgMFUBnrERvDor8yqfhHwUg=":{"valueMac":{"type":"Buffer","data":"10oPPdurK4TOVouXqxahwY9sdJqTn9SQ5hpfvOxkWd0="}}}}