{"version":5,"hash":{"type":"Buffer","data":"DH4vInzq1qOwULWD9Cl28hNXbK+7akiLfJjuLD0Qou8t2T07WNbQCQ4SrV940ZhsXO1S2NjreWy+PqGXRVRQr0q17Tj0KJTevp3yaOzmiLE8DU+c/7KNxN6e3AFKbmqL/DpFPZ8xiHr/YLly7NDjzfzpGVc/LBrRHILw3uwPnt0="},"indexValueMap":{"QQL4zvX6Y1nksDr2S7sNbiLd2Zi7Hhga2tzmMw/Hubw=":{"valueMac":{"type":"Buffer","data":"+nL6id2eTLGrNr2xfeqlGcoK4qC3jEYeWb6rD/nl2Ts="}},"Qme3UOBRmMH9VDRaD+/0RtY2EZwBCV0ssWlbn+1WIdg=":{"valueMac":{"type":"Buffer","data":"BBkWiUsHk1z4SplYdP2Csf8S1yeP2dQZP9j1KL9UDy0="}},"UTKBQGBxd0K0uV7dRHujJex77fwMqzfVVcU5A6geA6M=":{"valueMac":{"type":"Buffer","data":"4gvNuhPoUxtTCQSUrVoaEI+Eh1sl93kf9crjIKVntk0="}},"3djsAeXQrShmwlc6AblSb7e9B+e+GQs/0HsVHuaCpnY=":{"valueMac":{"type":"Buffer","data":"U/dl96BXqi/kjanYIy86rRytNsqxaNtLtDk6Y3g7R2M="}},"5rUzTCixbDcePlVZJm/UveT6SB5/Gn9Tc1V0+T03qGE=":{"valueMac":{"type":"Buffer","data":"d3NoZT5WkaIefN1ocH1J/yjFMwednx6+X3pXZ/t4Y8s="}},"9m5tb1eaSdK4ANX+ZF9URyl6YnY+AMp94uIIbfST4sY=":{"valueMac":{"type":"Buffer","data":"YND4z/byIziA6popsmqgyaFYrhaOSk0JiKLWv+dqE2c="}}}}