{"version":15,"hash":{"type":"Buffer","data":"Ec5Qsa2WrZGFymu6rE0jPh8442UwEVImUfq/Vm+wfx+UFh1zvDxbVRpoQyH9KzL/8va4fT92a+wycnob0My1QzBG9ig8MR1XnEpQk0ebfv2MjzuOtGvgUDFkL9vhJCjPp3Ci2vcsazg+4SbyoVjEt6ZThFTYrAIortoyYcvgpdM="},"indexValueMap":{"dlL5ZR3pUAjJoGRtQzT1drQwtpcgMysEIZ7PHidL25s=":{"valueMac":{"type":"Buffer","data":"Jhy2MpAqJrbs4Cs+pzoShyKv6fiiRxwLlm05JFwTZ4U="}},"t8CyYF7465TuP+aEUmW5UxM9lmnZyPSkgB42fa7UZ+M=":{"valueMac":{"type":"Buffer","data":"lAhsMIrdi8scnOOq3AhZF/RUX8gx3Gg/UaLontQzs5E="}},"3+/ngUpDF+l3Bbx7gR9fURqeJgVsU+JQvnFu+zEPjJo=":{"valueMac":{"type":"Buffer","data":"MQAAwUcpJLvH7Mi2+60Mep8IjWI3SUeW1L1rJmv9syY="}},"TQQ2K5s6mnYcZtgO98WYvxe8dsk7cWqHryamRnWxwXQ=":{"valueMac":{"type":"Buffer","data":"UjO3nKU3FLQTaysZg1V5uYAklgihc16TjdyzIqlUtTs="}},"HcmwvyIuPMXqtpNqvnvzgIL4uegMCx98AwQMAxZsFoM=":{"valueMac":{"type":"Buffer","data":"DPBCBlPDIp7Hh6S1CZKSGtZwmZQhNLBU+0Y0mJMLsPs="}},"AG2zCrX24XX12HzeQAed4jaGfJCOSmzaNjPWNZJeDPc=":{"valueMac":{"type":"Buffer","data":"pF5APUy+00KmAszrbRtP2z65Q2W3qf2J0F7a20BxsL8="}},"c7G/I0rvuTOzRGVbMM1rtm29/t1F67mp3LrjrTwf1dg=":{"valueMac":{"type":"Buffer","data":"FsMC4bF1fHbLHgjNXVkxrIzU6JutJt/nqTqfwIwKZfA="}},"bdovJy4s7c8w6KWcg2GoWDWE8s8f9VYd03ptw4CdPrU=":{"valueMac":{"type":"Buffer","data":"2STECGfkKxDz/TgWyB35rKQ9WEaNWC1hR7ij2mTJ6j0="}},"YfY4hRN8/tJqBfniGynRXRGyVjMiTvyz4rZ5hXmtj/U=":{"valueMac":{"type":"Buffer","data":"vULHPhKLpHIxs8Gh2dfHggYMVTPKNxD4hs8crLJEb+g="}},"/FTiOijYWEdVPVLFiWfi5N/ouuuSosbcyeP2YSOBE2k=":{"valueMac":{"type":"Buffer","data":"WN92Jyqw5UqJ4FSmkdiXZh1wGh9SHuObTIA9xTq7Ycc="}}}}