{"version":6,"hash":{"type":"Buffer","data":"nWu8jhDGz6AUTH3gafWBtlR9F59Szv3wr3kb2AD++eUavdd1ItXzgIWAdG82+x7EbHXqOzJCOlFHvXJhWbMMAfdqLP6E1ijJVUti81jgcEAGLMZ6dbo5vHm0FNB7GslDBqopapAjetX98tW5NYymbabhirF6zXQ5sy8EAoxLAqg="},"indexValueMap":{"AQqOElhjhcowlRoEV/jVjHWw6yeMs2/N1Yq/7mUk+XI=":{"valueMac":{"type":"Buffer","data":"G8zLuzXF5czhXr68NcYwiz2CJYyPAYPzTdHIO41pRY0="}},"D7w1k0BR7GTWY6OqhwJj9wPfSAVy7YDMlx35ObZ2yc0=":{"valueMac":{"type":"Buffer","data":"bcX6cwVCBAn3UoRuXoZgRiq+AvdNma1Q3Ve3shGf0A4="}},"dap4HttlKBW+qxf44cuF15eobHIJWXr/NBuhAqJWnHM=":{"valueMac":{"type":"Buffer","data":"gPswioutHwhsoXziWHH5FcDXsp90nS/2SefgtWLsuw4="}},"qNra6wtqxPVEytG/2F2DrDfFV7+jESK5Kt0KlXcooY4=":{"valueMac":{"type":"Buffer","data":"kLueIWEUCjiCSEdJOYjaMOFC4CzGv1VXn6azqX4cD+A="}},"utaU29ZCjISRTUL0qbT/EY2bmGW6sXxukKUrDjAg4FI=":{"valueMac":{"type":"Buffer","data":"UZ9V5o4jPs+l6cQWV+Kn6BSlQSs0eqwnxh/rlXvAKmY="}},"HTW4iRBBcYfBhnRrL2cozteD8yqlcEEBcTjFifaK7UY=":{"valueMac":{"type":"Buffer","data":"5Kt64jbf504zIMla2cjMaXFqUbOq8izWEHb1J8LULbg="}},"KbM2RVcbQK5ooelDG69txYqA7AoNA80MVXJFgxsn5sM=":{"valueMac":{"type":"Buffer","data":"njySqUhOGYqtj6ikBtjN9qbe2/dlfcM9sGkrvaEvnCk="}},"/rgWGtipTFUwUUSjsHADPZtDsIXFKH5xD/esy99Au/g=":{"valueMac":{"type":"Buffer","data":"ap/mehIyKSi5m4j6eHKIPTHonml47FTh86fhfRdijw4="}}}}