{"_sessions":{"BbWfjh8651f/D2hnp+Et58SEbF1A+3nZ9ym1RXR/ot82":{"registrationId":1072491794,"currentRatchet":{"ephemeralKeyPair":{"pubKey":"BTVpjG0+Ezq2hnyn1kp/RupUghFhIObrz1+vouyc4QM6","privKey":"oLEeR2LOngb0dX0bIFAAYfnJVmWwjw4q7HmRX/W7GEc="},"lastRemoteEphemeralKey":"Bc4vrcUD8N3tSi6teXVJSbrhfygfB+E1f3kztSWkiTgk","previousCounter":0,"rootKey":"uTxCtR/wnxTLthdF7Gk8BlVIdjbTNOvtOO/gaY9BS6Q="},"indexInfo":{"baseKey":"BbWfjh8651f/D2hnp+Et58SEbF1A+3nZ9ym1RXR/ot82","baseKeyType":2,"closed":-1,"used":1759533877346,"created":1759533877346,"remoteIdentityKey":"BWs0Y8L3nrlp2TNOG9J+05ms0TfAyQ+WAqM8LvrLMtVw"},"_chains":{"Bc4vrcUD8N3tSi6teXVJSbrhfygfB+E1f3kztSWkiTgk":{"chainKey":{"counter":19,"key":"N9EAgq7JwMwt1C3gQZxnydqxFO25cPNW4zEekk4qJXg="},"chainType":2,"messageKeys":{}},"BTVpjG0+Ezq2hnyn1kp/RupUghFhIObrz1+vouyc4QM6":{"chainKey":{"counter":-1,"key":"GteCQV4eFLkgcNigvLq18BQjbKvM0AqBcJ3P2OUA0Qg="},"chainType":1,"messageKeys":{}}}}},"version":"v1"}