{"_sessions":{"BU5RkRJWKw6ezf8ownt4qFlK9eOgwXKRoJDAcL8HnyRS":{"registrationId":7331,"currentRatchet":{"ephemeralKeyPair":{"pubKey":"BWAIMKHmDF2HI+2AKVqE/DrJe/+Hejhhnc/R7RCzhWp1","privKey":"cInhA/C0955tbbgttKUTRDZdrRSCb0UWGtM2IRAiFVM="},"lastRemoteEphemeralKey":"BeeP87NZFbvgJaMa9h2BWI7wUAoUKhg7qNjHW0GwR0Nl","previousCounter":0,"rootKey":"EaPQ+6Yd+5EFkRclf0hmA4xOlMBXKwM8Y97gYETFTeY="},"indexInfo":{"baseKey":"BU5RkRJWKw6ezf8ownt4qFlK9eOgwXKRoJDAcL8HnyRS","baseKeyType":1,"closed":-1,"used":1765487686094,"created":1765487686094,"remoteIdentityKey":"BVBYoEriJSozAHOwsofjvd6YRwjAeqbbltvxMxH/Npl4"},"_chains":{"BWAIMKHmDF2HI+2AKVqE/DrJe/+Hejhhnc/R7RCzhWp1":{"chainKey":{"counter":7,"key":"/FPPls+FQmHmhoKV59lER5NlOMT1lwZSEVLWVMXokBI="},"chainType":1,"messageKeys":{}}},"pendingPreKey":{"signedKeyId":1,"baseKey":"BU5RkRJWKw6ezf8ownt4qFlK9eOgwXKRoJDAcL8HnyRS","preKeyId":671}}},"version":"v1"}