{"_sessions":{"BfASTZZMaqOBR2YuQWmdJN4hI/yb+t0y+tOZewIwVMoW":{"registrationId":5054,"currentRatchet":{"ephemeralKeyPair":{"pubKey":"BQEPgSokUWR/Vzu/p7ICcafKJznJJ/kO5moDC340cKsf","privKey":"IFOs0+k30g4eX+f5uBrrlMb1ydHDxjLj0hOnt7tt7kY="},"lastRemoteEphemeralKey":"BVHmaeXU4kwyjwAbM5qvVUNq3Pzqrmp5ooU0uuL+2YRg","previousCounter":1,"rootKey":"i4ys1cBleyp1HVrkN/WTHDn7UUna+oJaPAJmqjvAiz4="},"indexInfo":{"baseKey":"BfASTZZMaqOBR2YuQWmdJN4hI/yb+t0y+tOZewIwVMoW","baseKeyType":1,"closed":-1,"used":1760727089639,"created":1760645002581,"remoteIdentityKey":"BeFQwrpmlK1tVBUxSnzrHFcBu0gjdLr4dxoDO8xyTd1s"},"_chains":{"BXp+mq8fD4GZ1HpoRD76YK+GPUxTK+UttgbXmJyXLJ59":{"chainKey":{"counter":0},"chainType":2,"messageKeys":{}},"BclnvzpHtSJ9x9d4OzEKcELBdHcs33luKX/DIfRvzNoH":{"chainKey":{"counter":0},"chainType":2,"messageKeys":{}},"BTXdpQK1r0U8DAiZR0J4m1m48pgese1RtgXtuB2Hq/hL":{"chainKey":{"counter":0},"chainType":2,"messageKeys":{}},"BVHmaeXU4kwyjwAbM5qvVUNq3Pzqrmp5ooU0uuL+2YRg":{"chainKey":{"counter":0,"key":"BF7EHz28tvisYKbmyIM1cT+qvYCqldB16a/TWFnoLAE="},"chainType":2,"messageKeys":{}},"BQEPgSokUWR/Vzu/p7ICcafKJznJJ/kO5moDC340cKsf":{"chainKey":{"counter":1,"key":"5/GLI4s+dqOUeuTknZLPbrjGZSIoBlJ7DGFc+tskoLE="},"chainType":1,"messageKeys":{}}}}},"version":"v1"}