{"_sessions":{"BeT826DB6JPb2Yc7upgtUlx1V1JB9iA0RqHvyu/355Ui":{"registrationId":1780953213,"currentRatchet":{"ephemeralKeyPair":{"pubKey":"BTa6LwraiqBBFDCmU+egNtAvbzcsMrC6DtDQ4ReNMSUm","privKey":"sG34R9kRgrsBdONlThSkHkHEiQPDq67X3H+do1SWhVI="},"lastRemoteEphemeralKey":"BZ/5yb3reP6VscIKk1iUz1XDXtHkiopiBrHhIlGYjE0J","previousCounter":1,"rootKey":"y2ecI0Qjg7BxiuCMPyprJEeDMMGRbn2oKrJmX3VBmMk="},"indexInfo":{"baseKey":"BeT826DB6JPb2Yc7upgtUlx1V1JB9iA0RqHvyu/355Ui","baseKeyType":2,"closed":-1,"used":1762199408364,"created":1760034217706,"remoteIdentityKey":"BVkthpHoBhK3Uaej6JaPAl73Q6qagIKb05y8DSUZBKB6"},"_chains":{"BVbFPzvLNb0uaEVg6jYluPciul1Bzep26oO7WLB9++4B":{"chainKey":{"counter":0},"chainType":2,"messageKeys":{}},"BWbEU2Fv7ST0Yhx6A0bS2iTqrCask4xG59aQ7LA9v2wF":{"chainKey":{"counter":0},"chainType":2,"messageKeys":{}},"Bfrp5J6+p2Pe0mu7VuhujXjXDLb6CzIXt5uXZuylxuJq":{"chainKey":{"counter":0},"chainType":2,"messageKeys":{}},"BXPHlNXGryIbLo8nhfF4IdG75MbhhviaRwOSgdt/iNpZ":{"chainKey":{"counter":0},"chainType":2,"messageKeys":{}},"Bf/2lgzC2P+Jke4C0Y/uRbPVkmtHHqRIHE0QJhtAwEIE":{"chainKey":{"counter":0},"chainType":2,"messageKeys":{}},"BQwGfdyq9g6RbsZWPH43v9FF9aPR0buK/7dLdZitxk8H":{"chainKey":{"counter":0},"chainType":2,"messageKeys":{}},"BTO20lXFom/TBrAC1uHaHp4xfmdR55c+S464DGFH1Tg1":{"chainKey":{"counter":0},"chainType":2,"messageKeys":{}},"BaqilCDnKE8+DR2vSLkZ+TuMhdWIG1LilaqK20V0Txg1":{"chainKey":{"counter":0},"chainType":2,"messageKeys":{}},"BZ/5yb3reP6VscIKk1iUz1XDXtHkiopiBrHhIlGYjE0J":{"chainKey":{"counter":0,"key":"yMnJF02PdxrJLWK3EAvxMBROPPArGyRq0+yCzl2ame0="},"chainType":2,"messageKeys":{}},"BTa6LwraiqBBFDCmU+egNtAvbzcsMrC6DtDQ4ReNMSUm":{"chainKey":{"counter":1,"key":"OXrGz+9HukDrzeaMyPblS67tPDotDEQaS2VqIVFPbXg="},"chainType":1,"messageKeys":{}}}}},"version":"v1"}