{"_sessions":{"BW54XkXJR4NzTi+x9ESREKpIJv1aqLr+gzKg+Y5FA19z":{"registrationId":1830131421,"currentRatchet":{"ephemeralKeyPair":{"pubKey":"BaYX2CwYpUMPQ5jwxumdDoD4ZuH8heCbJflkVEeQR3NN","privKey":"UCxEwJwljy2T6jpOD/Oz3DouI2uHK2f751pKzlcVtW4="},"lastRemoteEphemeralKey":"BYn70qW0CF15zg66Tzlv8teSGcqX776z611sID1Lj0cO","previousCounter":0,"rootKey":"83AbSbs+X72oPXT1aQ7PLGbCDKrAKQzD41YV3j+L0es="},"indexInfo":{"baseKey":"BW54XkXJR4NzTi+x9ESREKpIJv1aqLr+gzKg+Y5FA19z","baseKeyType":1,"closed":1764116203944,"used":1759763881299,"created":1759763881299,"remoteIdentityKey":"BYWIBi+vkWl7Cahv613sKpWrqE5lHnvIbReAFsYgeMsN"},"_chains":{"BaYX2CwYpUMPQ5jwxumdDoD4ZuH8heCbJflkVEeQR3NN":{"chainKey":{"counter":4,"key":"SVEj1nROjzBwpunNjh37VFfeDTvXbOp0Nhp0SXQlEUM="},"chainType":1,"messageKeys":{}}},"pendingPreKey":{"signedKeyId":7841374,"baseKey":"BW54XkXJR4NzTi+x9ESREKpIJv1aqLr+gzKg+Y5FA19z","preKeyId":13797}},"Bbcg+d9h9lGfhDX6EmKaDXqCzCDIXgS2j5bMwFGOfgw9":{"registrationId":1830131421,"currentRatchet":{"ephemeralKeyPair":{"pubKey":"BY85R4KSP38JwpBcd7yOnw+h++HLaSiqlfnGi8GTLRsL","privKey":"MP4b+Qalh5ryWztXPKsv9Myu1j0TQrM04K5fcVdoV14="},"lastRemoteEphemeralKey":"BRDCuWW3qTrW2uBV2h7gG+K6qNcQwObX7cJAjWNf9l5o","previousCounter":0,"rootKey":"ejIlz5OrLaD2U9+H2h4E0P3btOzOKz50cuyoVginxqA="},"indexInfo":{"baseKey":"Bbcg+d9h9lGfhDX6EmKaDXqCzCDIXgS2j5bMwFGOfgw9","baseKeyType":2,"closed":-1,"used":1764116203946,"created":1764116203946,"remoteIdentityKey":"BYWIBi+vkWl7Cahv613sKpWrqE5lHnvIbReAFsYgeMsN"},"_chains":{"BRDCuWW3qTrW2uBV2h7gG+K6qNcQwObX7cJAjWNf9l5o":{"chainKey":{"counter":0,"key":"MhMTGN6UTOcUfSUdZj4Q05B3Okbk8cD9Jw3BKPamKqo="},"chainType":2,"messageKeys":{}},"BY85R4KSP38JwpBcd7yOnw+h++HLaSiqlfnGi8GTLRsL":{"chainKey":{"counter":-1,"key":"9hQoN43kFOQoZh43xfj1YLqScUHQqAAoqTljYKd2xlU="},"chainType":1,"messageKeys":{}}}}},"version":"v1"}