{"_sessions":{"Bf55iHxSfDdh3GTvY8LiB1WQPYLGSKucQ5/t1G3b/Xcn":{"registrationId":183278672,"currentRatchet":{"ephemeralKeyPair":{"pubKey":"BacQs7Ol0OEnYT17nq2CaZ4zzZCom6FhKbzd0nFK9w51","privKey":"8Bj3pxF07kj5jwRrbBjnmPHxLgjC5Gw5nhIAJSmTGlU="},"lastRemoteEphemeralKey":"BeY5F0qu/PIO+KnS5F6YkMlv8JuvmhNun8e1O8hMN9xE","previousCounter":1,"rootKey":"B6uk7KtXeomF1ZwRqp/Vc2292NVNpLqtUt4Xz4zzXhI="},"indexInfo":{"baseKey":"Bf55iHxSfDdh3GTvY8LiB1WQPYLGSKucQ5/t1G3b/Xcn","baseKeyType":2,"closed":-1,"used":1765729251955,"created":1759413076451,"remoteIdentityKey":"BZAzzvMCOjl9Z4qfLwX7Jijm9b3aRsENprtZLZiGNIV+"},"_chains":{"BcJ3cImapKaskcMIz7pLJfXKCCryHUlKjJAOMAInPcoQ":{"chainKey":{"counter":0},"chainType":2,"messageKeys":{}},"BQVjPlS/gJpmxLEhG7wEJBHnkZV8nU2X1Iw7LSFc9D4Y":{"chainKey":{"counter":0},"chainType":2,"messageKeys":{}},"BZkyKgSxAAKR3Ovd8IobGpcWDlwVpIOVyXJRxRTVLb17":{"chainKey":{"counter":0},"chainType":2,"messageKeys":{}},"BR5QZnV+2afpAFlZx1LvqJkOBut6hwNt+pP/geQrjbUH":{"chainKey":{"counter":0},"chainType":2,"messageKeys":{}},"BVXg2c12XPKi6K07EpKcy1CnzWmJ3O8a1ybF4kxnwLZQ":{"chainKey":{"counter":0},"chainType":2,"messageKeys":{}},"BStregvevFqKx1v7OooH5zXIV3z7oShYzB2J9vMCr0N4":{"chainKey":{"counter":0},"chainType":2,"messageKeys":{}},"BRt4xfEiHG7s8ffVeZoKWItLw3QJS3czKSqrL59bU11J":{"chainKey":{"counter":0},"chainType":2,"messageKeys":{}},"BeJVgrI9F4HpJziehj2vwtOnyZWhYIDMN5pkGi5EOool":{"chainKey":{"counter":0},"chainType":2,"messageKeys":{}},"BaD4gxSvTH+5xXyb7lDMjm8FqNOiUVH6DE3/lklSqEUk":{"chainKey":{"counter":0},"chainType":2,"messageKeys":{}},"BUSAAKxGv/hgfSldLkOgNZOLJrXi7g6fvFkDVAha/KZR":{"chainKey":{"counter":0},"chainType":2,"messageKeys":{}},"BRZuxkEC6nwAfi2saiWOHybg8Y9mAgMjRhW5QMiQCaQa":{"chainKey":{"counter":0},"chainType":2,"messageKeys":{}},"BUNiShUR/KUkcG9OcJH1zwMCBe3pQJBzcPOrs9r4e5tW":{"chainKey":{"counter":0},"chainType":2,"messageKeys":{}},"BZFNGzrHOK5XOWfCt/adO0EdGd0PC5zDd9Dj3Ict0QhV":{"chainKey":{"counter":0},"chainType":2,"messageKeys":{}},"Bf3tXGLD3mR3/ilK9Ykayz8dyreBouP35CDmpLndoFFC":{"chainKey":{"counter":0},"chainType":2,"messageKeys":{}},"Baob0PMimc+dBKZXugv1pwEKnuJ4HXWgnPMUX9+VGbAy":{"chainKey":{"counter":0},"chainType":2,"messageKeys":{}},"BWYvlsUwsY8qEKyqLKs3mOGdAK5s+Hn4ddG8akjw8jZ7":{"chainKey":{"counter":0},"chainType":2,"messageKeys":{}},"BUtKKV2u7xV6+hi10JLkmhJI/eJQ0KohgDBXXF/Oa20V":{"chainKey":{"counter":0},"chainType":2,"messageKeys":{}},"BfLO23sHTZ2QiuZwmdProL0tLr51sbbSc2LdUk4MkXos":{"chainKey":{"counter":0},"chainType":2,"messageKeys":{}},"Bf74HK3cLbNoyehEANnVw8nIu0TJkgU/ro/qXMIZdnsi":{"chainKey":{"counter":0},"chainType":2,"messageKeys":{}},"Bd18Av3JvNU5HceyzO21YB3+w/cn0OBT+0SkVNe8I2N/":{"chainKey":{"counter":0},"chainType":2,"messageKeys":{}},"BR58F+ibZjEvzCKvOlddj77g1YoxmAGKTQl9mhoiJO5r":{"chainKey":{"counter":0},"chainType":2,"messageKeys":{}},"BRaaLE3KwVZhdEDoICU12TjZLVi9J55oAloAFVXyyIpC":{"chainKey":{"counter":0},"chainType":2,"messageKeys":{}},"BXK0g8k3fbDmHk9t1pBpaSFnF1kuua5Ja9NKmBExv1Ya":{"chainKey":{"counter":0},"chainType":2,"messageKeys":{}},"BWL+LIKVBUP7w06lpdd1doItkkTYOtLjvN0sQ7+FH0xt":{"chainKey":{"counter":0},"chainType":2,"messageKeys":{}},"Ba1mzXRt9SU0Z0jEy6MTYXAd85FtvY7PN4Akh/Fv5IR3":{"chainKey":{"counter":0},"chainType":2,"messageKeys":{}},"BV+apLM7nZy+eQ4s/PT37PG/oLqZzrn9ELQ58FdPLZkp":{"chainKey":{"counter":0},"chainType":2,"messageKeys":{}},"BeY5F0qu/PIO+KnS5F6YkMlv8JuvmhNun8e1O8hMN9xE":{"chainKey":{"counter":15,"key":"6c3Wk2whjb1h2mAsya8HlyLvbaLJiRX25ytJqvsilLQ="},"chainType":2,"messageKeys":{}},"BacQs7Ol0OEnYT17nq2CaZ4zzZCom6FhKbzd0nFK9w51":{"chainKey":{"counter":-1,"key":"5FSHMEyatKe3BQc/JbVVmGMnQG3o0dN1R7G4/T70aG0="},"chainType":1,"messageKeys":{}}}}},"version":"v1"}