{"_sessions":{"BWJYYq18r0Rb9hWyC9z0MY0x7r0ooRaYUYCKgaZrh0Qb":{"registrationId":4761,"currentRatchet":{"ephemeralKeyPair":{"pubKey":"BYh1clof/suiwLIJjsHk31kmmaepLLl3nurx2DZ9KwZR","privKey":"gP/x5W+JLcJuHNonFfHhzvncQFX2Ei/9y023gbEQLXQ="},"lastRemoteEphemeralKey":"BWEKrc0ZeAiLI1EyrcHl8ycW2ycdsfnfXun22SWet9MJ","previousCounter":0,"rootKey":"8vK/Y3t2BtT6kKAyxrQyN/WjSnyJjidaVicmONJk8To="},"indexInfo":{"baseKey":"BWJYYq18r0Rb9hWyC9z0MY0x7r0ooRaYUYCKgaZrh0Qb","baseKeyType":1,"closed":-1,"used":1764269782576,"created":1764269782576,"remoteIdentityKey":"Bf6a2MnLD/Y+sCj6VnvZgtE62E+NUY22dGege9Mj65ZG"},"_chains":{"BYh1clof/suiwLIJjsHk31kmmaepLLl3nurx2DZ9KwZR":{"chainKey":{"counter":7,"key":"p2qVrUeZ8HDRyr5wy9bJOREUD2PydGWRmpL/ww+K2bM="},"chainType":1,"messageKeys":{}}},"pendingPreKey":{"signedKeyId":1,"baseKey":"BWJYYq18r0Rb9hWyC9z0MY0x7r0ooRaYUYCKgaZrh0Qb","preKeyId":704}}},"version":"v1"}