{"_sessions":{"Bd7kGfJ+Fp56uLnXFJw0d9npw9SI1JFstHvyN2/X8PBk":{"registrationId":53564902,"currentRatchet":{"ephemeralKeyPair":{"pubKey":"Batb2F25FZzdHAtWz23IJmy1nS8Gb930YRsC6dkToXhh","privKey":"iBHw4mNDQs/NnkajxSuzHlVuKva46SLuBixaIE9PEX4="},"lastRemoteEphemeralKey":"BXv0F1W78o607E7E9n89/BPZbToH4jH9kIm+Jrgwl6M/","previousCounter":0,"rootKey":"1GZS46WWXvjN8wZPtyaiT7lYkCnfssLcO2R/Gfp/4Xs="},"indexInfo":{"baseKey":"Bd7kGfJ+Fp56uLnXFJw0d9npw9SI1JFstHvyN2/X8PBk","baseKeyType":2,"closed":-1,"used":1759591357966,"created":1759591357966,"remoteIdentityKey":"BRWdeX0YWBt7vzUwVUK0sszwzMkJqe0Dc310qK+AqEYS"},"_chains":{"BXv0F1W78o607E7E9n89/BPZbToH4jH9kIm+Jrgwl6M/":{"chainKey":{"counter":4,"key":"AlyEeae0ayfv7ADQsjYnTYro3mb2jzHVd/xLOMO8x2Y="},"chainType":2,"messageKeys":{}},"Batb2F25FZzdHAtWz23IJmy1nS8Gb930YRsC6dkToXhh":{"chainKey":{"counter":-1,"key":"5gUe9jMTbvIH+T7h7+uzubcOXs+lYuyBZtqzQwIyD94="},"chainType":1,"messageKeys":{}}}}},"version":"v1"}