{"_sessions":{"BY2hiEREO/O/+WzvfbHEOf9Z8o2ISUd3fFTefTS2yWoq":{"registrationId":249,"currentRatchet":{"ephemeralKeyPair":{"pubKey":"Bb3l3i4L4qXe9YL9GzhmWxlXC03MQ4HRjLKim/8f5v93","privKey":"+ANPrKHV/Se1Mp8qMoK1+ayC2+gkwqe6ZjlPNJnCEUI="},"lastRemoteEphemeralKey":"BaJ6I6hsvFZ9p1sXPoX4213q8IEPicm9BYHOsYYe1XAX","previousCounter":0,"rootKey":"VvOFILl5St2EXJdws86c2r2ozR07AcOuDs9RF22DpFA="},"indexInfo":{"baseKey":"BY2hiEREO/O/+WzvfbHEOf9Z8o2ISUd3fFTefTS2yWoq","baseKeyType":1,"closed":-1,"used":1759407695878,"created":1759407695878,"remoteIdentityKey":"BfeVrXZdmn0vt2RcLBosw3jwsqGLoPQYrBrOkT8jTjwC"},"_chains":{"Bb3l3i4L4qXe9YL9GzhmWxlXC03MQ4HRjLKim/8f5v93":{"chainKey":{"counter":15,"key":"0ngbi1iWxIgwzf8upvx6D5ZaGkQLAt0+zUsqdVSfMV8="},"chainType":1,"messageKeys":{}}},"pendingPreKey":{"signedKeyId":1,"baseKey":"BY2hiEREO/O/+WzvfbHEOf9Z8o2ISUd3fFTefTS2yWoq"}}},"version":"v1"}