{"_sessions":{"Bdhuuaj4Ov/kaWEO9HDSVqN7Fit56Wv9dmx2LFgdQsQo":{"registrationId":1270988899,"currentRatchet":{"ephemeralKeyPair":{"pubKey":"BXvHhcagzVnCCcR7WEkIget/jz8Ew1c6A22l1QNtvDIn","privKey":"yPKr1GWBOitpa8OEO8YCKkWIpU5lp9OF1+44T1eDZ3c="},"lastRemoteEphemeralKey":"BZLyU4NB7ICjb1ZegLulYASuzCzQAhFW36Bgk0WCRPpc","previousCounter":0,"rootKey":"e7N7FmMuLzdd7Opl9Q3DCVGB2lfQmohpq0B/VC5eTWg="},"indexInfo":{"baseKey":"Bdhuuaj4Ov/kaWEO9HDSVqN7Fit56Wv9dmx2LFgdQsQo","baseKeyType":2,"closed":-1,"used":1760107313749,"created":1760034169326,"remoteIdentityKey":"BXPWjqf/11nwUAcAnpwRse3k3hVRU+t/4JV4RMbSwmY4"},"_chains":{"BYKX91QU7Bd24X+vCqlkccvtzAygU8UyvWpUz1dDK7Z/":{"chainKey":{"counter":1},"chainType":2,"messageKeys":{}},"Beee4rAG21AKFMNV1VR2QSBWIxh23GONGForhj4wB440":{"chainKey":{"counter":0},"chainType":2,"messageKeys":{}},"Be+wI3/i6TvUIfbRCwb211CmhJHalRE0+Rg939sFeUp9":{"chainKey":{"counter":0},"chainType":2,"messageKeys":{}},"Beqj47pgGSZI8Hcbi3hK4O1n7/mVQ2tcNMnRazT62bcj":{"chainKey":{"counter":0},"chainType":2,"messageKeys":{}},"BXnCdsli6ob6kQiEKgfqeX97vXDprE7wkHFwqrzCuWoc":{"chainKey":{"counter":0},"chainType":2,"messageKeys":{}},"BWpRdOXvy0wXllkYrusp/hUaFW7LLkczM3aVBi//uZBD":{"chainKey":{"counter":0},"chainType":2,"messageKeys":{}},"BaEEofDUD3gw//Saf0Fjx8hDnWjVK2ZwzFL3oFW3Sh1j":{"chainKey":{"counter":0},"chainType":2,"messageKeys":{}},"BYw+zMOZr+jJpcjDomgBaFVdc9m/essfMcz5ynRQBSlm":{"chainKey":{"counter":0},"chainType":2,"messageKeys":{}},"BTnuD4hDOecDcYRrc57S6UbEr5EiC2Eag0XDDhBLbvYF":{"chainKey":{"counter":0},"chainType":2,"messageKeys":{}},"BWotZ6d0gZGLWR8msSMHFz2YLINWAN5jwb4vxKjcNl50":{"chainKey":{"counter":0},"chainType":2,"messageKeys":{}},"BV1GmLu556qOwuZbowKNH47w+NXbX8Jtizyff53bLU0l":{"chainKey":{"counter":0},"chainType":2,"messageKeys":{}},"BeMgxz57VO0uKUA2Q9axrx+b16txLtP77XcIBIM9MbxS":{"chainKey":{"counter":0},"chainType":2,"messageKeys":{}},"BV6GNoKVrkAJctR5YHp15gC7mqyQ+fsK9F8GXkJTMhB4":{"chainKey":{"counter":0},"chainType":2,"messageKeys":{}},"BVbFFKHdumbWsp7Jt/448akJzEHaGn5jL2uAnvVzW7N3":{"chainKey":{"counter":1},"chainType":2,"messageKeys":{}},"BTyVTgO/S8gxtahIQsG7l+0c6je1POdgB5iiFehzkAoA":{"chainKey":{"counter":0},"chainType":2,"messageKeys":{}},"BSj1k+oKqthqgp3QlpAsEkPky72fVmjZg1uXTzA2RP57":{"chainKey":{"counter":0},"chainType":2,"messageKeys":{}},"BcK7oU3k3shkIZ2uw3ctE9fK1r5OmKji/WzByg+yG4xK":{"chainKey":{"counter":0},"chainType":2,"messageKeys":{}},"BVFDpVU6D6gyiWbetzvTlqbg76vVlawKL7DvsI+G2QBM":{"chainKey":{"counter":0},"chainType":2,"messageKeys":{}},"BQ9YFn1C+SeBki2zNQxkcZ04cL/a6+O7b9h5kG5q87wn":{"chainKey":{"counter":0},"chainType":2,"messageKeys":{}},"BXZ559ES4zSrNjDD1oGhDFWHojsbJ8GVgJDcNeLbAiNu":{"chainKey":{"counter":0},"chainType":2,"messageKeys":{}},"BTVmdGgD2cRKfd/Uekb2aqLQlt4Q786rvCqeh6Im9ow8":{"chainKey":{"counter":0},"chainType":2,"messageKeys":{}},"BSQC9uCgrPYviogFio3arifd0i1eSh6aelw8/z18PIta":{"chainKey":{"counter":0},"chainType":2,"messageKeys":{}},"BTqwJhNu3cStA6x64bnRYz5XVCbNFSxE4EmM8S+rVcwA":{"chainKey":{"counter":0},"chainType":2,"messageKeys":{}},"BTqGddrXBwqZwNrqQlG9ZaFqMJUsGMI6Fsu8aa0hwAJ8":{"chainKey":{"counter":0},"chainType":2,"messageKeys":{}},"BQeR9D47hhdbg9QPRwAWm9vtk2w/Fc3wOgOGE0CMBr1L":{"chainKey":{"counter":0},"chainType":2,"messageKeys":{}},"BdQPmPB05wSp5TL8mMnWKiHru3Z9aYO6EsbVbH+T0Etn":{"chainKey":{"counter":0},"chainType":2,"messageKeys":{}},"BQpzPpfirAwnlGyg/hHtSXyx51U2s3ialn9hA5/m/DxL":{"chainKey":{"counter":0},"chainType":2,"messageKeys":{}},"BX/aqRrQ3H0SVR5kPMdDyVTUcIY6G1AdaTxKrdRGzHsq":{"chainKey":{"counter":0},"chainType":2,"messageKeys":{}},"BZLyU4NB7ICjb1ZegLulYASuzCzQAhFW36Bgk0WCRPpc":{"chainKey":{"counter":0,"key":"3us/hKoTHKj8inMWP/qgfeh6Jg8CZPtrEjo/gTjSWYs="},"chainType":2,"messageKeys":{}},"BXvHhcagzVnCCcR7WEkIget/jz8Ew1c6A22l1QNtvDIn":{"chainKey":{"counter":5,"key":"udKE7fq638tG+N8EPLHGqw+h39DBUoBi3cQT9tOzgU4="},"chainType":1,"messageKeys":{}}}}},"version":"v1"}