{"_sessions":{"BTeLxLXWWsOpJSL6DSOr2TlzEYipI9yOwca98gbruFc6":{"registrationId":610844190,"currentRatchet":{"ephemeralKeyPair":{"pubKey":"BUrGI76i2M8A4v1705Xn/zkvwgNvJpBkVrzUkDXHEg9+","privKey":"eMPYalWjTQ31AojRXq40zGyYSrelZCM5ALRHOsq36k8="},"lastRemoteEphemeralKey":"BRVazxQ9R0G8SrZXKmBp47+huiDHyrhKowMbVTQog+N1","previousCounter":0,"rootKey":"jM+dd2JBXtAPxXVCOSbUcvfI+qj44xFdhlfnqY4mRC0="},"indexInfo":{"baseKey":"BTeLxLXWWsOpJSL6DSOr2TlzEYipI9yOwca98gbruFc6","baseKeyType":2,"closed":-1,"used":1759338637623,"created":1759338637623,"remoteIdentityKey":"BU0bKGiq4FPeJdSAyRT6axp/ifIh/WHQ//1dBafiYzdR"},"_chains":{"BRVazxQ9R0G8SrZXKmBp47+huiDHyrhKowMbVTQog+N1":{"chainKey":{"counter":20,"key":"czj7zf5u8vbUp4HVrRicw/JMATV9Tc31rLOuIj7rDZo="},"chainType":2,"messageKeys":{"6":"GBMLGjwI9+043Mcj4t2sm6lLK4Q3+ieMlxP5nRKWvGk=","7":"F8WVbedRFneqTScaXnRW/RY6DhDJfr7X9Rv/b5B/MHE=","14":"YvMfAtdzd3A/t+q6E+1qLtjQ4/1oEvxhosE3oCb1kgo=","15":"gwT+4Bzp0/m+KSNe4XvdcFJrv9cHI+HzoY7zfcjX9Fs=","16":"3UxL5qK18HMIjgYB9IbLwZvgVSo5A64c9qAnIplwV+U="}},"BUrGI76i2M8A4v1705Xn/zkvwgNvJpBkVrzUkDXHEg9+":{"chainKey":{"counter":-1,"key":"a8jvIYBTHe1c5QyWd/qsqa7sIv9iojYS7+z+hug6SPk="},"chainType":1,"messageKeys":{}}}}},"version":"v1"}