{"_sessions":{"BWvfZq5oL2vPfvp/rOK8QDcVlopELfY8vBpBk039/dlL":{"registrationId":1278966737,"currentRatchet":{"ephemeralKeyPair":{"pubKey":"BY/Jy8LaLpKeHr8hnXbGEdJ9SIJrdR4h5L9BLjl9gJxG","privKey":"EAWvSQ4flYYM5OWnAIL8PoJULWxUYNt2Xv2250rKX2Q="},"lastRemoteEphemeralKey":"BZ1bdnXYlOixD1b74UIaYczbnzJklKNaMFMmCGAh1uMH","previousCounter":4,"rootKey":"xTRgBVeBxTmI39Du4Y3iyeOyUZ8bNqOdKcfAMednUic="},"indexInfo":{"baseKey":"BWvfZq5oL2vPfvp/rOK8QDcVlopELfY8vBpBk039/dlL","baseKeyType":2,"closed":-1,"used":1765934824309,"created":1759325630503,"remoteIdentityKey":"BY0hTNQle2h2pVf7RE+TFhbEChRVHcLk1hN7z2dApt5D"},"_chains":{"Baxtk49USY6Z88ZLVDOmmIBmMnIHXIYp0PGlmEsmLMdx":{"chainKey":{"counter":6},"chainType":2,"messageKeys":{}},"BUuuN1/Jp/Z/9lJLCw/RwRSB4P4JbyxV+koI/Low6EF1":{"chainKey":{"counter":0},"chainType":2,"messageKeys":{}},"BW2L4eKqtWBWPkvojG4ZW74dbKWZXYiJnQa55XNByMhn":{"chainKey":{"counter":0},"chainType":2,"messageKeys":{}},"BaK7wXrNJDygDKa/AbOZxBHe24BW1953+df2AwJPXSxf":{"chainKey":{"counter":0},"chainType":2,"messageKeys":{}},"BfyJbl5MlSiFry/va1ICO7NCrX+/ulZmSPmqpMd7G6xR":{"chainKey":{"counter":0},"chainType":2,"messageKeys":{}},"BbWRcXvzqevEZ7Mc2yNXOENXolPP6n5BumUrhkoqdlV9":{"chainKey":{"counter":0},"chainType":2,"messageKeys":{}},"BcK89VKWySHuMqzpfcmheBvOd0SOCwj0XduThubx6KB5":{"chainKey":{"counter":0},"chainType":2,"messageKeys":{}},"BbnWpRvcr/KH3t/zXVnKQp8+jgLRWXFtS+bhuz38eDJA":{"chainKey":{"counter":0},"chainType":2,"messageKeys":{}},"BaNfVC//9peP2rpLtmC98aFF62Y5jnX5FvZJTk438rds":{"chainKey":{"counter":0},"chainType":2,"messageKeys":{}},"BT3QG8F9QBOuUoas57wGcrhzfzc1dMkHJfVuSkvnkT9b":{"chainKey":{"counter":0},"chainType":2,"messageKeys":{}},"BQI/1hC7Sf9T0InS3DNgY4AXM4ncTDG9y0oaYV6zZic7":{"chainKey":{"counter":0},"chainType":2,"messageKeys":{}},"BcPjid4kQaHdPoNJimuCF7S6tt3xs+RRiqXssrMsgSgZ":{"chainKey":{"counter":0},"chainType":2,"messageKeys":{}},"Bb5mbAbWTKa90fcQnkYMJrrKPE2k24H+Iqc6xKdz7JRZ":{"chainKey":{"counter":0},"chainType":2,"messageKeys":{}},"BejoQe3M1HoRolA3a6PPrdvN2/fzYiRk8nfqq2yEqUYx":{"chainKey":{"counter":0},"chainType":2,"messageKeys":{}},"BVTEfWtINoBHHWWHHMAu+Wcyfvzo+noqJPrxpUxn02Ah":{"chainKey":{"counter":0},"chainType":2,"messageKeys":{}},"BWqoL9EHyxN9zAU8cYyWyBm3mqmlVkmeVikzSHFBMWw5":{"chainKey":{"counter":0},"chainType":2,"messageKeys":{}},"BRHFHPe5gE/rk/HL75i5+0ilaQpRnCJIJAriBxVD3XZd":{"chainKey":{"counter":0},"chainType":2,"messageKeys":{}},"BfLQQLMcT5xcA/QY7WHZx4OC+ved0KlF0SrzhFe4tbA4":{"chainKey":{"counter":1},"chainType":2,"messageKeys":{}},"Beq24O8vA4EyL+YczJ1BuYwchmbFobdmQZzTSXgyo7B/":{"chainKey":{"counter":0},"chainType":2,"messageKeys":{}},"BVxOFr7VIt7z3SmdzwkeYp8UW4LuO73BHL2f0W6wj9YB":{"chainKey":{"counter":0},"chainType":2,"messageKeys":{}},"BcjHWNCsxgn7feI91QFcfXnrzCNAa0sN7hph2cEG2Jd8":{"chainKey":{"counter":0},"chainType":2,"messageKeys":{}},"BYytlj5JxbbXAlaUrcXoF73ZoEJC9S3qHuDtAyy75woJ":{"chainKey":{"counter":0},"chainType":2,"messageKeys":{}},"BVQozadLL378JX9bZ74n8DQ/XXuSyfLrVSPUEg1dE20e":{"chainKey":{"counter":0},"chainType":2,"messageKeys":{}},"BSYhjS/03xD2kn1bWmFAgaglg6VRLsjRpwJsfQYhghku":{"chainKey":{"counter":0},"chainType":2,"messageKeys":{}},"BaoxN429W2/CgGsX/e/s6oSfq8SKFQBTLGzyssot1mY6":{"chainKey":{"counter":0},"chainType":2,"messageKeys":{}},"BYPDBaqssGla1e/PZhwQCtgqBSS34x6n7t7PDrv2/jBr":{"chainKey":{"counter":0},"chainType":2,"messageKeys":{}},"Bf+ZjZP1ghBFoXm0dEblMElfa+oC1id0RYQAnvYCfnR9":{"chainKey":{"counter":0},"chainType":2,"messageKeys":{}},"BRKXJkg+lJkdQyh4eN3jCn5aLbBFCrJOkll+1zrEVAZT":{"chainKey":{"counter":0},"chainType":2,"messageKeys":{}},"BXqJYSuqtT26QPFFEWTdzCUMNM+xPXJojnvAxQEuCBdE":{"chainKey":{"counter":0},"chainType":2,"messageKeys":{}},"BR+cvxa+Q1hnnEJbwNAUOYFlhhsNWjJrFhYbTapr4CYh":{"chainKey":{"counter":0},"chainType":2,"messageKeys":{}},"Bf7X1tm4ky/7//qlDo2JwvFj2S+uIwkEpVABCnh6lPRS":{"chainKey":{"counter":0},"chainType":2,"messageKeys":{}},"BcX3/nDKo1NOYBPCnNDTbG6fUiZSntUyo7cYIhBgTJ1J":{"chainKey":{"counter":0},"chainType":2,"messageKeys":{}},"BXYxWKcFsTNwys38SZLVFn2L22GUIedr6Ck1CvApvdVL":{"chainKey":{"counter":0},"chainType":2,"messageKeys":{}},"BYthiGSo3nRDzHvNrU3fyIAtOHNR/eK/DjxZSWXw2/NY":{"chainKey":{"counter":0},"chainType":2,"messageKeys":{}},"BRIqxk6ovNk1RTE5bsVaiqX5rSDAGQWaM5WvC92XEV1H":{"chainKey":{"counter":0},"chainType":2,"messageKeys":{}},"BbBGiyz3RTCjXpW5y/CyJZLhI61SqSyS2yRIwN1UWKYt":{"chainKey":{"counter":0},"chainType":2,"messageKeys":{}},"BQyrlxnhduiAONA40gMdfxhVXFvWGCovSd5k87mJ9PcQ":{"chainKey":{"counter":0},"chainType":2,"messageKeys":{}},"BTpKLhiC+HjGahBk1QYvRA8/v69F7R6qP3qslBWTPMoZ":{"chainKey":{"counter":0},"chainType":2,"messageKeys":{}},"BXcEQ+tULj/ykvyBHJ3zz8fOE/jgr+I3DAsMvS9LxQdA":{"chainKey":{"counter":0},"chainType":2,"messageKeys":{}},"BZEzgGbDWt6Iq12NBIToiViSfO++lChL2AlTSXAkoLIf":{"chainKey":{"counter":0},"chainType":2,"messageKeys":{}},"BXcig1xKmpv8sfzT/ZzRKbh0mnyqJ0CEIugm/SHrTMMY":{"chainKey":{"counter":0},"chainType":2,"messageKeys":{}},"BTZdnkOmhgRIooap6HAAslh62d316pJm1pSCNEFb5LV2":{"chainKey":{"counter":0},"chainType":2,"messageKeys":{}},"BZUJKGrkFvBpxa4EYD5SLeuOQHzNvcfiXwj4KtVvPgVB":{"chainKey":{"counter":0},"chainType":2,"messageKeys":{}},"BaXVNQAMWjWgufZ5zVRho7TX63oZN0CUkM5ww+JJMm9T":{"chainKey":{"counter":0},"chainType":2,"messageKeys":{}},"BftDpBn1se09updviBfn83dXzZaH0S1PmT/Ac6eKwNhY":{"chainKey":{"counter":0},"chainType":2,"messageKeys":{}},"BRJTRU2iyfnwIreLRlYdzS6St1hoqSsOjVscLQjUND05":{"chainKey":{"counter":0},"chainType":2,"messageKeys":{}},"BRfq1SdbnFvaHMaYNobe59JNy4lhxNce8d0+ck2ARwYu":{"chainKey":{"counter":0},"chainType":2,"messageKeys":{}},"BUTKXW7ezA0Kn4e/Sfou07ABZdTYvlePPQq8dgxudWU6":{"chainKey":{"counter":0},"chainType":2,"messageKeys":{}},"BTpcUtbEEwhU5nsxtIkSKseY+13mZAfI0h6pPfVAT3Y3":{"chainKey":{"counter":0},"chainType":2,"messageKeys":{}},"BfqnGWRlR+d19NI+V8UwMzt6Lm+ojNNfJCz4uWlqdOxV":{"chainKey":{"counter":0},"chainType":2,"messageKeys":{}},"BYnYa1o1mIXRcsw8G2woU2Ev/VqMDFVY59n093l7DHsf":{"chainKey":{"counter":0},"chainType":2,"messageKeys":{}},"BRXU7aWNxNx1OX4LJk096dEIj2GBdx+sts1n1PKccwEg":{"chainKey":{"counter":0},"chainType":2,"messageKeys":{}},"BR1g4m2cre1UgRPL4LvadISEFroitFiRShIci1YWTrt9":{"chainKey":{"counter":0},"chainType":2,"messageKeys":{}},"BefqagB9xOBPfsNdBOyC3x7IZM/FCfzBf7KTNBQ2JBwr":{"chainKey":{"counter":0},"chainType":2,"messageKeys":{}},"BaFjv5gL6pJY0opBL1kFOLjpiQXSo4dOYgeJJlPnvcgm":{"chainKey":{"counter":0},"chainType":2,"messageKeys":{}},"Bf1euS87c08sulStJXDqepi9CA1iImQBXelPXsc0sn0u":{"chainKey":{"counter":0},"chainType":2,"messageKeys":{}},"BZoDyJkq0cYEqJK8dTJ42Kkd6ZwL2Jhod3HcHuBS3kRr":{"chainKey":{"counter":0},"chainType":2,"messageKeys":{}},"BbRpZHPLJw6kOtT2vEZqWO1BEcbiBCoYsBctgM42Y31d":{"chainKey":{"counter":0},"chainType":2,"messageKeys":{}},"BbjgI/5iwuUXLobuCEQbJyA3a7VO1itTW5m6uYECTCVM":{"chainKey":{"counter":0},"chainType":2,"messageKeys":{}},"BQ/EgE6rbzrKWiaARjzOkRm+jd84eWu6E6MC/XmzhKxy":{"chainKey":{"counter":0},"chainType":2,"messageKeys":{}},"BTaW4HnSmR5H20oSnupBtwLpKinam8yvXrY+ujhmpodf":{"chainKey":{"counter":0},"chainType":2,"messageKeys":{}},"BcanzLbdA5PnyPqABl5YhEfGjQZPYpyoekOLht+ypdRL":{"chainKey":{"counter":0},"chainType":2,"messageKeys":{}},"BUttouPkX7PIwzPqK5ICKS3qfixSoAVT7xU/WN6yfxJO":{"chainKey":{"counter":0},"chainType":2,"messageKeys":{}},"BfeWZfIjOfSDJOyFeGfBDzyTZF3pV3gQCn2GXFl7pFZt":{"chainKey":{"counter":0},"chainType":2,"messageKeys":{}},"BZgtKrc9ZlHHliu1dMwFyHDOhiQIR2m93kMDrAu/BQ1w":{"chainKey":{"counter":1},"chainType":2,"messageKeys":{"0":"31JG7v7it7kq3rtKeP4kqFnSGSjvkP5auHjbTxe2xpc="}},"BUAsIJdmTzwCUjXN61tndsisfsEMLP3G1d6H5Z/RkIZO":{"chainKey":{"counter":0},"chainType":2,"messageKeys":{}},"BWOpFVxK2SGyFu1+rXUfOWH8kz0uVc79SJbE5gLXnp4u":{"chainKey":{"counter":0},"chainType":2,"messageKeys":{}},"BTdwjivKsK8e0vpeoAWq2M3Im08XVU2PRywdbyujG1Qc":{"chainKey":{"counter":0},"chainType":2,"messageKeys":{}},"BRC+2xJoXyrO8xoUyrKje46zySn69GlHZXGr+S1ClFZV":{"chainKey":{"counter":0},"chainType":2,"messageKeys":{}},"BaSpjjifsMouthf+g/NtE+pBpMax9chDnejVNqIhA99m":{"chainKey":{"counter":0},"chainType":2,"messageKeys":{}},"BQmfb4VbBW3JQaORPoIrr7Exh5wRIxnyVrI877Az05ZF":{"chainKey":{"counter":0},"chainType":2,"messageKeys":{}},"Bfy3PPYJcso+BDA/Gbyo2kCE99g65LHVAp1uLsateX42":{"chainKey":{"counter":0},"chainType":2,"messageKeys":{}},"BQo6IRpuyzDufPEKY88DvMc8sTobOb0M1JAyW2iKFMkx":{"chainKey":{"counter":0},"chainType":2,"messageKeys":{}},"BTfgXa60TXe0llH3bI+v6ELmmFMe9HcHEKS3+RleNwBE":{"chainKey":{"counter":0},"chainType":2,"messageKeys":{}},"BQcMkVwjc+CVeYvZfhiP8VG3/tUv2qJjGMLDJmcZeXMf":{"chainKey":{"counter":0},"chainType":2,"messageKeys":{}},"BUbCdonxivf8mW3m8pvl+XMV5Lb0KwuaSnggXSeQxEQ/":{"chainKey":{"counter":1},"chainType":2,"messageKeys":{"0":"DoF8KL8YB6irHEecWtW0NgwutBdi3uKmd/HLz4Jf0CM="}},"BeNkTJxMSwgt2WbOrGycbh5hgsV25/lAwerRiLVFRp17":{"chainKey":{"counter":1},"chainType":2,"messageKeys":{"0":"CywCEYgwoN2uQYXtkFmu3DKuUx4hFXOJC7UkrC0hvSc="}},"BfMISCGIgMydlYqeJbnvJ8Wba7BswnYpmoWAA/vfpkZd":{"chainKey":{"counter":0},"chainType":2,"messageKeys":{}},"BWz8FqRvFhBGgxEV2nHv4wSl+uz4mJIZZwOnf7saGtYH":{"chainKey":{"counter":1},"chainType":2,"messageKeys":{"0":"+xaurYXnGJfZcXo40jayLyeL9kXnrrMicmaJWTOjYnY="}},"BXM+csBthidowdYRpZo6CABQTWNfm9VSr9ww44pYNIEJ":{"chainKey":{"counter":1},"chainType":2,"messageKeys":{"0":"vVkMPIs04uMkJmJwBbgrsSX7E4CnNaLR1iNE6DqjJEg="}},"BSgdIS9ITyKAoGZwxiUUfrvKlUL48AfCclYKd034VTxs":{"chainKey":{"counter":0},"chainType":2,"messageKeys":{}},"BX9dFj8jg/dCE+IrSOA5g34XngfuMYVE1pJMZpU/zr9p":{"chainKey":{"counter":0},"chainType":2,"messageKeys":{}},"BeA2u8TtmMAED34tThKAexHlQ/2+RKYcH3w2jt2K7pxL":{"chainKey":{"counter":0},"chainType":2,"messageKeys":{}},"BbwT6xSA4b/RQ2yBs4rNjE4NznpB+NswlEP03t9Upyoi":{"chainKey":{"counter":0},"chainType":2,"messageKeys":{}},"BZ1bdnXYlOixD1b74UIaYczbnzJklKNaMFMmCGAh1uMH":{"chainKey":{"counter":0,"key":"tAnKSNDwB1ZcygPABrpNuGET8XCx1UMYXtB8pREYJV0="},"chainType":2,"messageKeys":{}},"BY/Jy8LaLpKeHr8hnXbGEdJ9SIJrdR4h5L9BLjl9gJxG":{"chainKey":{"counter":1,"key":"jp6gcc/kn0gvvnV8AigbIB1UHjz7D7BSaGFNfee7fgg="},"chainType":1,"messageKeys":{}}}}},"version":"v1"}