{"_sessions":{"BbdQA4fgteU8Zw56C7W+52al6KU65JyTufdZna33fZg1":{"registrationId":1932887564,"currentRatchet":{"ephemeralKeyPair":{"pubKey":"Bbf3iKy5hmnUoqaFwXO8xksw0QR2rnWtYTBkuLF8MNQO","privKey":"yGnJ+tfWuyuVeFHgwavcfNbezyr/RE9mOPLOJYJ7ymY="},"lastRemoteEphemeralKey":"BZRzpi3cmwrDsgoQAW1floShyChH71ek4JExLSm1Lq1K","previousCounter":0,"rootKey":"i4o2bEmUq8MzeKfvnQMojGIbHN+eGZFRG1gugc74jnU="},"indexInfo":{"baseKey":"BbdQA4fgteU8Zw56C7W+52al6KU65JyTufdZna33fZg1","baseKeyType":1,"closed":-1,"used":1759407695884,"created":1759407695884,"remoteIdentityKey":"Bc7pxPFep3h/uPFtNz5/CNr+hhle7cW9OdlO4YYx/Slz"},"_chains":{"Bbf3iKy5hmnUoqaFwXO8xksw0QR2rnWtYTBkuLF8MNQO":{"chainKey":{"counter":15,"key":"SxCKIRRN5aJxaxtP97WlCv4Fc2qW/6dyhUMwcrj75Iw="},"chainType":1,"messageKeys":{}}},"pendingPreKey":{"signedKeyId":0,"baseKey":"BbdQA4fgteU8Zw56C7W+52al6KU65JyTufdZna33fZg1","preKeyId":1054839}}},"version":"v1"}