{"_sessions":{"BR6RCOpF2m+wn7552pPqej2FhImPhM1eA+o+DfRWCxA2":{"registrationId":1428584978,"currentRatchet":{"ephemeralKeyPair":{"pubKey":"BcJM43bY0PuBe9RYNazdxCkOK6wt8mZ/n/Ae8d+XpMBc","privKey":"uJbvPSNTKN5k/tdXGeFehuIqJeVIKg994hD1yEafFFk="},"lastRemoteEphemeralKey":"BclT1Fn73GODDeUay6NU676EXV1j8+t6fp+QhGhV1M1B","previousCounter":0,"rootKey":"uYsf2Dh4T4T6UtgFXEnNugWCw4WlN2b3oGURbmcvlzI="},"indexInfo":{"baseKey":"BR6RCOpF2m+wn7552pPqej2FhImPhM1eA+o+DfRWCxA2","baseKeyType":1,"closed":-1,"used":1759410122857,"created":1759410122857,"remoteIdentityKey":"BQFXzsQEpb4qNBvKbhPBsQpMCfIfACWLFcdsmK/K0W9B"},"_chains":{"BcJM43bY0PuBe9RYNazdxCkOK6wt8mZ/n/Ae8d+XpMBc":{"chainKey":{"counter":0,"key":"FRZMUStEbL3yKE0POIEJQf7C3eSc0Tx+gGFgUSudxSo="},"chainType":1,"messageKeys":{}}},"pendingPreKey":{"signedKeyId":12,"baseKey":"BR6RCOpF2m+wn7552pPqej2FhImPhM1eA+o+DfRWCxA2","preKeyId":9164}}},"version":"v1"}