{"_sessions":{"BSzV2suCDXFUNJTp0go4i/P/5LSaHi6WCi4vX8psb+sJ":{"registrationId":2013038653,"currentRatchet":{"ephemeralKeyPair":{"pubKey":"BbmllRlmZXtuZoqMwbQDiITsOHyeBQjtNfj2Mqq+tl9X","privKey":"EC6r2WVHO4DUUfOCBx8P/RvemQW3a+cplLct5ew3oUE="},"lastRemoteEphemeralKey":"BauCZpgJSBvSdxOPZF0Kxl113XJ4sLvIqT5f1dpYZ8t7","previousCounter":0,"rootKey":"E0ocitSbeEC0xQ5weIVs+4pqlv1lQ2ybfT+MhZiBPW4="},"indexInfo":{"baseKey":"BSzV2suCDXFUNJTp0go4i/P/5LSaHi6WCi4vX8psb+sJ","baseKeyType":1,"closed":-1,"used":1759539340778,"created":1759539340778,"remoteIdentityKey":"BdQKHzpEA2HAisyzXrS9E0vcjz7ABxdLU/Hij2wR3K0g"},"_chains":{"BbmllRlmZXtuZoqMwbQDiITsOHyeBQjtNfj2Mqq+tl9X":{"chainKey":{"counter":3,"key":"rwqcx56P7CIXEF8opmaaqRSJlSwIO6yvNSDof6w4F8U="},"chainType":1,"messageKeys":{}}},"pendingPreKey":{"signedKeyId":4380923,"baseKey":"BSzV2suCDXFUNJTp0go4i/P/5LSaHi6WCi4vX8psb+sJ","preKeyId":16438}}},"version":"v1"}