{"_sessions":{"BSENqZl/knqm9l09gGq1sYPV6ssuJttyJXzHIX2yQMZH":{"registrationId":1809,"currentRatchet":{"ephemeralKeyPair":{"pubKey":"Bd711rnKYrSd3ZAErDYSgpNomWLnynSqzCBLGlHZTjQv","privKey":"SCRqzk9wUPRRnfKWQo8aBiXCR5N0tD+Pklj3sSk/DVE="},"lastRemoteEphemeralKey":"Bdxazi7IM1hsS+rPX5RuZl6xBp4B0auGuAKEkOb8SB40","previousCounter":0,"rootKey":"/BoJ4hjEzVtuqumEIdt2GWM/ZB1M1h3SUYiqGkDKOaQ="},"indexInfo":{"baseKey":"BSENqZl/knqm9l09gGq1sYPV6ssuJttyJXzHIX2yQMZH","baseKeyType":1,"closed":-1,"used":1759888779879,"created":1759888779879,"remoteIdentityKey":"BRjdk47vjEyzQMoIijzGNdnmrNylNUKUotJlEnq3C7N9"},"_chains":{"Bd711rnKYrSd3ZAErDYSgpNomWLnynSqzCBLGlHZTjQv":{"chainKey":{"counter":6,"key":"pIxGuJTCFL5040XsvLFGAi8OO3L+OTggwgAxU6Vtnvc="},"chainType":1,"messageKeys":{}}},"pendingPreKey":{"signedKeyId":1,"baseKey":"BSENqZl/knqm9l09gGq1sYPV6ssuJttyJXzHIX2yQMZH","preKeyId":769}}},"version":"v1"}