{"_sessions":{"BSnsw1Ccjuv8ub8lWWFHV3dL/e3K6kw4tVFk1DOWc1dN":{"registrationId":10945,"currentRatchet":{"ephemeralKeyPair":{"pubKey":"BR8hUXtlxAwnjvIUI3hwHd8UxwtK+iQoOxTdx+CoP/oJ","privKey":"2GtA7JteOckF4oaZdFU6CjS/E4fr+qR9vVGhrxtyXl8="},"lastRemoteEphemeralKey":"Be75NVyVu1bkn16dQvC6JYed74SudiAChjAWzUxmYaA/","previousCounter":0,"rootKey":"sywfOITQgnjYK2BtxrWMop/19Q4JxcfP84s+7mHdxE4="},"indexInfo":{"baseKey":"BSnsw1Ccjuv8ub8lWWFHV3dL/e3K6kw4tVFk1DOWc1dN","baseKeyType":1,"closed":-1,"used":1762687345394,"created":1762687345394,"remoteIdentityKey":"BUc2tHZmMgEe/zSbEW/5IaYnh8k3fivNrmfqt7OX7aAF"},"_chains":{"BR8hUXtlxAwnjvIUI3hwHd8UxwtK+iQoOxTdx+CoP/oJ":{"chainKey":{"counter":32,"key":"zSTbDCBqa5f6ihOHSUW+HY8BBKoQpuD4UV9nxIsW1Mc="},"chainType":1,"messageKeys":{}}},"pendingPreKey":{"signedKeyId":1,"baseKey":"BSnsw1Ccjuv8ub8lWWFHV3dL/e3K6kw4tVFk1DOWc1dN"}}},"version":"v1"}