{"_sessions":{"Be2SP5AdyPc6u/xtuCfZaWZVKJ8lqytt4OXeceITrfQ4":{"registrationId":408863288,"currentRatchet":{"ephemeralKeyPair":{"pubKey":"BVLD+vQ3kODw0QUt+axcmlvKu9p3wN5iUAMX91xZ42hN","privKey":"8LMKk9ABfW1b4fxCQFSzJxEH7tkDZ1pt+CEnrpWaS2k="},"lastRemoteEphemeralKey":"BdcCEFgKFzOurSb/0krIb7En4iZi2vnAxsbZkbOtsBc+","previousCounter":0,"rootKey":"+TporCG0I8j0+ggbqc9z5+qrotp9RTQpGkx28i6u5P0="},"indexInfo":{"baseKey":"Be2SP5AdyPc6u/xtuCfZaWZVKJ8lqytt4OXeceITrfQ4","baseKeyType":1,"closed":-1,"used":1759406219031,"created":1759406219031,"remoteIdentityKey":"BbQaOeyKTYEvrdA3zdhAUCR0KWC+3XBTP8krkaxHNr1H"},"_chains":{"BVLD+vQ3kODw0QUt+axcmlvKu9p3wN5iUAMX91xZ42hN":{"chainKey":{"counter":48,"key":"G/TDCbr4iKfXxhvzK8sMcURJpWha8hUkf8JejNuSWzk="},"chainType":1,"messageKeys":{}}},"pendingPreKey":{"signedKeyId":8,"baseKey":"Be2SP5AdyPc6u/xtuCfZaWZVKJ8lqytt4OXeceITrfQ4","preKeyId":6332}}},"version":"v1"}