{"_sessions":{"BU0X0LomZaWGb0f3Km5qY7p8dBg2VzWHlnX5w2vZo+Bq":{"registrationId":8883,"currentRatchet":{"ephemeralKeyPair":{"pubKey":"BZgR9FqQ/t3ZFzjGuMcx/EKGbPfSyWx7sKBBp/z+MjIk","privKey":"gMeCTEEuCuMY0YxdRINDst99LYQcnrUysK3mcCDOHU8="},"lastRemoteEphemeralKey":"BTTQtIv5/RNeWUZh/bPaJ1NSIo/W8si6i6fFC1lAyWA6","previousCounter":0,"rootKey":"zlzOrczUAqak1jgCz7ZRIp5qkE4pHN5IpEqJZhoiV2g="},"indexInfo":{"baseKey":"BU0X0LomZaWGb0f3Km5qY7p8dBg2VzWHlnX5w2vZo+Bq","baseKeyType":1,"closed":-1,"used":1759832152728,"created":1759832152728,"remoteIdentityKey":"BfBerex9N6kAInTtFojshHB/o9UnB/kq8ZMBlsuDNYAg"},"_chains":{"BZgR9FqQ/t3ZFzjGuMcx/EKGbPfSyWx7sKBBp/z+MjIk":{"chainKey":{"counter":19,"key":"YCMCM1NYIvbFguLlzf/gCjRoJ2VmtpbESoHhZyPYDd8="},"chainType":1,"messageKeys":{}}},"pendingPreKey":{"signedKeyId":1,"baseKey":"BU0X0LomZaWGb0f3Km5qY7p8dBg2VzWHlnX5w2vZo+Bq"}}},"version":"v1"}