{"_sessions":{"BdOYUQ9xoAJ6/2/JCqd5h9zVYB6qXwFiUA+1eYjcxecK":{"registrationId":20716410,"currentRatchet":{"ephemeralKeyPair":{"pubKey":"BVPJppKa/ARH9Qs63cNxM2lkz6tHfW2pwj+HkqeO2l5X","privKey":"CJFE4+oL647aaO303OlcXjPJJmgVnRQtETR6XjQD8mg="},"lastRemoteEphemeralKey":"Bajq97ByZ1CaWFOyummLCRmqOONGVnFn9pd1EAeSZtNB","previousCounter":0,"rootKey":"BHgnxH9HbUvL4vpvQex1dcmZNAOjyxBS+VbHh6FlcYY="},"indexInfo":{"baseKey":"BdOYUQ9xoAJ6/2/JCqd5h9zVYB6qXwFiUA+1eYjcxecK","baseKeyType":2,"closed":1765231397103,"used":1765231382919,"created":1765231382919,"remoteIdentityKey":"BYw4dEPFHXwx5o8EmljJeIWMyeitCz5JAU44KxZHgngQ"},"_chains":{"Bajq97ByZ1CaWFOyummLCRmqOONGVnFn9pd1EAeSZtNB":{"chainKey":{"counter":0,"key":"xEcpMwwR+bHNTzurls/FZvPAskJ4Q+jV/Zms3zLmWpo="},"chainType":2,"messageKeys":{}},"BVPJppKa/ARH9Qs63cNxM2lkz6tHfW2pwj+HkqeO2l5X":{"chainKey":{"counter":-1,"key":"Vj9lJd79NcRnfIrqgx/hcd6jsvWFmhVbCZM1q9LBNKg="},"chainType":1,"messageKeys":{}}}},"BU31iT+1bx/rQXNOQFhPGljtzPcA89rUydsR3iIciPgT":{"registrationId":20716410,"currentRatchet":{"ephemeralKeyPair":{"pubKey":"Ba8gQzWnFkn+g/1CN34tgl3nOdob3gCL4HXQFTj1W8ZU","privKey":"UK2j4Op6+IxHXHqsTsJJK6wN98l1fhiDRe6GZaC0+U4="},"lastRemoteEphemeralKey":"BeA1Ux4G7uMKU7wOUDdHasT71Fe/T9Iw+oi1zuCRKUZL","previousCounter":0,"rootKey":"gwr21jU4bm0zkR48D3GngpagNgyEC9sjYow5I2Z9vRQ="},"indexInfo":{"baseKey":"BU31iT+1bx/rQXNOQFhPGljtzPcA89rUydsR3iIciPgT","baseKeyType":2,"closed":1765231410589,"used":1765231397105,"created":1765231397105,"remoteIdentityKey":"BYw4dEPFHXwx5o8EmljJeIWMyeitCz5JAU44KxZHgngQ"},"_chains":{"BeA1Ux4G7uMKU7wOUDdHasT71Fe/T9Iw+oi1zuCRKUZL":{"chainKey":{"counter":0,"key":"x7Bkn9dF0ONDoISGq1Z8zGb01/Ozwogdkx0tykFdWUo="},"chainType":2,"messageKeys":{}},"Ba8gQzWnFkn+g/1CN34tgl3nOdob3gCL4HXQFTj1W8ZU":{"chainKey":{"counter":-1,"key":"fVWGzv815WlSoWfpizCZ3RDlhcXZMfSoPsZ4dgJUZxY="},"chainType":1,"messageKeys":{}}}},"BT//6Tzpp+hSfjiWV8xCpUuyT6P6HdGq2YcScb8XQHZY":{"registrationId":20716410,"currentRatchet":{"ephemeralKeyPair":{"pubKey":"BQRuvZ1UjakpkM5nZ6UubgS0BTns8wB+zogDaSOIRppI","privKey":"WK4Wgo5lfjVAbpQRjptuZA6rIJiQcrb/lRYxJERaeF0="},"lastRemoteEphemeralKey":"BUdEHQRreyzvPqYfPdvo0v9ezWOaA3eDGMEKDI/jHKxh","previousCounter":0,"rootKey":"BXB12zG1XizdLBQ5k6Jwgz3Kx3CjpfR3r8PdpA+G4N4="},"indexInfo":{"baseKey":"BT//6Tzpp+hSfjiWV8xCpUuyT6P6HdGq2YcScb8XQHZY","baseKeyType":2,"closed":1765231432441,"used":1765231410591,"created":1765231410591,"remoteIdentityKey":"BYw4dEPFHXwx5o8EmljJeIWMyeitCz5JAU44KxZHgngQ"},"_chains":{"BUdEHQRreyzvPqYfPdvo0v9ezWOaA3eDGMEKDI/jHKxh":{"chainKey":{"counter":0,"key":"ssIfPUEJoXWOb7DSO2JYg0i72JIlO2QysZKFj8YYkxw="},"chainType":2,"messageKeys":{}},"BQRuvZ1UjakpkM5nZ6UubgS0BTns8wB+zogDaSOIRppI":{"chainKey":{"counter":-1,"key":"mtLsB3QwwTlzOB1nvsEF87vmlmNoDiVvknn7i3fFjbM="},"chainType":1,"messageKeys":{}}}},"BX/0FNJtWHfnV8hy9y0GNYhxfdhD0rJo1jFr+cxgVuYs":{"registrationId":20716410,"currentRatchet":{"ephemeralKeyPair":{"pubKey":"BfYM4EGSegCtEVRSuLPl7zPaC4s7Ctc8S4O2ceBBar1I","privKey":"UDVB7YGaCPZ87CuQ4IUiCMXR54uH8Ufu62ss/0i8MHo="},"lastRemoteEphemeralKey":"BVgyLH3KRNjA3pvWh1G+qmY1UywGA5GwjGnrPOjzLDYI","previousCounter":0,"rootKey":"ay6POt79UQ8Zar8d5E/ILf/E7ecDTg4lKRacXqMNQK0="},"indexInfo":{"baseKey":"BX/0FNJtWHfnV8hy9y0GNYhxfdhD0rJo1jFr+cxgVuYs","baseKeyType":2,"closed":1765231447546,"used":1765231432443,"created":1765231432443,"remoteIdentityKey":"BYw4dEPFHXwx5o8EmljJeIWMyeitCz5JAU44KxZHgngQ"},"_chains":{"BVgyLH3KRNjA3pvWh1G+qmY1UywGA5GwjGnrPOjzLDYI":{"chainKey":{"counter":0,"key":"D1NGr8LH0JAmr6GGlOlCIjT2gDINSQBCqdSYPNo4EdI="},"chainType":2,"messageKeys":{}},"BfYM4EGSegCtEVRSuLPl7zPaC4s7Ctc8S4O2ceBBar1I":{"chainKey":{"counter":-1,"key":"1Qj6OtpYlJmXQaW7oEnGWCPWR/MdE3oVbEpuOeVDUJ4="},"chainType":1,"messageKeys":{}}}},"Bc+sqMvI81NP3PitvOzRBEk4JaZ5MXTvAFmSRWyeayoX":{"registrationId":20716410,"currentRatchet":{"ephemeralKeyPair":{"pubKey":"BfDXadkYtc7k+26yJiQJeBJnbI0pYSg0o4lgv2WKm6xG","privKey":"EEsQ5tfPPkfrd9CU4BRquJRKl0IKMM2JlgXmgl9DfEQ="},"lastRemoteEphemeralKey":"BZTGHd8ZpV7DXDpMgFXGRxqMqysXTyaP1A97DmoMTgEC","previousCounter":0,"rootKey":"Qm1bSbZku90GoqUy3sXQv6Up5MeyxmjJDU2VqhM/GTI="},"indexInfo":{"baseKey":"Bc+sqMvI81NP3PitvOzRBEk4JaZ5MXTvAFmSRWyeayoX","baseKeyType":2,"closed":1765231479984,"used":1765231447547,"created":1765231447547,"remoteIdentityKey":"BYw4dEPFHXwx5o8EmljJeIWMyeitCz5JAU44KxZHgngQ"},"_chains":{"BZTGHd8ZpV7DXDpMgFXGRxqMqysXTyaP1A97DmoMTgEC":{"chainKey":{"counter":0,"key":"4/ArNKkyadB7EwhvXgVwheZbaLkznhM8O//h4KAVEJU="},"chainType":2,"messageKeys":{}},"BfDXadkYtc7k+26yJiQJeBJnbI0pYSg0o4lgv2WKm6xG":{"chainKey":{"counter":-1,"key":"2FCdoRt+Rk9FjlCTcL7xb1f+TrW+IoG2HtqdqdLXIws="},"chainType":1,"messageKeys":{}}}},"BbnxgJg5/SygdjzVn1S2t9qwMkm+CKcRqiIkx03+vt83":{"registrationId":20716410,"currentRatchet":{"ephemeralKeyPair":{"pubKey":"BVflZISi4vjzy8ghclOwh3de7iKjGGNkJ+6vW1z82Upf","privKey":"gFUkOxIcJBteFIfHZyo4mmvmRQkb9AjzU32Z2axBLXs="},"lastRemoteEphemeralKey":"BU9i5dZZvYok0asTceyGIvKHMF1l/mWeJouGA4po9NNl","previousCounter":0,"rootKey":"853kvsJDcFJQ1pagQ/uuRf8eaoXekMUN0Oaum9g5sXE="},"indexInfo":{"baseKey":"BbnxgJg5/SygdjzVn1S2t9qwMkm+CKcRqiIkx03+vt83","baseKeyType":2,"closed":1765231503414,"used":1765231479986,"created":1765231479986,"remoteIdentityKey":"BYw4dEPFHXwx5o8EmljJeIWMyeitCz5JAU44KxZHgngQ"},"_chains":{"BU9i5dZZvYok0asTceyGIvKHMF1l/mWeJouGA4po9NNl":{"chainKey":{"counter":0,"key":"2GIYN7hX5dCXAY4Nc1OVWGkwQ2zJeUVZmx99IiF6MbI="},"chainType":2,"messageKeys":{}},"BVflZISi4vjzy8ghclOwh3de7iKjGGNkJ+6vW1z82Upf":{"chainKey":{"counter":-1,"key":"2TbPPMnRnBqbe6+Z17JPQstEK1WP6S2p1CrbQIf9AY4="},"chainType":1,"messageKeys":{}}}},"BXBtWOsA2oZVfhiBl7hF20wRnZfejIR8EyH2O/dCLZJE":{"registrationId":20716410,"currentRatchet":{"ephemeralKeyPair":{"pubKey":"BWQFxH80BjZreaSbHZQ1/EO8cCrDWPv8KUQqQwfiYi8h","privKey":"QPJd+x7iUCxrTWTa4HhDO3FQU9A6Vx2OFpxrspcIen0="},"lastRemoteEphemeralKey":"BYRW+T/pMnd868783EwAYzGY3kKIR+Q8nE9eeu4lbXtL","previousCounter":0,"rootKey":"ZoGIakHauijHptmIOGa88nNhUUACFRYNZ0WQoMkIujM="},"indexInfo":{"baseKey":"BXBtWOsA2oZVfhiBl7hF20wRnZfejIR8EyH2O/dCLZJE","baseKeyType":2,"closed":1765231524727,"used":1765231503415,"created":1765231503415,"remoteIdentityKey":"BYw4dEPFHXwx5o8EmljJeIWMyeitCz5JAU44KxZHgngQ"},"_chains":{"BYRW+T/pMnd868783EwAYzGY3kKIR+Q8nE9eeu4lbXtL":{"chainKey":{"counter":0,"key":"QGzZciemAfo7FknyzS66Ue3qB3bULkP0NMybpYB/qjU="},"chainType":2,"messageKeys":{}},"BWQFxH80BjZreaSbHZQ1/EO8cCrDWPv8KUQqQwfiYi8h":{"chainKey":{"counter":-1,"key":"Ziq1/K8TjLQIMq814AkyEx8z1mNucwJWUsP/QdeScog="},"chainType":1,"messageKeys":{}}}},"BW2a8qicVzeVly+ooJzcV6GjNdKCEbh+wQ1jLfI6h5UM":{"registrationId":20716410,"currentRatchet":{"ephemeralKeyPair":{"pubKey":"BXJSMv4vViW4IbN8BQYpKsvLjnkkrnhTJt6gEsBe8asX","privKey":"YEh0bcSc1jINSUANIu7Nf/jfOWFx8rJtgZ1JfRC9rW0="},"lastRemoteEphemeralKey":"Ba/VmoKW/gmlxrrtqfC/HEhrmSl1D2FL9aLbx1Eef7ID","previousCounter":0,"rootKey":"wAZsP+0cFx0lFWVpnVR+PFzNk1GNmdPZyJi5IFeJp8I="},"indexInfo":{"baseKey":"BW2a8qicVzeVly+ooJzcV6GjNdKCEbh+wQ1jLfI6h5UM","baseKeyType":2,"closed":1765231550602,"used":1765231524728,"created":1765231524728,"remoteIdentityKey":"BYw4dEPFHXwx5o8EmljJeIWMyeitCz5JAU44KxZHgngQ"},"_chains":{"Ba/VmoKW/gmlxrrtqfC/HEhrmSl1D2FL9aLbx1Eef7ID":{"chainKey":{"counter":0,"key":"b2hqINJfD3BjC7rvmEQPrlyxzpXYUwOy9qKoZaVQLbA="},"chainType":2,"messageKeys":{}},"BXJSMv4vViW4IbN8BQYpKsvLjnkkrnhTJt6gEsBe8asX":{"chainKey":{"counter":-1,"key":"BxAQk+4F6xprq3iQlJUVCmBaWGzAY9uFIRZd6H7DoGM="},"chainType":1,"messageKeys":{}}}},"BUmc30C8fsgYbdY2Z1tNcLTl8xX/StUZ4xnlCF9n08Ae":{"registrationId":20716410,"currentRatchet":{"ephemeralKeyPair":{"pubKey":"Bcx8N0VbkU38x+UXYvv9QFcApkUgNIiun1FgOGnFMJIm","privKey":"gFtU26dqY/L9efgYUQfe+qWywgkU/orSga8mQBzaQm0="},"lastRemoteEphemeralKey":"BeKJ/ejEi9n+0cd7p1e5sfTkXJNlL1jr+lVALHwTUCBn","previousCounter":0,"rootKey":"Zfzx1M0orn02JwjWn0iikN9K1pvVF04u6c3BaGCER9E="},"indexInfo":{"baseKey":"BUmc30C8fsgYbdY2Z1tNcLTl8xX/StUZ4xnlCF9n08Ae","baseKeyType":2,"closed":1765231590724,"used":1765231550604,"created":1765231550604,"remoteIdentityKey":"BYw4dEPFHXwx5o8EmljJeIWMyeitCz5JAU44KxZHgngQ"},"_chains":{"BeKJ/ejEi9n+0cd7p1e5sfTkXJNlL1jr+lVALHwTUCBn":{"chainKey":{"counter":0,"key":"XOfbXNiYGTq7v8lwawZ6clTPOTCt+0Etn0hX6vbZ3bs="},"chainType":2,"messageKeys":{}},"Bcx8N0VbkU38x+UXYvv9QFcApkUgNIiun1FgOGnFMJIm":{"chainKey":{"counter":-1,"key":"OP563pEGn1kH1dRz1HBaBJMuSLyiykb0fA3XeSzf52w="},"chainType":1,"messageKeys":{}}}},"BTNZXGNVcjWnMH7aqP8vxOvB1zGgc5S2tl7hRnTQm8pl":{"registrationId":20716410,"currentRatchet":{"ephemeralKeyPair":{"pubKey":"BV2gVsPDnN4bJ6ESaMrEqfCscwGG1oI3w/9K9TkWprVp","privKey":"4CMAmMURW4DzT16Qe4U4Ny7dm6IepsAXSTbd9UIqtmo="},"lastRemoteEphemeralKey":"BYZkTwBOjaQnyNz0Cbrs+IJBOKb9HbINthWipCDuu/8m","previousCounter":0,"rootKey":"WgpHhKogYishEBYn/LMW4bn+mMCvFFX/INZt/apjmek="},"indexInfo":{"baseKey":"BTNZXGNVcjWnMH7aqP8vxOvB1zGgc5S2tl7hRnTQm8pl","baseKeyType":2,"closed":1765231627829,"used":1765231590726,"created":1765231590726,"remoteIdentityKey":"BYw4dEPFHXwx5o8EmljJeIWMyeitCz5JAU44KxZHgngQ"},"_chains":{"BYZkTwBOjaQnyNz0Cbrs+IJBOKb9HbINthWipCDuu/8m":{"chainKey":{"counter":0,"key":"7eY8gL7rDOF0SbDhbAbtebfdI0VlCtBeE/qPHQK2GSE="},"chainType":2,"messageKeys":{}},"BV2gVsPDnN4bJ6ESaMrEqfCscwGG1oI3w/9K9TkWprVp":{"chainKey":{"counter":-1,"key":"sTf1INevg9OUUkH4/8jMT07xSzmYuQHxf+LKZKMN+5U="},"chainType":1,"messageKeys":{}}}},"BVdgytotCphYezqfjnElzsuRbC+/U3eEZ4JsQLjO6Iw7":{"registrationId":20716410,"currentRatchet":{"ephemeralKeyPair":{"pubKey":"BQZl8WOPRHivRkxza2XA/Nm7w0SMJ/cLYLFTLoPIi3Jb","privKey":"YOtxT9kQt5TWyT6WBG8ZVId1jaheIGqK6NQtwXE0bmE="},"lastRemoteEphemeralKey":"BaldZqLczbHbhkfiNl/++5dTs1ghVhSgksMI5JMhHRs7","previousCounter":0,"rootKey":"krYR2K7BXywSVtynSO4zKhUTQiSevgtkfMX7FeBMeHY="},"indexInfo":{"baseKey":"BVdgytotCphYezqfjnElzsuRbC+/U3eEZ4JsQLjO6Iw7","baseKeyType":2,"closed":1765486178475,"used":1765231627830,"created":1765231627830,"remoteIdentityKey":"BYw4dEPFHXwx5o8EmljJeIWMyeitCz5JAU44KxZHgngQ"},"_chains":{"BaldZqLczbHbhkfiNl/++5dTs1ghVhSgksMI5JMhHRs7":{"chainKey":{"counter":0,"key":"JoSjfQVfR1DkoV4z1fSWvk94s1ChY8/Zb5mVBS4gu3I="},"chainType":2,"messageKeys":{}},"BQZl8WOPRHivRkxza2XA/Nm7w0SMJ/cLYLFTLoPIi3Jb":{"chainKey":{"counter":-1,"key":"5lbPB/7BlB661K8kYW8hODpriI8LiA+Xz6fc6bMO84Y="},"chainType":1,"messageKeys":{}}}},"BTP7KDUNU0Vm4FZJFDQKP46/uEa7dunz6eMulS4QUKdO":{"registrationId":20716410,"currentRatchet":{"ephemeralKeyPair":{"pubKey":"BTfxyrRGlfigR6TOmlMLzveWqNn7iDceoQUuNF2bzdhu","privKey":"cAZtuMJiFA/h+0Z/LZns8KaO4U9SwkMcGeh8It7DakY="},"lastRemoteEphemeralKey":"BZXpg4cwhL616JzMVoA3VPR6oktIshs9sw/VDuXqdHFz","previousCounter":0,"rootKey":"KAmM6bPzAyoyo8fbsumw9fGEDAj/3L4gPWSJrEV/DzE="},"indexInfo":{"baseKey":"BTP7KDUNU0Vm4FZJFDQKP46/uEa7dunz6eMulS4QUKdO","baseKeyType":2,"closed":1765486199523,"used":1765486178477,"created":1765486178477,"remoteIdentityKey":"BYw4dEPFHXwx5o8EmljJeIWMyeitCz5JAU44KxZHgngQ"},"_chains":{"BZXpg4cwhL616JzMVoA3VPR6oktIshs9sw/VDuXqdHFz":{"chainKey":{"counter":0,"key":"7KJdvHeREl/PEbB866godt3mk1b8K43MWECLjQAQyYw="},"chainType":2,"messageKeys":{}},"BTfxyrRGlfigR6TOmlMLzveWqNn7iDceoQUuNF2bzdhu":{"chainKey":{"counter":-1,"key":"wOQouw7Gpk826Y4t3123C+J+kx8leCSR6myfL5kLS/U="},"chainType":1,"messageKeys":{}}}},"BQkluxBV5CAzn6AWiB/yqadP/cQ163/AH3OZqXO85fsD":{"registrationId":20716410,"currentRatchet":{"ephemeralKeyPair":{"pubKey":"Bd5rkZyrw0cjvBea0XNmnqKpZAHSGq1GrTbrBXwzD1V5","privKey":"KDyOiouisAKcs2HnwSZn9UU8oN0PwG7uwuCAGZsRGFo="},"lastRemoteEphemeralKey":"BcN80OebeoDTTgQPCeukb6/9bA+b2uDMe0c77EuVP5lh","previousCounter":0,"rootKey":"x+w5uM4b/+U3BtJuFPZtVDxf5pK5hGsoLtFTTQh4EI4="},"indexInfo":{"baseKey":"BQkluxBV5CAzn6AWiB/yqadP/cQ163/AH3OZqXO85fsD","baseKeyType":2,"closed":1765486222996,"used":1765486199524,"created":1765486199524,"remoteIdentityKey":"BYw4dEPFHXwx5o8EmljJeIWMyeitCz5JAU44KxZHgngQ"},"_chains":{"BcN80OebeoDTTgQPCeukb6/9bA+b2uDMe0c77EuVP5lh":{"chainKey":{"counter":0,"key":"z0g6IqI9/j46DBU7l5oR/ofwxHsVPYEsHfr2RF820EI="},"chainType":2,"messageKeys":{}},"Bd5rkZyrw0cjvBea0XNmnqKpZAHSGq1GrTbrBXwzD1V5":{"chainKey":{"counter":-1,"key":"HxaA+uI1WblhbpWsf2dkTyquGk2Anb5S3SygenhvVVM="},"chainType":1,"messageKeys":{}}}},"BSTQK5auOCoCzAn5o2UPqyZzDh6LcFClESsYumUpVQJv":{"registrationId":20716410,"currentRatchet":{"ephemeralKeyPair":{"pubKey":"BTwYgClxcuPL64C5l208jvjN86xq49qgVkNTu3eemMpp","privKey":"aBSpyYa/hVuEvtKDgfR0vCDeO/XlCID2ffSoH5rE4VI="},"lastRemoteEphemeralKey":"Bc7MhILERUw5ZeK5+hRsrwV9PUm2lHjL0r8MoDkRwIlu","previousCounter":0,"rootKey":"STHl8PgYNeuz7QbahbSHgedF4un0/yYpsZHyLLgt4Zk="},"indexInfo":{"baseKey":"BSTQK5auOCoCzAn5o2UPqyZzDh6LcFClESsYumUpVQJv","baseKeyType":2,"closed":1765486249031,"used":1765486222998,"created":1765486222998,"remoteIdentityKey":"BYw4dEPFHXwx5o8EmljJeIWMyeitCz5JAU44KxZHgngQ"},"_chains":{"Bc7MhILERUw5ZeK5+hRsrwV9PUm2lHjL0r8MoDkRwIlu":{"chainKey":{"counter":0,"key":"euwd0Qvp0jfFBbxVRT5cIiuJ5g01HfQ2UFNAXmPDihU="},"chainType":2,"messageKeys":{}},"BTwYgClxcuPL64C5l208jvjN86xq49qgVkNTu3eemMpp":{"chainKey":{"counter":-1,"key":"07SSqD8vDL7fPFtGwYSxoYlGZsdNKg6l/nQgqjalUw0="},"chainType":1,"messageKeys":{}}}},"BSinYTUtb0WjVyfpCqv53Kdfph4533g4nQxVYC0BT+YM":{"registrationId":20716410,"currentRatchet":{"ephemeralKeyPair":{"pubKey":"BZmCXpkmOaGT1fHWv6mX8awMJFXFKLs1ahQdCApZ++t3","privKey":"8BQ25oD93KK7WcD1BL8qV4/CNQDekDvRXnD+Bis/FEI="},"lastRemoteEphemeralKey":"BdOMtor37LDVxDS3Ztde3qE1kZ8LqZt2wnimJqkzwFR2","previousCounter":0,"rootKey":"EtadLNDgXiqptctjCq4vmNc8nXs+Tek6dr7rwDnxfXI="},"indexInfo":{"baseKey":"BSinYTUtb0WjVyfpCqv53Kdfph4533g4nQxVYC0BT+YM","baseKeyType":2,"closed":1765486281557,"used":1765486249032,"created":1765486249032,"remoteIdentityKey":"BYw4dEPFHXwx5o8EmljJeIWMyeitCz5JAU44KxZHgngQ"},"_chains":{"BdOMtor37LDVxDS3Ztde3qE1kZ8LqZt2wnimJqkzwFR2":{"chainKey":{"counter":0,"key":"O7gtF8NEojq0ybsT0NriV47zVvLGRsVvae3KPsO2u7U="},"chainType":2,"messageKeys":{}},"BZmCXpkmOaGT1fHWv6mX8awMJFXFKLs1ahQdCApZ++t3":{"chainKey":{"counter":-1,"key":"RowJPa6ajdIbn5wug4Lx4QzDanQgijdA8NJgucQ7D74="},"chainType":1,"messageKeys":{}}}},"BbXBwNzHb1bRFCrThY4qvyjJp2O+rwdRB2+iUeTWOpUy":{"registrationId":20716410,"currentRatchet":{"ephemeralKeyPair":{"pubKey":"Bev1KNLvnf5gu+CzBJ5t2IzxjXeO2GN1jEgXbZQmbItl","privKey":"eDP31Jm9ymn5vcvCt6EeR4H1bcMi+kjs0jUaEbPRz3c="},"lastRemoteEphemeralKey":"BQ9ugFWStkUQ5KBJVnsDJoAZdsiLc+7gXT//J8Q014Ay","previousCounter":0,"rootKey":"HT0ZtOe+yBk/ZSibzyLT7XUNDAuuQJH4mVc0cgnOgIM="},"indexInfo":{"baseKey":"BbXBwNzHb1bRFCrThY4qvyjJp2O+rwdRB2+iUeTWOpUy","baseKeyType":2,"closed":1765486309776,"used":1765486281558,"created":1765486281558,"remoteIdentityKey":"BYw4dEPFHXwx5o8EmljJeIWMyeitCz5JAU44KxZHgngQ"},"_chains":{"BQ9ugFWStkUQ5KBJVnsDJoAZdsiLc+7gXT//J8Q014Ay":{"chainKey":{"counter":0,"key":"p5IfXUOEbQdap2hf0luVCqMYH1XXPZErYBfTYzaAkOM="},"chainType":2,"messageKeys":{}},"Bev1KNLvnf5gu+CzBJ5t2IzxjXeO2GN1jEgXbZQmbItl":{"chainKey":{"counter":-1,"key":"C/lkUpi1bxGYeMoC4UiLlAhFffAIcRT//vJfV0Y0db0="},"chainType":1,"messageKeys":{}}}},"BTgiV/6JiHnyThS7z+KWJAnAMIJoUTVjcF7JYp7HZwxX":{"registrationId":20716410,"currentRatchet":{"ephemeralKeyPair":{"pubKey":"BXShefGnyR065wxFi+Lj53D+7jBHUUjbdtl/2vJdLR0N","privKey":"sPaX+ZsnH65aLjSkohXb4SDE5z1IuhGnksHfVlhqBl0="},"lastRemoteEphemeralKey":"BdNT8mL2/CJPv9/WhYOCLuVoXsMs4bw2X/RLxfL1U9xh","previousCounter":0,"rootKey":"NwPEiF1DzXEwU7OLvgE1eI+fyES49tdkdAMWUaFGiFw="},"indexInfo":{"baseKey":"BTgiV/6JiHnyThS7z+KWJAnAMIJoUTVjcF7JYp7HZwxX","baseKeyType":2,"closed":1765486324584,"used":1765486309777,"created":1765486309777,"remoteIdentityKey":"BYw4dEPFHXwx5o8EmljJeIWMyeitCz5JAU44KxZHgngQ"},"_chains":{"BdNT8mL2/CJPv9/WhYOCLuVoXsMs4bw2X/RLxfL1U9xh":{"chainKey":{"counter":0,"key":"dtmVqJ3hk/JXSV0F68lyF/HOOXKior7+KEzk3MH9f58="},"chainType":2,"messageKeys":{}},"BXShefGnyR065wxFi+Lj53D+7jBHUUjbdtl/2vJdLR0N":{"chainKey":{"counter":-1,"key":"LFY5LAmRAuc0twHy/Dp5/szqY/Tw6uKCCcjdcjSctKU="},"chainType":1,"messageKeys":{}}}},"BW89IfNR35yAyFW8Q1kFZLLWJMoA3bk/hn5Anzatj7Ao":{"registrationId":20716410,"currentRatchet":{"ephemeralKeyPair":{"pubKey":"BYcFiNhYdScpzRNIaoes/yV2fUNSNEDOCdYNsAUzr2NW","privKey":"UIu30+C3MXNWlB28rXYLyYioSRFr77YAtWMCNGWCNkM="},"lastRemoteEphemeralKey":"BXYsDX4+Lnn65AkASEfRMoawhac3G2qexjQA/J7fWwRB","previousCounter":0,"rootKey":"9dajDBtAzIRTAs+C3jvRRP38z1XONmh7ZNMQbPd17P0="},"indexInfo":{"baseKey":"BW89IfNR35yAyFW8Q1kFZLLWJMoA3bk/hn5Anzatj7Ao","baseKeyType":2,"closed":1765486345071,"used":1765486324585,"created":1765486324585,"remoteIdentityKey":"BYw4dEPFHXwx5o8EmljJeIWMyeitCz5JAU44KxZHgngQ"},"_chains":{"BXYsDX4+Lnn65AkASEfRMoawhac3G2qexjQA/J7fWwRB":{"chainKey":{"counter":0,"key":"GxmSufRIa82l+SRRKqBjgph2HgHu6jBnuHRPjlzJkmM="},"chainType":2,"messageKeys":{}},"BYcFiNhYdScpzRNIaoes/yV2fUNSNEDOCdYNsAUzr2NW":{"chainKey":{"counter":-1,"key":"Go2v/HT3QSLhu2tI3dmPmtS2ZaFAj7C4uDoz6u3J+Xk="},"chainType":1,"messageKeys":{}}}},"BcWFtOdTilV0C+Wka/ZDZ+EIdesJkhH5kjRaQ9bN0FB1":{"registrationId":20716410,"currentRatchet":{"ephemeralKeyPair":{"pubKey":"BT/Winpex0GEmi7Odr3TQAIkCXQgMveOcEtzhFGHpMRY","privKey":"oNi4CQYX9f4UQpQ4Avamaw/wB3O79eZhRfil978OF1w="},"lastRemoteEphemeralKey":"BT1ZXFnhXacQthJkbVaCiz8DA7Q0NCoYeJgemdrazww+","previousCounter":0,"rootKey":"caO8usjh5qC8FAMfpmiIA2VKy/BLyF4iYodTPjSWZlU="},"indexInfo":{"baseKey":"BcWFtOdTilV0C+Wka/ZDZ+EIdesJkhH5kjRaQ9bN0FB1","baseKeyType":2,"closed":1765486356671,"used":1765486345073,"created":1765486345073,"remoteIdentityKey":"BYw4dEPFHXwx5o8EmljJeIWMyeitCz5JAU44KxZHgngQ"},"_chains":{"BT1ZXFnhXacQthJkbVaCiz8DA7Q0NCoYeJgemdrazww+":{"chainKey":{"counter":0,"key":"X2ECmV7SEKlVUtJCbtsTE3cKCsV9k+vD8FwrZARCayc="},"chainType":2,"messageKeys":{}},"BT/Winpex0GEmi7Odr3TQAIkCXQgMveOcEtzhFGHpMRY":{"chainKey":{"counter":-1,"key":"COHZDAi9gNMpldTOjP6IrfR5skc96nZcXf2umT8hdNk="},"chainType":1,"messageKeys":{}}}},"BVlVeeVxJArzege1AgolwAO32SRjERDej/uROkSyWp5d":{"registrationId":20716410,"currentRatchet":{"ephemeralKeyPair":{"pubKey":"BcycDT3s/FLJWtCW/L1UxWrroO1/tU682zrlO02Wkvdz","privKey":"6J9gA6Cy5moTJ0O17fymNl/4ScUn8svJ0H2suPQFRXE="},"lastRemoteEphemeralKey":"BU5/yytjMr12yJWbcRLgL7kHIy9fQ/jSEH/Udq2cEtku","previousCounter":0,"rootKey":"zJf14WGY2O+cipb6a6al8K6fV1IDLVUlerjMEY2VzaU="},"indexInfo":{"baseKey":"BVlVeeVxJArzege1AgolwAO32SRjERDej/uROkSyWp5d","baseKeyType":2,"closed":1765486369139,"used":1765486356673,"created":1765486356673,"remoteIdentityKey":"BYw4dEPFHXwx5o8EmljJeIWMyeitCz5JAU44KxZHgngQ"},"_chains":{"BU5/yytjMr12yJWbcRLgL7kHIy9fQ/jSEH/Udq2cEtku":{"chainKey":{"counter":0,"key":"HKUX2vbEgCu7GbO+CUKYLe2VAoQMsU4ynO9SUpS0Q+I="},"chainType":2,"messageKeys":{}},"BcycDT3s/FLJWtCW/L1UxWrroO1/tU682zrlO02Wkvdz":{"chainKey":{"counter":-1,"key":"tqwxDdThwR9kpVO4GlnWrmT7XQd33Sj2FjWFGqMhUOc="},"chainType":1,"messageKeys":{}}}},"BbcWP9q8HRkXVIymZ/iWAGGktfoykLMNyTm9z/myRMVE":{"registrationId":20716410,"currentRatchet":{"ephemeralKeyPair":{"pubKey":"BZ5buXIfDoPLVYqysZvAXmuTFdYM8XvA7Nnm7h7ye/F0","privKey":"8FUWcCw+tnaHsI2kDcvnIk9ph+dcQXUxAdO428oum1U="},"lastRemoteEphemeralKey":"BfoVD8y79fahHmG2ubNWDpmRzlqvqZzYtJrBVS2fO5V9","previousCounter":0,"rootKey":"MdpnnRwY0DCTNoirb8AO9A5HLOkn1VRZpGC2okpwkO8="},"indexInfo":{"baseKey":"BbcWP9q8HRkXVIymZ/iWAGGktfoykLMNyTm9z/myRMVE","baseKeyType":2,"closed":1765486385989,"used":1765486369140,"created":1765486369140,"remoteIdentityKey":"BYw4dEPFHXwx5o8EmljJeIWMyeitCz5JAU44KxZHgngQ"},"_chains":{"BfoVD8y79fahHmG2ubNWDpmRzlqvqZzYtJrBVS2fO5V9":{"chainKey":{"counter":0,"key":"Hfzw8Vf8JnkWzl9IKehP6IoY9Ty0unyIQ6Mo/bwrqyg="},"chainType":2,"messageKeys":{}},"BZ5buXIfDoPLVYqysZvAXmuTFdYM8XvA7Nnm7h7ye/F0":{"chainKey":{"counter":-1,"key":"x3gOvNpDYiioVc1rtwToGN08/tFjv262cLVxc/+Ef2M="},"chainType":1,"messageKeys":{}}}},"BT5FH8PGzHELxksrSl4RPkAZrAPpteHMbsiJK5uK0vki":{"registrationId":20716410,"currentRatchet":{"ephemeralKeyPair":{"pubKey":"BacJF/wU4YsCMUxp5DG9+bcTKcSuWgxj82FA+ChfT9lT","privKey":"iH8ZWAhsV7TzShlgG6mL3HunhVmKVmm3rk1st9J88nc="},"lastRemoteEphemeralKey":"BdQYGXfqsTm5QvaFiAwBgi3EyaP7F23C6FrO6e6gXfRi","previousCounter":0,"rootKey":"IY9CSS3neNPql8YZ9oHT178BsmIFXyhRHbDCXPUEPsc="},"indexInfo":{"baseKey":"BT5FH8PGzHELxksrSl4RPkAZrAPpteHMbsiJK5uK0vki","baseKeyType":2,"closed":1765934816388,"used":1765486385991,"created":1765486385991,"remoteIdentityKey":"BYw4dEPFHXwx5o8EmljJeIWMyeitCz5JAU44KxZHgngQ"},"_chains":{"BdQYGXfqsTm5QvaFiAwBgi3EyaP7F23C6FrO6e6gXfRi":{"chainKey":{"counter":0,"key":"V1kuYbbzaUN7EHvnPSzGkThmnas0f86t4ihL+moliT8="},"chainType":2,"messageKeys":{}},"BacJF/wU4YsCMUxp5DG9+bcTKcSuWgxj82FA+ChfT9lT":{"chainKey":{"counter":-1,"key":"01oqYce/C5k+l3xkSwbXzsP5jUeKytx0382V3mq21cs="},"chainType":1,"messageKeys":{}}}},"BdDmW4KgJKGV2AdzMMjlwg7E4Sb6UWdqFgbQhBGIcHFB":{"registrationId":20716410,"currentRatchet":{"ephemeralKeyPair":{"pubKey":"BarVGWtN4Wuqo3LcRKyPxmvNSTC4d6v9zAvf55yRePs/","privKey":"GFwf6XWDhJ7aQdCZ8LkVnSu4kkXpoh8flBnahTwY+3g="},"lastRemoteEphemeralKey":"BXx7FOhRZ7Kv8MYEPKLrgQAIik7JZrg0iwC6mBk93kkZ","previousCounter":0,"rootKey":"e12hcG9FVk9yY2ak+999uzF+6Bj/FikbhxptWjgqfAY="},"indexInfo":{"baseKey":"BdDmW4KgJKGV2AdzMMjlwg7E4Sb6UWdqFgbQhBGIcHFB","baseKeyType":2,"closed":-1,"used":1765934816391,"created":1765934816391,"remoteIdentityKey":"BYw4dEPFHXwx5o8EmljJeIWMyeitCz5JAU44KxZHgngQ"},"_chains":{"BXx7FOhRZ7Kv8MYEPKLrgQAIik7JZrg0iwC6mBk93kkZ":{"chainKey":{"counter":0,"key":"rAn2NQtlKA0yh10Ab5LzNhLHjRpZoh1/U7eHHcZTpf0="},"chainType":2,"messageKeys":{}},"BarVGWtN4Wuqo3LcRKyPxmvNSTC4d6v9zAvf55yRePs/":{"chainKey":{"counter":-1,"key":"5kFULh+Y0+2ejnDcBia7GKkZhvNtUsAXgirwCVhy41I="},"chainType":1,"messageKeys":{}}}}},"version":"v1"}