{"_sessions":{"BdfQpEh+VBTzLdIv9eKdl5nCNryBnji7buVek6+6Kzox":{"registrationId":2013038653,"currentRatchet":{"ephemeralKeyPair":{"pubKey":"BftPD3b3X8cV6QDOYoH26rZZ4gzHtncMSEEFDSsdq8ds","privKey":"WKbDFZ+f7lXfJAZpwPjeKFJ4LPnAnPllY9UGOUeuUVQ="},"lastRemoteEphemeralKey":"BXZMiOwwaC/I6afOosSY3JD+0q3DwSme7F+zMGJ3+xof","previousCounter":0,"rootKey":"Ugai4qMDIwG988MTzDiBniHTCqzHJCqFDBAQgJzmH/U="},"indexInfo":{"baseKey":"BdfQpEh+VBTzLdIv9eKdl5nCNryBnji7buVek6+6Kzox","baseKeyType":2,"closed":1759539365658,"used":1759409263014,"created":1759409263014,"remoteIdentityKey":"BdQKHzpEA2HAisyzXrS9E0vcjz7ABxdLU/Hij2wR3K0g"},"_chains":{"BXZMiOwwaC/I6afOosSY3JD+0q3DwSme7F+zMGJ3+xof":{"chainKey":{"counter":10,"key":"KPVXFTldV3Gm9R1WCmxCo0m9QDJ4/Vfqk9H93Y8zMFk="},"chainType":2,"messageKeys":{}},"BftPD3b3X8cV6QDOYoH26rZZ4gzHtncMSEEFDSsdq8ds":{"chainKey":{"counter":-1,"key":"MEC5x7zX8jNmJL20qww8pkSoTm8jqcGvNJP4vFKGK+s="},"chainType":1,"messageKeys":{}}}},"Bd13feSifWxsXOTWxrf0Mbu8Vo7TprCkGDVZvMh0Rsl8":{"registrationId":2013038653,"currentRatchet":{"ephemeralKeyPair":{"pubKey":"BRtSBjqTIg0yC1tlkO0Our4V+GHN7JGy3xWhZsF5tz8a","privKey":"oD+kablJ5eGllYKgNHHlEaOatc4YylbHe7SBoW5zqHA="},"lastRemoteEphemeralKey":"Be4J5yprZ7slE2+r0YCygRe+neU+LUFgozCopIu5xJ05","previousCounter":0,"rootKey":"wwDTZc+ixp57KeOUBodmd5OxK6oNi8Y9jrbKwhYX/Ow="},"indexInfo":{"baseKey":"Bd13feSifWxsXOTWxrf0Mbu8Vo7TprCkGDVZvMh0Rsl8","baseKeyType":2,"closed":1759539368163,"used":1759539365665,"created":1759539365665,"remoteIdentityKey":"BdQKHzpEA2HAisyzXrS9E0vcjz7ABxdLU/Hij2wR3K0g"},"_chains":{"Be4J5yprZ7slE2+r0YCygRe+neU+LUFgozCopIu5xJ05":{"chainKey":{"counter":1,"key":"tQxuEgTEIs+NreqP5NqiuzzkSTOKBjDyymqHjzFtcoI="},"chainType":2,"messageKeys":{}},"BRtSBjqTIg0yC1tlkO0Our4V+GHN7JGy3xWhZsF5tz8a":{"chainKey":{"counter":-1,"key":"ajBiyRKcweFq+vJLfErSA5hE7K1KRsHSPU8YQYsjHis="},"chainType":1,"messageKeys":{}}}},"Bf1qJ4C9eUjrHMnf9RF1+1w4bzXwWlheO+jUb0k5pMQ3":{"registrationId":2013038653,"currentRatchet":{"ephemeralKeyPair":{"pubKey":"BVH90UbU/z05RVceWzUNgAHGJ5RpCCCDeUedW6bMAYcj","privKey":"qG34tYBuy9ppgTiN2m6p4hTh/CfFxtonNeJ9IEUrGEo="},"lastRemoteEphemeralKey":"BauCZpgJSBvSdxOPZF0Kxl113XJ4sLvIqT5f1dpYZ8t7","previousCounter":0,"rootKey":"CcNkYj9uQAOcu8cjFTDdNpGdcaovcHqYqpmQvvs9ny0="},"indexInfo":{"baseKey":"Bf1qJ4C9eUjrHMnf9RF1+1w4bzXwWlheO+jUb0k5pMQ3","baseKeyType":1,"closed":1759539370222,"used":1759539368152,"created":1759539368152,"remoteIdentityKey":"BdQKHzpEA2HAisyzXrS9E0vcjz7ABxdLU/Hij2wR3K0g"},"_chains":{"BVH90UbU/z05RVceWzUNgAHGJ5RpCCCDeUedW6bMAYcj":{"chainKey":{"counter":0,"key":"BE5pYzybEDwQwkEKa22Vb7hH8LssWhMpCwv3cWSuI6A="},"chainType":1,"messageKeys":{}}},"pendingPreKey":{"signedKeyId":4380923,"baseKey":"Bf1qJ4C9eUjrHMnf9RF1+1w4bzXwWlheO+jUb0k5pMQ3","preKeyId":16855}},"BVk5xrI+FRE3VNqUlQCNS3kwd3V51abRTzpo787d4tk8":{"registrationId":2013038653,"currentRatchet":{"ephemeralKeyPair":{"pubKey":"BSYrzdZ+cVVphyiMOR/2/7hxxO6hJnjTsyIr3FFykUQV","privKey":"cCYtLYDWZl8xevitnDLGGBTvttPAqLObQKZGWENLS2k="},"lastRemoteEphemeralKey":"BauCZpgJSBvSdxOPZF0Kxl113XJ4sLvIqT5f1dpYZ8t7","previousCounter":0,"rootKey":"w/gzpOv4GA1O9XG08fOSKGq4Ec6hUyFoXOtCnalFV/k="},"indexInfo":{"baseKey":"BVk5xrI+FRE3VNqUlQCNS3kwd3V51abRTzpo787d4tk8","baseKeyType":1,"closed":1759539399306,"used":1759539370210,"created":1759539370210,"remoteIdentityKey":"BdQKHzpEA2HAisyzXrS9E0vcjz7ABxdLU/Hij2wR3K0g"},"_chains":{"BSYrzdZ+cVVphyiMOR/2/7hxxO6hJnjTsyIr3FFykUQV":{"chainKey":{"counter":0,"key":"j5bsBsKnyPxPDFwf71sNwqwqAwXRe5oGF6m5diFowbM="},"chainType":1,"messageKeys":{}}},"pendingPreKey":{"signedKeyId":4380923,"baseKey":"BVk5xrI+FRE3VNqUlQCNS3kwd3V51abRTzpo787d4tk8","preKeyId":16350}},"BXd/k9m0DiWubP4KXWSHWEGlc3fPxBzCSxpH0n20hepG":{"registrationId":2013038653,"currentRatchet":{"ephemeralKeyPair":{"pubKey":"BWCRXEoQl8pN2sOfJkfEGLQymzLQZaRxXWbry20GUTMO","privKey":"wH7pr1+KRlDeMgR5KpLlO6CghiGPFBXZ/VRg4Ho3DVs="},"lastRemoteEphemeralKey":"BauCZpgJSBvSdxOPZF0Kxl113XJ4sLvIqT5f1dpYZ8t7","previousCounter":0,"rootKey":"5E9gr5RgOB6vhnkjMXxboYBaIPrejUGV7MfafmjDLY0="},"indexInfo":{"baseKey":"BXd/k9m0DiWubP4KXWSHWEGlc3fPxBzCSxpH0n20hepG","baseKeyType":1,"closed":-1,"used":1759539399302,"created":1759539399302,"remoteIdentityKey":"BdQKHzpEA2HAisyzXrS9E0vcjz7ABxdLU/Hij2wR3K0g"},"_chains":{"BWCRXEoQl8pN2sOfJkfEGLQymzLQZaRxXWbry20GUTMO":{"chainKey":{"counter":0,"key":"cgj6rUEX1lfcxzzcgfbGwXUYpzYylHeXlU28nyW/KcM="},"chainType":1,"messageKeys":{}}},"pendingPreKey":{"signedKeyId":4380923,"baseKey":"BXd/k9m0DiWubP4KXWSHWEGlc3fPxBzCSxpH0n20hepG","preKeyId":16822}}},"version":"v1"}