{"_sessions":{"BcVV72Rg2twyurwejoBorJ4ZNrZHoehgdwWoGWFgTf0M":{"registrationId":1699703241,"currentRatchet":{"ephemeralKeyPair":{"pubKey":"BWOoLXxjSDuPgU3BQQD1Q9LjpmwWIX9CUH0yt9vfrzcc","privKey":"aP8EvpNJc+cJuPim0Ki+p5cOjfQbnjIBCrrT2vgrgG0="},"lastRemoteEphemeralKey":"Bf/5zG+IOVidS/rJ0BVOlfoKLobXMtKjrDM3g+BY0lpo","previousCounter":1,"rootKey":"d8lfwGzEnN7IuaB/VFnje/oZ3HNHJNOsG6fylH9SIiw="},"indexInfo":{"baseKey":"BcVV72Rg2twyurwejoBorJ4ZNrZHoehgdwWoGWFgTf0M","baseKeyType":2,"closed":-1,"used":1759862851828,"created":1759862775958,"remoteIdentityKey":"Bb1sRdTP6aHBAjTcBxPVhyMNk9aq+VkiFge5Spx7XZQU"},"_chains":{"BUAnWlLXa9Acme3hoFiGzk6XT1COiPQbavxCSydxM5F/":{"chainKey":{"counter":0},"chainType":2,"messageKeys":{}},"BWG2L17Ginw72w/Lpow/h3LzqU4Eq2amDgXhmBUp3i1i":{"chainKey":{"counter":0},"chainType":2,"messageKeys":{}},"BfJ5Pficu+Pwr4Yrc1lsA50TIaJykDWFxiAUTckIH2dN":{"chainKey":{"counter":0},"chainType":2,"messageKeys":{}},"BTXCwnQTtvQpPhHdmybwMEFrclmiQoxmjMoBhtHfplJH":{"chainKey":{"counter":0},"chainType":2,"messageKeys":{}},"BcBCX1EslnlP8KWtD9mk1P9xfBXlqBXbW+W7wNWkzbt7":{"chainKey":{"counter":0},"chainType":2,"messageKeys":{}},"BZEPJaciIsNJuOZoNLGmPC/wEnSsTi3pntzBlNGZ9fEZ":{"chainKey":{"counter":0},"chainType":2,"messageKeys":{}},"Bf/5zG+IOVidS/rJ0BVOlfoKLobXMtKjrDM3g+BY0lpo":{"chainKey":{"counter":0,"key":"cdEkhKhHWgkHBvWvak/PWgVogGXy6JwrNRd8k3HX7Qg="},"chainType":2,"messageKeys":{}},"BWOoLXxjSDuPgU3BQQD1Q9LjpmwWIX9CUH0yt9vfrzcc":{"chainKey":{"counter":28,"key":"3ZXClARD1JS/uxzMx4ZfOQ8KZqP2v4UOshgjf+PDEM0="},"chainType":1,"messageKeys":{}}}}},"version":"v1"}