{"_sessions":{"Bfaq7MCcUQytbytRVrzE+vIsPDuHyGPWS0+UUeeVjlYB":{"registrationId":5573,"currentRatchet":{"ephemeralKeyPair":{"pubKey":"BbB1UHyf50Xu/D3on+ILvtb0+y4t/hSXLPmmPFbE5YFx","privKey":"iEgvpJd4mIuoBDpkjKktcVWIgYVTjF+0Qo9KFcyd310="},"lastRemoteEphemeralKey":"BRs9YygEY4/SuoH/S0bsnIMAF0Nz47/MawQjy9RL/JMT","previousCounter":0,"rootKey":"5RQlOYfUJP2cknGN0Ibv9l3dSZnm6V8d+SKG64E0CuE="},"indexInfo":{"baseKey":"Bfaq7MCcUQytbytRVrzE+vIsPDuHyGPWS0+UUeeVjlYB","baseKeyType":1,"closed":-1,"used":1760034615812,"created":1760034615812,"remoteIdentityKey":"BR0LjlNvT6LgIEHpy2jYod6K9YOaA8EImw5zqG40ngxx"},"_chains":{"BbB1UHyf50Xu/D3on+ILvtb0+y4t/hSXLPmmPFbE5YFx":{"chainKey":{"counter":14,"key":"08ijV8/PnB1EkDekvwb9UzWWm+8So3pSP8j++iAr/GE="},"chainType":1,"messageKeys":{}}},"pendingPreKey":{"signedKeyId":1,"baseKey":"Bfaq7MCcUQytbytRVrzE+vIsPDuHyGPWS0+UUeeVjlYB","preKeyId":71}}},"version":"v1"}