{"_sessions":{"BdTvY/38JMFwGjeHMd8aJXLRlUvq2mgpSKyOVa7NiXME":{"registrationId":2984,"currentRatchet":{"ephemeralKeyPair":{"pubKey":"BUMwve8QEn6aPiQFZ1VMJuzMkDJERURXv1wEFAcuR88Z","privKey":"UB9+BtlSyjeSJ50izW2/j8pHpwSGi0b8wiBzPFDjWn8="},"lastRemoteEphemeralKey":"BUD5vShANoBrMYx8owbC0PBNn8pofir5IPomzkdRnnl0","previousCounter":0,"rootKey":"qUzMpL+5gDF1KUztB4e67BV2zXC0D3GzNzt/25AkcgM="},"indexInfo":{"baseKey":"BdTvY/38JMFwGjeHMd8aJXLRlUvq2mgpSKyOVa7NiXME","baseKeyType":1,"closed":-1,"used":1764075820388,"created":1764075820388,"remoteIdentityKey":"BcKke80SjZMoXzDe823kI2NTtnMQMziIAYgJGCK9LK0w"},"_chains":{"BUMwve8QEn6aPiQFZ1VMJuzMkDJERURXv1wEFAcuR88Z":{"chainKey":{"counter":13,"key":"a1vHTjmP7Ot/sz8OkapmbHl1R4wQi0Ip0cb5ZTGq2ms="},"chainType":1,"messageKeys":{}}},"pendingPreKey":{"signedKeyId":1,"baseKey":"BdTvY/38JMFwGjeHMd8aJXLRlUvq2mgpSKyOVa7NiXME","preKeyId":1566}}},"version":"v1"}