{"_sessions":{"Bfm2+teQSL5LWP1o8ue++SIO5RUFtLTJjIr68PHU0ItA":{"registrationId":1181199699,"currentRatchet":{"ephemeralKeyPair":{"pubKey":"BRYLx/pbyqgmpYEeT04RMpP3cbs7hxqp2Ev71WVKBWIs","privKey":"wBayB9YapEYlGnXHNi8EQQD8zpZJS7Qhmd9tjbSRqHI="},"lastRemoteEphemeralKey":"BdHZhgOq4GvtCSdnuLC99Vp08AfZYgM8bmQzd8y+amAi","previousCounter":0,"rootKey":"npQ528IJF+dJk/gbctRye7x67/nkyEoTxVPKQz+bnW0="},"indexInfo":{"baseKey":"Bfm2+teQSL5LWP1o8ue++SIO5RUFtLTJjIr68PHU0ItA","baseKeyType":1,"closed":-1,"used":1759832136363,"created":1759832136363,"remoteIdentityKey":"BfnZnJdYs1iTSaur7Zf2qjwP2swsMjgJvv7qwDNjEXNm"},"_chains":{"BRYLx/pbyqgmpYEeT04RMpP3cbs7hxqp2Ev71WVKBWIs":{"chainKey":{"counter":62,"key":"2TTxQPZCwy0PeMxxDEp/p7FSGdusItHMYVt51wwc300="},"chainType":1,"messageKeys":{}}},"pendingPreKey":{"signedKeyId":330369,"baseKey":"Bfm2+teQSL5LWP1o8ue++SIO5RUFtLTJjIr68PHU0ItA","preKeyId":11667}}},"version":"v1"}