{"_sessions":{"BfeuaPfGjFNWYlTXJuKiYuWlrYutXPEleT02SVfMo58q":{"registrationId":1830131421,"currentRatchet":{"ephemeralKeyPair":{"pubKey":"BePSTg2DzfuzAcYNfFLsTi4qMmqSMqMYa5FzfqhrXSQ/","privKey":"mGllXmryTFuREp9Vb8JHSfp4B8Z2gxNJ1BEp0K6LfXk="},"lastRemoteEphemeralKey":"BVne/zNg+rkjXgdi9FrdG+/p3OCGorZivHZyDA2C+Pgm","previousCounter":0,"rootKey":"+gHHj3TaxoAM/ZAGN8qu4lNibCvwjFwGoUByRwIi8fQ="},"indexInfo":{"baseKey":"BfeuaPfGjFNWYlTXJuKiYuWlrYutXPEleT02SVfMo58q","baseKeyType":2,"closed":1759763892481,"used":1759405758616,"created":1759405758616,"remoteIdentityKey":"BYWIBi+vkWl7Cahv613sKpWrqE5lHnvIbReAFsYgeMsN"},"_chains":{"BVne/zNg+rkjXgdi9FrdG+/p3OCGorZivHZyDA2C+Pgm":{"chainKey":{"counter":12,"key":"+87ssZB+2cRdFeH/CdOBAZ4oInr3oSACTvIxwnzGliI="},"chainType":2,"messageKeys":{}},"BePSTg2DzfuzAcYNfFLsTi4qMmqSMqMYa5FzfqhrXSQ/":{"chainKey":{"counter":-1,"key":"8udf2bYGM6ofH7sETkI6MAvctaFWCfFi8yy4nOs52TI="},"chainType":1,"messageKeys":{}}}},"BVSCDQ4x0eN+mcuW4Tw1KzQSoYlGm6UyvSkK+0hd1L84":{"registrationId":1830131421,"currentRatchet":{"ephemeralKeyPair":{"pubKey":"BbAs11zv3M5DyBjsOjnWM/GLGVKxkBJOGmEFh5+Pz5tp","privKey":"6C68qD/rFPgr0Eg4t5lHIlLec1rzj2edBBpNeSg4Cl8="},"lastRemoteEphemeralKey":"BaXZvGOjejIDNFxb79r8ysegr/RPPmyG9jLdl5mxKlZU","previousCounter":0,"rootKey":"Od52+lOmSbWr35MYJoZZ1c7J3a6jXTsqj/oaxS28yrM="},"indexInfo":{"baseKey":"BVSCDQ4x0eN+mcuW4Tw1KzQSoYlGm6UyvSkK+0hd1L84","baseKeyType":2,"closed":1759763895788,"used":1759763892482,"created":1759763892482,"remoteIdentityKey":"BYWIBi+vkWl7Cahv613sKpWrqE5lHnvIbReAFsYgeMsN"},"_chains":{"BaXZvGOjejIDNFxb79r8ysegr/RPPmyG9jLdl5mxKlZU":{"chainKey":{"counter":1,"key":"xmxllfWLKHYWymv4vzjt0cFM7dQsWOagcmZLAKSll4c="},"chainType":2,"messageKeys":{}},"BbAs11zv3M5DyBjsOjnWM/GLGVKxkBJOGmEFh5+Pz5tp":{"chainKey":{"counter":-1,"key":"ywZyDBLqGYvuJW/E2eQAS70cM3RNTLp+1Zfr+0kLckU="},"chainType":1,"messageKeys":{}}}},"Bf3kCgJJs8dC9Jj2xQ1QELS2B8kGBxO1wFu0Apzocs1d":{"registrationId":1830131421,"currentRatchet":{"ephemeralKeyPair":{"pubKey":"BalnH9dNkBYDBxJeUiscHoMrXnDDRxnNfWGJqEhUBep6","privKey":"IES0t7pB2oQRQw3j2FmHYRFXnL7tSCzBu+fktvhcsHM="},"lastRemoteEphemeralKey":"BYn70qW0CF15zg66Tzlv8teSGcqX776z611sID1Lj0cO","previousCounter":0,"rootKey":"LxmdUJUw7RR6wL7XmXAt3jO0GvFfnbZh4fzHf4RUIB0="},"indexInfo":{"baseKey":"Bf3kCgJJs8dC9Jj2xQ1QELS2B8kGBxO1wFu0Apzocs1d","baseKeyType":1,"closed":1759763897749,"used":1759763895784,"created":1759763895784,"remoteIdentityKey":"BYWIBi+vkWl7Cahv613sKpWrqE5lHnvIbReAFsYgeMsN"},"_chains":{"BalnH9dNkBYDBxJeUiscHoMrXnDDRxnNfWGJqEhUBep6":{"chainKey":{"counter":0,"key":"ZUt8cZrJu9XVmhECEtp0AB8rreqfAqjm7N5SZhOmr8w="},"chainType":1,"messageKeys":{}}},"pendingPreKey":{"signedKeyId":7841374,"baseKey":"Bf3kCgJJs8dC9Jj2xQ1QELS2B8kGBxO1wFu0Apzocs1d","preKeyId":13730}},"BW0dSQilmEN0EWIUROmnZiMlLImX1kzBtBH/c5KwraIs":{"registrationId":1830131421,"currentRatchet":{"ephemeralKeyPair":{"pubKey":"BWOvHiTAHz+cJHHWxf7PTPO+jWYyT7XNCvz+9g06VqcR","privKey":"kB4wnofczvVc7yZ1/zzNCjLisk3pWLZrbiPizUZCCls="},"lastRemoteEphemeralKey":"BYn70qW0CF15zg66Tzlv8teSGcqX776z611sID1Lj0cO","previousCounter":0,"rootKey":"zf5VYOhmFfm1E8vSSmILiWYTvISPbur3XCBrx3EJxiA="},"indexInfo":{"baseKey":"BW0dSQilmEN0EWIUROmnZiMlLImX1kzBtBH/c5KwraIs","baseKeyType":1,"closed":1759763925713,"used":1759763897744,"created":1759763897744,"remoteIdentityKey":"BYWIBi+vkWl7Cahv613sKpWrqE5lHnvIbReAFsYgeMsN"},"_chains":{"BWOvHiTAHz+cJHHWxf7PTPO+jWYyT7XNCvz+9g06VqcR":{"chainKey":{"counter":0,"key":"IiuafYX588J4jYp6GTEIAJ4col8Twnv9+UbgCuTBQO4="},"chainType":1,"messageKeys":{}}},"pendingPreKey":{"signedKeyId":7841374,"baseKey":"BW0dSQilmEN0EWIUROmnZiMlLImX1kzBtBH/c5KwraIs","preKeyId":13016}},"BWDtNPaDUpburrAIun0y7jJTU1f1uku2DWwBg0W4OF10":{"registrationId":1830131421,"currentRatchet":{"ephemeralKeyPair":{"pubKey":"BWp7UO61n+345+aBKeoQ6Ejilx6zTOO8Eok5T2/k5vJC","privKey":"SJl0kUhAGENgtUidysXjsh6wyWjhTMyNctNEOadv23w="},"lastRemoteEphemeralKey":"BYn70qW0CF15zg66Tzlv8teSGcqX776z611sID1Lj0cO","previousCounter":0,"rootKey":"wXO5HN7lU+R+4m9J0QklyltFSodMOWBTJ9mNozvD4Es="},"indexInfo":{"baseKey":"BWDtNPaDUpburrAIun0y7jJTU1f1uku2DWwBg0W4OF10","baseKeyType":1,"closed":1759763927795,"used":1759763925710,"created":1759763925710,"remoteIdentityKey":"BYWIBi+vkWl7Cahv613sKpWrqE5lHnvIbReAFsYgeMsN"},"_chains":{"BWp7UO61n+345+aBKeoQ6Ejilx6zTOO8Eok5T2/k5vJC":{"chainKey":{"counter":0,"key":"u0QbEbJd8ZpfO8DjVG3oUGhcEf4eIZs+xc0Nibhj9k8="},"chainType":1,"messageKeys":{}}},"pendingPreKey":{"signedKeyId":7841374,"baseKey":"BWDtNPaDUpburrAIun0y7jJTU1f1uku2DWwBg0W4OF10","preKeyId":13060}},"BRcFMC4TG9zbp6bJMWBCWKfxpHaBWFb0OIIOWkj6sa9p":{"registrationId":1830131421,"currentRatchet":{"ephemeralKeyPair":{"pubKey":"BaI6+Svu4c9n0DAb6UFutTfCKjI5FuIPerIavmaY1agB","privKey":"aK/WVAyIGnduml1mKEX5K5OCztZjun6MIlgBVmnHaE0="},"lastRemoteEphemeralKey":"BYn70qW0CF15zg66Tzlv8teSGcqX776z611sID1Lj0cO","previousCounter":0,"rootKey":"GYpltT7pMpbV9e86ypTMnA8NU5PEj7dfmBDcnhf4ykk="},"indexInfo":{"baseKey":"BRcFMC4TG9zbp6bJMWBCWKfxpHaBWFb0OIIOWkj6sa9p","baseKeyType":1,"closed":-1,"used":1759763927790,"created":1759763927790,"remoteIdentityKey":"BYWIBi+vkWl7Cahv613sKpWrqE5lHnvIbReAFsYgeMsN"},"_chains":{"BaI6+Svu4c9n0DAb6UFutTfCKjI5FuIPerIavmaY1agB":{"chainKey":{"counter":0,"key":"dVjPfaQt4SJ0nPOSTaQzLzUf86LyDT3rlxmDk53rexc="},"chainType":1,"messageKeys":{}}},"pendingPreKey":{"signedKeyId":7841374,"baseKey":"BRcFMC4TG9zbp6bJMWBCWKfxpHaBWFb0OIIOWkj6sa9p","preKeyId":13044}}},"version":"v1"}