{"_sessions":{"BaEuHNrPhUdsSVZkFgDWglDdwjipZatMO4XoKW5U/usd":{"registrationId":734397869,"currentRatchet":{"ephemeralKeyPair":{"pubKey":"BZwiAXbt54SNkJe61OE9vPJ5EynGx0r68V0pZkV6Vw5n","privKey":"KOPofeZ92KRvxOPjWjkyTcDrrCuGtUMA4szbkpEeK3o="},"lastRemoteEphemeralKey":"BbBiPT9uZovQTXSA4bk7ef+rm/cQEd0vIxeuiI4ESZEZ","previousCounter":0,"rootKey":"kk018xrvuBkbHPcg1uXX5uR4F8q2a2XDCu3vfdch5vc="},"indexInfo":{"baseKey":"BaEuHNrPhUdsSVZkFgDWglDdwjipZatMO4XoKW5U/usd","baseKeyType":2,"closed":-1,"used":1764544256501,"created":1764544256501,"remoteIdentityKey":"BXRjCOVIdW02gTw0osS6ityBqVKfMhicZT8Acw2xOdRP"},"_chains":{"BbBiPT9uZovQTXSA4bk7ef+rm/cQEd0vIxeuiI4ESZEZ":{"chainKey":{"counter":16,"key":"G36qEjFbB8MpwhqPWsUtMswQ83h7jyGvCIjUKYC1Fe0="},"chainType":2,"messageKeys":{}},"BZwiAXbt54SNkJe61OE9vPJ5EynGx0r68V0pZkV6Vw5n":{"chainKey":{"counter":-1,"key":"wHa5Ix55JCMaIdZXn8CJOIQbPV5ARum/UYdUwxrM5aI="},"chainType":1,"messageKeys":{}}}}},"version":"v1"}