{"_sessions":{"Bbpc+X1Kow/Thw2BqN1cNlRlaM7HcNoKotmNQGMIj8ZM":{"registrationId":1365223888,"currentRatchet":{"ephemeralKeyPair":{"pubKey":"BbDLNEy50eA+28+CgK3X4GOHbKz1eINoQdfoa5DbvvRI","privKey":"ELTQNXWFZaSgnNWjLrmQKxk5knCOVAYK2jGsNETd+HM="},"lastRemoteEphemeralKey":"BR7gDpSzeIQkxCN7C+lWf//tLCsI3+A7oAclKsDJj55E","previousCounter":1,"rootKey":"VlUXXEXYdSHWEisGbc26H7n/imSckXTz6KjxlCWFi9s="},"indexInfo":{"baseKey":"Bbpc+X1Kow/Thw2BqN1cNlRlaM7HcNoKotmNQGMIj8ZM","baseKeyType":2,"closed":-1,"used":1765908680733,"created":1759362173378,"remoteIdentityKey":"BRLL1UUG3iBnq1AZTJzOe23ORqJWVTWCSBqsTzqJv4p4"},"_chains":{"BW/vRBBg7HQ/6Zluq6zllpgNEhK0tuUUT3EUQrJUrule":{"chainKey":{"counter":0},"chainType":2,"messageKeys":{}},"BXcHZ45gvrR58rKwN9HfzHRkHSiXP+JLedCkjkdVTvg5":{"chainKey":{"counter":0},"chainType":2,"messageKeys":{}},"BezgpQ4zohiCcOIbSpjydQ39T7HcDAndCxmdSeOFIXxN":{"chainKey":{"counter":0},"chainType":2,"messageKeys":{}},"BWwGyVDiDS9XmNtx5ORtexM5kjRtfqkX3deai37PeI8C":{"chainKey":{"counter":0},"chainType":2,"messageKeys":{}},"BSg/IlooVsRK7o/yojv6C2pFyo87/U53U60WRWl/QNRf":{"chainKey":{"counter":0},"chainType":2,"messageKeys":{}},"BSM862W2mB7BBpfytvLRw3HcofCOItPV+mXRA4DYfv0B":{"chainKey":{"counter":1},"chainType":2,"messageKeys":{"0":"NJsMoIs67CBqjuM/OOw6au4U0ruMq5RscXNPaWB93EQ="}},"BdKWGSIXVQl4yZ8GdVAlSPNe9OjUfLVW2tMQTvY5MkJI":{"chainKey":{"counter":0},"chainType":2,"messageKeys":{}},"BTI/nQLKpA6cfQHX3Fmn/dyEVdzEQpcVDZBr5PPcQDgo":{"chainKey":{"counter":0},"chainType":2,"messageKeys":{}},"BamtIGR846Oe82N60HLrbvsT30SNiqRSIeDpCoL4WQIJ":{"chainKey":{"counter":0},"chainType":2,"messageKeys":{}},"BcDESmrHXJggVLUctMxhBJxku/hKRQme+Qg5UQ0PPZFR":{"chainKey":{"counter":0},"chainType":2,"messageKeys":{}},"BeKjozjJSRPIoLN51sBxXeBoLDRN8TOFgvYjqIUyxuxH":{"chainKey":{"counter":0},"chainType":2,"messageKeys":{}},"BaSaKTB+rgPXFxFu/7QjUefOp7Ut+0eIASyQkf7JwX1i":{"chainKey":{"counter":0},"chainType":2,"messageKeys":{}},"BecHm5mQUYoCBVjP3NnMaFOLupbE3ncfgyJcHT57Ljlh":{"chainKey":{"counter":0},"chainType":2,"messageKeys":{}},"BfvSYlfpoAscGMxHlwgLscBo/hgk7QKqIkwRk5vme0lA":{"chainKey":{"counter":0},"chainType":2,"messageKeys":{}},"BdLtwikTJIUl/BopSS7K+bqhfKo+EVx712zjsKUb7wJp":{"chainKey":{"counter":0},"chainType":2,"messageKeys":{}},"BUt6s85equthCZX5PqD9I7oktN3JsEI7U67OJp67R11x":{"chainKey":{"counter":0},"chainType":2,"messageKeys":{}},"BTOrpTeuQirrSVLnUqXk2G+oYgdQd6QyPRedxeIK1a9R":{"chainKey":{"counter":0},"chainType":2,"messageKeys":{}},"BULA55TBYUIYB2MDck7vUrNPe+i+juvknbQA4RiOVHAZ":{"chainKey":{"counter":0},"chainType":2,"messageKeys":{}},"BY49qMvmSmrxbYeebQF8YLJYoNdO5Zagt6mHNy05o89Z":{"chainKey":{"counter":0},"chainType":2,"messageKeys":{}},"BStgnT1Xb3QoTR6PVnqJx3axkuYcySvbaffY47dodz8A":{"chainKey":{"counter":0},"chainType":2,"messageKeys":{}},"BWRgXCSYkkNW9zHu1TMTXfXUurrbUVzlnMREki/ByqRS":{"chainKey":{"counter":0},"chainType":2,"messageKeys":{}},"BSNetleGiNSH+bi//HrC6nFD0lp4GkubggIWIIs0rOBe":{"chainKey":{"counter":0},"chainType":2,"messageKeys":{}},"BUGhRqItfqnIBwEfnk1pkwAr7kEqLVoovLmnietosn1w":{"chainKey":{"counter":0},"chainType":2,"messageKeys":{}},"BWNstE/irWdOlkffvj6wGvHJ3LlMjeJLJ78Rs7QAUjAn":{"chainKey":{"counter":0},"chainType":2,"messageKeys":{}},"BS/6l5f4EqL5ttGQhS77nVEnB62jZC8H24L1v7PVum0q":{"chainKey":{"counter":0},"chainType":2,"messageKeys":{}},"BaeePTXnG1o7oFlc/JH90RJxHsnLb5trIytGXjfjsttr":{"chainKey":{"counter":0},"chainType":2,"messageKeys":{}},"BYrkNCZE1OSrGjfNGHIl4v6QKGyaaOqfLqbR/+2wQ+4m":{"chainKey":{"counter":0},"chainType":2,"messageKeys":{}},"BYDb/yRopqZc/tkTqMKF++JZMTVbMD0sfcSeJsjDdOpt":{"chainKey":{"counter":0},"chainType":2,"messageKeys":{}},"BbA6RTJu5o8qycEUhpR/Lg+fZm30oWciGjHhPQtHIsMY":{"chainKey":{"counter":0},"chainType":2,"messageKeys":{}},"BdZYsTMZKkoRXI3ZBRoJiw+yvyWV/UdTFh3H+OV82qF3":{"chainKey":{"counter":0},"chainType":2,"messageKeys":{}},"BbqxKzrtmBJ61MKiHJipQQERVHcwBMnEkNGItsGKcxcE":{"chainKey":{"counter":0},"chainType":2,"messageKeys":{}},"BV+lIAEujkg1OUs4uM10em4OnESYLKHIsaBrw+L3XhZk":{"chainKey":{"counter":0},"chainType":2,"messageKeys":{}},"BRyao3zE7YbsxhByPAfkf7WzGZY5YNt3hexe7blzGpAX":{"chainKey":{"counter":3},"chainType":2,"messageKeys":{}},"Bbiy/XssICkk+NN7Br7EvQe/vhsbz0tZe6dTkvOk0ycz":{"chainKey":{"counter":0},"chainType":2,"messageKeys":{}},"BVTu1b7JrcmobMr4weST44cC1+slfA40crSZU3Wf2bg0":{"chainKey":{"counter":0},"chainType":2,"messageKeys":{}},"BWPt4Uwd7y04yctiweqj8yumqnCD9C7n9C3MJjrXboIv":{"chainKey":{"counter":0},"chainType":2,"messageKeys":{}},"BXIE4VCzFgdJ4hS7MNxXW9Y0i/XogEsPKb3PIlHZqEAE":{"chainKey":{"counter":0},"chainType":2,"messageKeys":{}},"BbDnneA7IwMNVfBAF3fXM2BVXjrDG2FD1A/5S5L/+9Zh":{"chainKey":{"counter":0},"chainType":2,"messageKeys":{}},"BcIoaR+QJ6TiCjhM+FqVHnCqQJFFEoZ09p639VJCohl+":{"chainKey":{"counter":0},"chainType":2,"messageKeys":{}},"BfEeW5quCzzTWAjRv5jjsidlr7WSqQx/UDqH6dTq951a":{"chainKey":{"counter":0},"chainType":2,"messageKeys":{}},"BV33CHRI0pAAcYMHImzg+VSLZfU7ixKP0MPpmcU8eo9T":{"chainKey":{"counter":0},"chainType":2,"messageKeys":{}},"BcH/z8tPFWsowbiq0yq6l1NCJDWqU/glLn4wTuwPQapW":{"chainKey":{"counter":0},"chainType":2,"messageKeys":{}},"BWduw/YM3duqMkoGooo/wu5opZ27AzEQ7h5GVcrPes5y":{"chainKey":{"counter":0},"chainType":2,"messageKeys":{}},"BUGk2cLxInQmR5wcELLOOqNO0VBzeIdIDebHAFli3MVg":{"chainKey":{"counter":0},"chainType":2,"messageKeys":{}},"BfMX8odxYOCYRPX3fdE5X17HMmAeHa38j++OroKzFfU6":{"chainKey":{"counter":0},"chainType":2,"messageKeys":{}},"BaKKA/n30fnSYapskleWYUAAbGEdP+jlZ8vOIEhwrrw/":{"chainKey":{"counter":0},"chainType":2,"messageKeys":{}},"BaSTCM5Lrl5OIaayXtIL8u2TW/K1SHkkRkbIyw9G++0t":{"chainKey":{"counter":0},"chainType":2,"messageKeys":{}},"BfpL7Iieo0EqNyvimLZK0ZLUJMW82g03f8Efl7z9/FwI":{"chainKey":{"counter":0},"chainType":2,"messageKeys":{}},"BXGBkqtinsgGVWiCcm4DnfhXS/PWfqL6gK+wGbdwDNBp":{"chainKey":{"counter":0},"chainType":2,"messageKeys":{}},"BbWrOF2dLTc1bzZ0vwBJI+1d/zSWXPHLPapXQu+5ykpj":{"chainKey":{"counter":0},"chainType":2,"messageKeys":{}},"Bc+HTqrcbankvsWLtbHLP2vhcx7Mp8lFQq/6l2IFfA0O":{"chainKey":{"counter":0},"chainType":2,"messageKeys":{}},"BQKCkvL7yPhagB2DWBwe1nTG4tVK3M18VCRcvfRUNVZG":{"chainKey":{"counter":0},"chainType":2,"messageKeys":{}},"Bda6hZaAnk3V/uUm5hMBE6RXJTQ6dlRy9TmZ4Jek9S0h":{"chainKey":{"counter":0},"chainType":2,"messageKeys":{}},"BV93/JdMomr4jBMU1sMcI8ZbRdareBbPaG2mYO4+NPoo":{"chainKey":{"counter":1},"chainType":2,"messageKeys":{}},"BTD86ZZDFishvEBUuTDHgQ+qNGprcYJGDtYrrliEiMFb":{"chainKey":{"counter":0},"chainType":2,"messageKeys":{}},"BahspR7o/KYNaQm931vFsKnBZ3NKNfZI6/nqO8upq2hb":{"chainKey":{"counter":0},"chainType":2,"messageKeys":{}},"BcZ7tDC3lrkPFmsKOB6z2S4aAVIjF8oZeJlreNdljLd5":{"chainKey":{"counter":0},"chainType":2,"messageKeys":{}},"BTx6D23m/AuXSOla+SjKarKE6Tymuq66ig1a3RTEHNwH":{"chainKey":{"counter":1},"chainType":2,"messageKeys":{}},"BVL4WuAvbTnLBI1EPQ3E8OPARqAg8d01ysDIaeE/zElL":{"chainKey":{"counter":0},"chainType":2,"messageKeys":{}},"BVHkYyzQmutWNFuQsdxHw3NcIFuUh7gS1RXWPZSu+ncZ":{"chainKey":{"counter":0},"chainType":2,"messageKeys":{}},"BbI/ya6UoikzzxZ6dhcUI8R+fe9fuuOYzyABgxUKMNYC":{"chainKey":{"counter":0},"chainType":2,"messageKeys":{}},"BT3gfytB/v3wzVTAeTNGejWaw4krgEHm35zggmB09INv":{"chainKey":{"counter":0},"chainType":2,"messageKeys":{}},"BfcDDqRqQe6P6frI5LV7QmtO0XBVOEgBtqP6bZipQ18j":{"chainKey":{"counter":0},"chainType":2,"messageKeys":{}},"BXJCO11UxSUSiivZD1VQ0l8jGpHo6u3kN3aPHWQNqdQe":{"chainKey":{"counter":0},"chainType":2,"messageKeys":{}},"Bc83klrh0n7cy7Zd6rikro8efRSwD1F2WTZ9Vd1Nf2Q5":{"chainKey":{"counter":0},"chainType":2,"messageKeys":{}},"BTRrLdpM939bPA1kAj0VIgJv210yXY7iC1rih99p99AI":{"chainKey":{"counter":0},"chainType":2,"messageKeys":{}},"BUEjwNO51qVHGZKPWvsnXh/BL7X+KLAt1oAId3QjbkMc":{"chainKey":{"counter":2},"chainType":2,"messageKeys":{}},"Bc3iL24O76X2XR5zKlJI1xWd5CoBykWc5g4UMbefU6Qq":{"chainKey":{"counter":1},"chainType":2,"messageKeys":{}},"BRZgFMrcC3jh9v/ruy9Z+9oRsHbanlCXeB/BVB5fDlNM":{"chainKey":{"counter":0},"chainType":2,"messageKeys":{}},"BaGcfDIsshXEQSvlDPhfJS4AxQ2vvWc8Qi0dpreb1PIu":{"chainKey":{"counter":0},"chainType":2,"messageKeys":{}},"BY4iup71E0xQ0SKgscTVonzEKokBkFPJcINEForkU4Nt":{"chainKey":{"counter":0},"chainType":2,"messageKeys":{}},"BS8gvoUIcf61W2L+CTAuPlJllhtI4HVe6FXBd7shzCsl":{"chainKey":{"counter":0},"chainType":2,"messageKeys":{}},"BdHkgngkIjV5jmctBN+Zmimblpq3Ro5xcJmSHWYzTGFo":{"chainKey":{"counter":0},"chainType":2,"messageKeys":{}},"BRHmCM51QtLdA1c+fZm9eVibTLhXxv1tgg2gWEb3AExx":{"chainKey":{"counter":0},"chainType":2,"messageKeys":{}},"BVjP3kqVN5qc7nbKnAwy6GBCaFHXIFl1BlcjEHTa4zkE":{"chainKey":{"counter":0},"chainType":2,"messageKeys":{}},"BUJlOmkGnFX0rUAzETjOb4+QVYvOgDMNFLg2lKDR0wZj":{"chainKey":{"counter":0},"chainType":2,"messageKeys":{}},"BV3E9o588DusyNIqq1hDI3Dz5ez96dUyMmuQ1jDg0/8P":{"chainKey":{"counter":0},"chainType":2,"messageKeys":{}},"BYCkZj4Xu8TsKNqgBUzcoIxgZuuaug4zcvvBROCz4j5s":{"chainKey":{"counter":0},"chainType":2,"messageKeys":{}},"BVQ/Hip7r6/bOtS01FU51yoBxVZtMe2PKz8w6eySaIpU":{"chainKey":{"counter":2},"chainType":2,"messageKeys":{}},"BR8Pic249TwWH+InuHzu3Ni8MNuprgIsjleWKQWKTN4v":{"chainKey":{"counter":0},"chainType":2,"messageKeys":{}},"BeCN68QdteJktmwJ1CZ30VK/l95zw5p7f207UIQExPhM":{"chainKey":{"counter":0},"chainType":2,"messageKeys":{}},"BYW6zHHuVyupfbvR0AaWoWoT4T5OJjxsaxc+c3gfYURA":{"chainKey":{"counter":0},"chainType":2,"messageKeys":{}},"Bdeu+MI+1nuU6RPYSZqbcK2+GKdqiBYlKj1HsGu/9LtR":{"chainKey":{"counter":0},"chainType":2,"messageKeys":{}},"BRvuWmAghR2fm7OfeQNtcQ2ybEayaCHkeOGdwQSM+nsw":{"chainKey":{"counter":0},"chainType":2,"messageKeys":{}},"BXV1nzJ/x2UrWjiC806qDeaaLHlhww79tye/kf69eKwC":{"chainKey":{"counter":0},"chainType":2,"messageKeys":{}},"BTLUvQliribIxYlSg9EL1dcWOtQvAL2fuRGxYs381yVk":{"chainKey":{"counter":0},"chainType":2,"messageKeys":{}},"BZ5gYVX7smRQonYORNCdm70eX64fEQA5xlnfW2M+eD4I":{"chainKey":{"counter":0},"chainType":2,"messageKeys":{}},"BawZNx3uL5kRbPzdyDgEFUr6/fjQSq9CU7S7yjIzlbcB":{"chainKey":{"counter":0},"chainType":2,"messageKeys":{}},"BV8YJZvmywKpPhm+aUTiteLIr6v2uTSL2YRGIiHu/4Q3":{"chainKey":{"counter":0},"chainType":2,"messageKeys":{}},"BV/sLNuqrMfzJt6wVrfnORLfFygCzgjM1FiuMzaRUjY+":{"chainKey":{"counter":0},"chainType":2,"messageKeys":{}},"BZ5fEaBachn+09j1aPTSjMvRjTh3rIC9OZGpSNxpc2M6":{"chainKey":{"counter":0},"chainType":2,"messageKeys":{}},"BYzby7R4bE9P6F812UYrXiwJmw6RKe7U+0dGFTXKx1By":{"chainKey":{"counter":0},"chainType":2,"messageKeys":{}},"BcMft7K+DbEECyo1OZ8EBqQvoUmV5VnEh0mQ3TjPvVVc":{"chainKey":{"counter":0},"chainType":2,"messageKeys":{}},"BcZ2DN92EAImHCCS2MolLPAhjzI/XfVd4EGU/87nE2VP":{"chainKey":{"counter":0},"chainType":2,"messageKeys":{}},"BYMIyXGCB9yQuYup9x+BN2TmfkbZH8W93v1UvRXhLl5w":{"chainKey":{"counter":0},"chainType":2,"messageKeys":{}},"BcRtg5iiQv7sfMQOpNPOc4EhM+/0B7Ll7QYOUm5zpZcT":{"chainKey":{"counter":0},"chainType":2,"messageKeys":{}},"BVnOWqvAYC0bsNs4scyPSukgid2b3ZTBor/FAPr4uaN6":{"chainKey":{"counter":0},"chainType":2,"messageKeys":{}},"BQXnlw03iW5feR90qcQ3hPV3KTtmg06lkd7d6+gjQeAV":{"chainKey":{"counter":0},"chainType":2,"messageKeys":{}},"BYlErv7aPl8rMqwCIH2SXQCS9S0esdYPyQmJFQAbVjUg":{"chainKey":{"counter":0},"chainType":2,"messageKeys":{}},"BcUBU1B4Ozp7Ykr+8By/Tk2w9VUdUxm3wT1oB+MNM9ot":{"chainKey":{"counter":0},"chainType":2,"messageKeys":{}},"BTvSJGwSpDKaUjiqK/Gh02N6voBIJNzfQp1AfSXaXhoM":{"chainKey":{"counter":0},"chainType":2,"messageKeys":{}},"BRn8oRqoeIE7wnbfGA2PktmJKve/I3t3stv3BERVuPly":{"chainKey":{"counter":0},"chainType":2,"messageKeys":{}},"BfE8D0ueofrND1kyMmEylTRDviwtvz4jn+8L0KJiKohW":{"chainKey":{"counter":0},"chainType":2,"messageKeys":{}},"BVNXWSsN5mRipM4k1e7Wrhk4D3HeXCmiQUbSKoW9rL0M":{"chainKey":{"counter":0},"chainType":2,"messageKeys":{}},"BfElRXSt4Eoeyubdp8MvgMHtdE1m7m/R8JmUeKrtObge":{"chainKey":{"counter":0},"chainType":2,"messageKeys":{}},"BU6gWI5sSr+dyH3DpmUk9ze3gSgRJNHCHxeMFjyGdEVX":{"chainKey":{"counter":0},"chainType":2,"messageKeys":{}},"BaIDdElq9tIDNOKHcG1O9bdMHjBdp+wATsQWRXdNDhMD":{"chainKey":{"counter":0},"chainType":2,"messageKeys":{}},"BUbpM85Od+GqDLQU5B6Mbl1Iob+iVXhmGAtsqMxl+I4o":{"chainKey":{"counter":0},"chainType":2,"messageKeys":{}},"BYZUtylj0R74su6LAwDRijm+b4dJdQmsotudvVLS86lj":{"chainKey":{"counter":0},"chainType":2,"messageKeys":{}},"BV3fJ2LFQODA2J7uSrw2/pu89Kg+MgwEM7FcCfVpP9I6":{"chainKey":{"counter":0},"chainType":2,"messageKeys":{}},"BTU3ptHLU6xgK9t1lUngD5YTcyKruUhkhAIPVR9EkVol":{"chainKey":{"counter":0},"chainType":2,"messageKeys":{}},"BZvYyT4rGcM7F1MwTgbk87LqBkONBGLSQ+mYRJELWBQE":{"chainKey":{"counter":0},"chainType":2,"messageKeys":{}},"BSdzJkSJGMLE4mObiEghE0WwoxPd48wIgamVxVpk/8IX":{"chainKey":{"counter":0},"chainType":2,"messageKeys":{}},"BV+kywz5bpxlglIql3jLwvlmqFitwkObm0QvbAI74C5p":{"chainKey":{"counter":0},"chainType":2,"messageKeys":{}},"BWHvnP4vZR2BIDqDMnDmU0bozOj/Pu6/dSOga04HcdoW":{"chainKey":{"counter":0},"chainType":2,"messageKeys":{}},"BVzrB5qIxUKL5rSQeB6Q1fg/kJucJcLNF9Uk55yXcE5+":{"chainKey":{"counter":0},"chainType":2,"messageKeys":{}},"BVpyHTqVLzCjEWB+c9otGY7/UQ4bg4mt+S153qt3KCB3":{"chainKey":{"counter":0},"chainType":2,"messageKeys":{}},"BeYrdeltF583m1D/shkF0ijjRqLL7D3ipYFCxuBU7Zpo":{"chainKey":{"counter":0},"chainType":2,"messageKeys":{}},"BchczaZ5YJJQHCYXR2EQ2+x1UHRjvBcezpPw60RZa+oN":{"chainKey":{"counter":0},"chainType":2,"messageKeys":{}},"Bd/p50Vk11hZBeD9XInUFT1WjH+Fc7Zyt9nPWX0MFmdY":{"chainKey":{"counter":0},"chainType":2,"messageKeys":{}},"BUYngXKDI5L4dVWno5O+L3OhSn8jxgpmYFwMgUPOcpYa":{"chainKey":{"counter":0},"chainType":2,"messageKeys":{}},"Bb+LqGZwtzQALKi922qxEcLlTIT9w0e1QKI7hZYkGRNN":{"chainKey":{"counter":0},"chainType":2,"messageKeys":{}},"BQHMaWfwjLY3/YkIimkJ+9eY6ml++uCStAYGXeMnetJy":{"chainKey":{"counter":0},"chainType":2,"messageKeys":{}},"BasNwQFr+MCdcgJSWW5DPdHUZVpa41hKGM8uwddZjlg5":{"chainKey":{"counter":0},"chainType":2,"messageKeys":{}},"BQjeygvmO2fVaORzhNBmoe6N2c7G6++fuelLcPYJpIVe":{"chainKey":{"counter":0},"chainType":2,"messageKeys":{}},"BcmhSuCvDk+aRP5As0MKSHkZLhr6bPaWQNEwwIuX19Mp":{"chainKey":{"counter":0},"chainType":2,"messageKeys":{}},"BRQbWnxXD9n3GumENNbR/sheL+sA9exvpodZK23/uDUk":{"chainKey":{"counter":0},"chainType":2,"messageKeys":{}},"BaANXx8m+42PY90TxRfnFTOSoAv4UdaqOVIC/dbzRTcJ":{"chainKey":{"counter":0},"chainType":2,"messageKeys":{}},"BR1cdVjuS/8ExEo08P+Irv7HRWErAE8CGy8WzYTJCOsD":{"chainKey":{"counter":0},"chainType":2,"messageKeys":{}},"BTFpaMQ3opruka5jcsOpcWTccfPB5ZnDC4GiRi+lRYIg":{"chainKey":{"counter":0},"chainType":2,"messageKeys":{}},"Be3AzW8S8wrHlITsT9q2ZhYdAihBsxK7gVGmCPkMHpYj":{"chainKey":{"counter":0},"chainType":2,"messageKeys":{}},"BdrXsp989AjxgIMUewizcZvAKbbKPz8sPPjT906F0MRg":{"chainKey":{"counter":0},"chainType":2,"messageKeys":{}},"BX5pu8pfffjHTDiX+8MI9/KpAf3IpeZbtvSConU/qMUY":{"chainKey":{"counter":0},"chainType":2,"messageKeys":{}},"Ba+wZQSanHXXasauo+UDVZzIeyXotyVmdet3lZ/y54xB":{"chainKey":{"counter":1},"chainType":2,"messageKeys":{}},"BfS/MoBqp7StoSZ5kiKEOJJEG2HuOsYqaUCie0iWCilI":{"chainKey":{"counter":0},"chainType":2,"messageKeys":{}},"BYO2HpSTbvVn7J/7tFfZ5ECTyVSrOQkMJohXYD8nGhly":{"chainKey":{"counter":0},"chainType":2,"messageKeys":{}},"BTw/IlaT23qAxUCb7NABactLytIQ8Su5y6NsN/dgatVa":{"chainKey":{"counter":0},"chainType":2,"messageKeys":{}},"BdUTpVpgam/01U9XDp/5KU/xlhgzHICwBOQ9Z+ipwacU":{"chainKey":{"counter":0},"chainType":2,"messageKeys":{}},"BWenPE54MxjVrc/QDrXXrUf5eExm30EbMjpas+2H1vRG":{"chainKey":{"counter":0},"chainType":2,"messageKeys":{}},"BS5KAOxpM9GuuX5CFH+y72IJyshE3ZenhUeXIWUAt58M":{"chainKey":{"counter":0},"chainType":2,"messageKeys":{}},"BXtQiDcmminLrPEBei2aipUq1p6VI535QnPSX1B4IL0m":{"chainKey":{"counter":0},"chainType":2,"messageKeys":{}},"BTrBumSpJLTH0D++QgdYjiRcLYejhueIbOsTmKV0pgt9":{"chainKey":{"counter":0},"chainType":2,"messageKeys":{}},"BbzrLz9WowYrvpI5CNUqYej5hbkKWEGFneWUAuqDzd4d":{"chainKey":{"counter":0},"chainType":2,"messageKeys":{}},"BZt2WWiM8eI9IOW1fEFPVh5n2wYjENbN6WnvPFXl8T8Y":{"chainKey":{"counter":0},"chainType":2,"messageKeys":{}},"BeRR150ZwMO2pai41OEOGslN0Jkr9P139+UB7f0V18ZF":{"chainKey":{"counter":0},"chainType":2,"messageKeys":{}},"BfB5jKrySANqoIKHEGs4miqeZteLTMXDTyrQuuVBkawU":{"chainKey":{"counter":0},"chainType":2,"messageKeys":{}},"Bfj6aaotSlZiU5zOm8yxOljuMs2Vzr/Lryr1K7K61+IL":{"chainKey":{"counter":0},"chainType":2,"messageKeys":{}},"BcKbe2Aq6mq13DwJcaV3vlAIq0bRoWfCttgz7IgNbw9I":{"chainKey":{"counter":0},"chainType":2,"messageKeys":{}},"BcS9csLzTRIUmK6iVFy2JhtcJVa1S+IgB99H95KJ35cL":{"chainKey":{"counter":0},"chainType":2,"messageKeys":{}},"BbeCtPeBj7zrwCzJV5YsInc+Rmb3MLK73DhClmJ3Yj1n":{"chainKey":{"counter":0},"chainType":2,"messageKeys":{}},"BSM0w0msTgReCZAQLulmMUM7jJ+rIB2NtoXYlIzkYEVi":{"chainKey":{"counter":0},"chainType":2,"messageKeys":{}},"BbtaNl0xznTZ32ELK1/pIAt7CtxV8Riqu0CojfJKnBNq":{"chainKey":{"counter":3},"chainType":2,"messageKeys":{"1":"oxyXM+iaRj++lenne8CQcVyUhLXTlRex/fh7vk4EqZk="}},"BdX8HGEepXMoxyC5pMUl1WjnwQ+o7s4WXi4mQ5LqUykh":{"chainKey":{"counter":0},"chainType":2,"messageKeys":{}},"BYiMRXDIWy2YUGqYEznsM2ycEWQKlMsBDpSEhDgK0rxQ":{"chainKey":{"counter":0},"chainType":2,"messageKeys":{}},"BXevahNFwpN0ExmSAq5+gwgmt+LjNiDA6WDB5UA5Rh8m":{"chainKey":{"counter":0},"chainType":2,"messageKeys":{}},"BdVzWZGD+7J3pSq3qxuYWXCs9w980djWFGgGXQft6EIW":{"chainKey":{"counter":0},"chainType":2,"messageKeys":{}},"BTdCdKpLpO0TLBWvLEUjNnHf1fv/+UZq0wBm24yPerBp":{"chainKey":{"counter":1},"chainType":2,"messageKeys":{}},"BcrFjn9GOVUsWgPnDVWLjIjMAzIIOIg2r99Q1bH3KAAp":{"chainKey":{"counter":0},"chainType":2,"messageKeys":{}},"BWm6WIw1ykpUq92OSfyieb7amRs1oFlKf4FtSVTfOZ4r":{"chainKey":{"counter":0},"chainType":2,"messageKeys":{}},"BWF0Z5pXbR3MGlk9tRmsgHnil5u8YEaZ/4RSVk5TPto0":{"chainKey":{"counter":0},"chainType":2,"messageKeys":{}},"BbGW8RxPdd5VrF6kt9OmaIrudUDLpm2h6tDVOpPinl02":{"chainKey":{"counter":0},"chainType":2,"messageKeys":{}},"BWyLL6AHezQ2gWmLd8pukmU6fLzttm+tnxSvKgSKXGtJ":{"chainKey":{"counter":0},"chainType":2,"messageKeys":{}},"BbZYxvoZf+lfNsMiInzmT/apfUPPmaHkdYhLikroqOtS":{"chainKey":{"counter":0},"chainType":2,"messageKeys":{}},"Bc8x82pK7wQlZ1XfyK93wrsQDGUKqJiIB19N74oP0xld":{"chainKey":{"counter":0},"chainType":2,"messageKeys":{}},"BSH7Cc3DNgKhLod79j1njH8VNk0fFgxFCkHIMgglX8dE":{"chainKey":{"counter":0},"chainType":2,"messageKeys":{}},"BdheaVfcKyU6UtrVZEQKjYmbJZjUTtOvJ6LQLVzoaiNC":{"chainKey":{"counter":0},"chainType":2,"messageKeys":{}},"BXpAdTbj8e1YxPw3qLZqMwtLvZNjPVDGjhv2gM3Tc39H":{"chainKey":{"counter":0},"chainType":2,"messageKeys":{}},"BZa42hdILfgv6c1u7H68nxvWleKuy7w+uNndShEPgcpg":{"chainKey":{"counter":0},"chainType":2,"messageKeys":{}},"BTIolq46IzLPo0x1ej/9WCoXq8M+rxvXthO8UyM1UL1W":{"chainKey":{"counter":0},"chainType":2,"messageKeys":{}},"BbpxWFHeYF/w0hSYbDExJPN/TGdY44HbzlBH18ntiQtk":{"chainKey":{"counter":0},"chainType":2,"messageKeys":{}},"BfALozYdNInjUrzgG1cvA5VipzmLBe30l+aX3mF3MP5F":{"chainKey":{"counter":0},"chainType":2,"messageKeys":{}},"BXP5V4Qtt2fGFvFgHng7qWWtpaIyB3wJ7yiPMXsMuwFE":{"chainKey":{"counter":0},"chainType":2,"messageKeys":{}},"BR7gDpSzeIQkxCN7C+lWf//tLCsI3+A7oAclKsDJj55E":{"chainKey":{"counter":5,"key":"TGzP76VLxWY8gPclCqqrH+BveVqYWRwEmYMdZFWiNQI="},"chainType":2,"messageKeys":{"0":"BxmMxDcykrO9iSzNm+KOixUnwenRuF4rne1JZG6Rl24=","3":"5fUo0UIMYSA7RDPL1GXVI2Y+pq83+uMTZnnIurHTiHs="}},"BbDLNEy50eA+28+CgK3X4GOHbKz1eINoQdfoa5DbvvRI":{"chainKey":{"counter":-1,"key":"r9xTzmdkaQwPXuG7XSk+XABczR+rCilDzMRkZMmozkY="},"chainType":1,"messageKeys":{}}}}},"version":"v1"}