{"_sessions":{"BbseryJBZlZLjk+n4bCE6Kco/2OxGdGjDm8fFT/9yD5c":{"registrationId":1852508815,"currentRatchet":{"ephemeralKeyPair":{"pubKey":"BRfywI2A9SajjwK7VeXvhTGjc5tEaqDsyl3a/fAM/6pN","privKey":"GGRgYSjlaLu+TkKQhZRZLztYl/G4ISCpFcVvrYHaZEQ="},"lastRemoteEphemeralKey":"BXtGO4eRulk3+zHue8aTSnzHz997aeVsqeJZp5Q/S/85","previousCounter":0,"rootKey":"mSL4H4Vh1UFIhA0uJc2KQpqomiy+2EWr7Eow7zuOqzw="},"indexInfo":{"baseKey":"BbseryJBZlZLjk+n4bCE6Kco/2OxGdGjDm8fFT/9yD5c","baseKeyType":1,"closed":-1,"used":1762509157194,"created":1762509157194,"remoteIdentityKey":"BYi7XoK1yU9AbL0LpGGUIuKWGY5IZzh7oGtbKDs+/okA"},"_chains":{"BRfywI2A9SajjwK7VeXvhTGjc5tEaqDsyl3a/fAM/6pN":{"chainKey":{"counter":0,"key":"XNb0Z96YA3tO5VKYD8gKb49s0AXaWwi6bfk49D70YIc="},"chainType":1,"messageKeys":{}}},"pendingPreKey":{"signedKeyId":1,"baseKey":"BbseryJBZlZLjk+n4bCE6Kco/2OxGdGjDm8fFT/9yD5c","preKeyId":408}}},"version":"v1"}