{"_sessions":{"BapjElW1yxJD9nJXsEvwjI0SoofC9DGwBL0R/Ep8VQlY":{"registrationId":16170,"currentRatchet":{"ephemeralKeyPair":{"pubKey":"BerVqB/R2gfkFvvUy46kCSuMt2z+wDiQqUv588B8Ti5y","privKey":"SAYYyWr2K0Z+f0qUuB2rHNrJEVTR2PTOe5/qwBxsT30="},"lastRemoteEphemeralKey":"BSbw80YDPrL+NUhP+UODqQMf10hR7unNrZeRQZP84fp3","previousCounter":0,"rootKey":"NPDr+UCbF12Vb5TkFLXsc7f2Jjb5yaBYP4AkMCdrjUU="},"indexInfo":{"baseKey":"BapjElW1yxJD9nJXsEvwjI0SoofC9DGwBL0R/Ep8VQlY","baseKeyType":2,"closed":-1,"used":1765226579551,"created":1765226579551,"remoteIdentityKey":"BcyNjcF6MoNCENmdBKujT8Xek/m4xI86zfenzjVc5wQA"},"_chains":{"BSbw80YDPrL+NUhP+UODqQMf10hR7unNrZeRQZP84fp3":{"chainKey":{"counter":2,"key":"zXzlVtvHjYmkLPYh7wdczObpcobD5jg5Fgbbo95wKGs="},"chainType":2,"messageKeys":{}},"BerVqB/R2gfkFvvUy46kCSuMt2z+wDiQqUv588B8Ti5y":{"chainKey":{"counter":-1,"key":"Ft8+3sb9bXgdjKKjn8yD0xhK4so6HN404MkG+XS5f6k="},"chainType":1,"messageKeys":{}}}}},"version":"v1"}