{"_sessions":{"BdRSzi8vwd0fg9V7PeDOoh7UXW025enuHkXBfX0kZelH":{"registrationId":13881,"currentRatchet":{"ephemeralKeyPair":{"pubKey":"BcdhZ/VboXcx6Q/QuzP8aFXoEOSGga8rfV4zcTWybPo7","privKey":"AC5j3cM6YufEK53ESx6NoN709Pe9gU9FocAPpRBFnUQ="},"lastRemoteEphemeralKey":"BT1TPxjlLTk8Ye+jWnpkOj+vfJJ5VduDyz0AuQOkDmFC","previousCounter":0,"rootKey":"egjBGDuO8I97/TrTszjZlc2gzDiV4YlBK4epVcre+YM="},"indexInfo":{"baseKey":"BdRSzi8vwd0fg9V7PeDOoh7UXW025enuHkXBfX0kZelH","baseKeyType":1,"closed":-1,"used":1760030794931,"created":1760030794931,"remoteIdentityKey":"BbBbIb8vCEmsmOFWRJLmeLD7SOK/d4imNEo5S9Djh50u"},"_chains":{"BcdhZ/VboXcx6Q/QuzP8aFXoEOSGga8rfV4zcTWybPo7":{"chainKey":{"counter":1,"key":"T5XhqRknjJ38DFjX+5FJlBRnkSvapUVQyOtG7WJtDFU="},"chainType":1,"messageKeys":{}}},"pendingPreKey":{"signedKeyId":1,"baseKey":"BdRSzi8vwd0fg9V7PeDOoh7UXW025enuHkXBfX0kZelH","preKeyId":29}}},"version":"v1"}