{"_sessions":{"BbaLzpsTPCdy6jVwZZXc/3xYOyEKXFguF2lxDv9wSjhQ":{"registrationId":8854,"currentRatchet":{"ephemeralKeyPair":{"pubKey":"BffXCp3pqn5vxT3yHcp2UJDEpZILncDLjLHLc2KNy3Ah","privKey":"4AlPF/0AUuONtCgtkS5Z6MUrV88ENbFcXGIqhZOtyXg="},"lastRemoteEphemeralKey":"BT6WF5Q4DMhppmz+6VmfqgTBMFwXgB8bIutuYOAqBgUL","previousCounter":5,"rootKey":"hLBcvYEip8Oppg8D8EcA0R2dBolt9sLJBsq4l8yJyM0="},"indexInfo":{"baseKey":"BbaLzpsTPCdy6jVwZZXc/3xYOyEKXFguF2lxDv9wSjhQ","baseKeyType":1,"closed":-1,"used":1764094318456,"created":1764094073312,"remoteIdentityKey":"BUCL0NjqG7BsqoHNQk7NKyiSbQ0Bdp2oNp4vY//G4ABx"},"_chains":{"BT6WF5Q4DMhppmz+6VmfqgTBMFwXgB8bIutuYOAqBgUL":{"chainKey":{"counter":0,"key":"8TJWjlrIowFw5nyTe3Bz7OKtTgFQkaM0rZhH7itbgTM="},"chainType":2,"messageKeys":{}},"BffXCp3pqn5vxT3yHcp2UJDEpZILncDLjLHLc2KNy3Ah":{"chainKey":{"counter":1,"key":"Nk5Qb3ax/Yy74Aoo9Ilhn586RGccP+x7tbvA1yiFkl4="},"chainType":1,"messageKeys":{}}}}},"version":"v1"}