{"_sessions":{"BQRe+cROmX26BXeVcmBMTGi9MaMp0kcFhNQqqyBRgAsH":{"registrationId":235,"currentRatchet":{"ephemeralKeyPair":{"pubKey":"BdELi+VDX+xmj5zDx9k2bwz7SSDFHDDrR7lcWNAQ0o8D","privKey":"mC9q8RjOq+ivQmnek2Ea8wDMLuoRl5q3E4lhjzBrVXk="},"lastRemoteEphemeralKey":"BR9mteMFdOie7teWRE9KJnKwuBD+H/WPvGzF6XBsjNZ/","previousCounter":0,"rootKey":"WWZZU5h5BIj2D06slhst+Ka2ptbsbWmLXhZ1+TjA+mc="},"indexInfo":{"baseKey":"BQRe+cROmX26BXeVcmBMTGi9MaMp0kcFhNQqqyBRgAsH","baseKeyType":1,"closed":1759840354364,"used":1759832136359,"created":1759832136359,"remoteIdentityKey":"BYdtt6bS2TFUiqtDWh4q3ryW5fuQy8vfd0BybWxIqB4S"},"_chains":{"BdELi+VDX+xmj5zDx9k2bwz7SSDFHDDrR7lcWNAQ0o8D":{"chainKey":{"counter":5,"key":"/crqK0YZDEnrz+ZhVIogwxLmywE/ZONtLXjQA4+TSiM="},"chainType":1,"messageKeys":{}}},"pendingPreKey":{"signedKeyId":1,"baseKey":"BQRe+cROmX26BXeVcmBMTGi9MaMp0kcFhNQqqyBRgAsH","preKeyId":1035}},"BZ41846S/K2O38yXWYD4LF2+36nk1GMr3bM1RB1UWABw":{"registrationId":235,"currentRatchet":{"ephemeralKeyPair":{"pubKey":"BQjcL52qRhPChRM02NSrUrzjvMdyvEhhHygIsXFbSEEH","privKey":"QAsxdlVro6yHqZk1nBPnujKnHV9CSxS5OcaJTuupYkg="},"lastRemoteEphemeralKey":"BR9mteMFdOie7teWRE9KJnKwuBD+H/WPvGzF6XBsjNZ/","previousCounter":0,"rootKey":"x611eCR2NgsxG/IODkfdDxttba2foHg9+wD4FfEIIOk="},"indexInfo":{"baseKey":"BZ41846S/K2O38yXWYD4LF2+36nk1GMr3bM1RB1UWABw","baseKeyType":1,"closed":1759840375210,"used":1759840354361,"created":1759840354361,"remoteIdentityKey":"BYdtt6bS2TFUiqtDWh4q3ryW5fuQy8vfd0BybWxIqB4S"},"_chains":{"BQjcL52qRhPChRM02NSrUrzjvMdyvEhhHygIsXFbSEEH":{"chainKey":{"counter":1,"key":"0pVFgK1PVuDw1oUSlawKwk5TI3iRsHgvHCwYI6+MhTw="},"chainType":1,"messageKeys":{}}},"pendingPreKey":{"signedKeyId":1,"baseKey":"BZ41846S/K2O38yXWYD4LF2+36nk1GMr3bM1RB1UWABw","preKeyId":1462}},"BRt6I6whvnIgsZ57nJfjqlJ3uaWn0K6BEhWxbaVk0Nlj":{"registrationId":235,"currentRatchet":{"ephemeralKeyPair":{"pubKey":"BbiBFePQSd0mCz5XB7Zj2Sl7YEtsUctPVu9i+AJvOhwW","privKey":"SJ8m3aiTrcVtY92vwe0Fo6VT3vp9BlMIN23Hkcwxf3s="},"lastRemoteEphemeralKey":"BR9mteMFdOie7teWRE9KJnKwuBD+H/WPvGzF6XBsjNZ/","previousCounter":0,"rootKey":"hXXZMSO2l3upIG7Yg/esldMLxZ67lrMFZEP8rqQ49X8="},"indexInfo":{"baseKey":"BRt6I6whvnIgsZ57nJfjqlJ3uaWn0K6BEhWxbaVk0Nlj","baseKeyType":1,"closed":1759840401553,"used":1759840375207,"created":1759840375207,"remoteIdentityKey":"BYdtt6bS2TFUiqtDWh4q3ryW5fuQy8vfd0BybWxIqB4S"},"_chains":{"BbiBFePQSd0mCz5XB7Zj2Sl7YEtsUctPVu9i+AJvOhwW":{"chainKey":{"counter":3,"key":"L4N8sPBRghKBTgIyvT2KMRc0z6Ffk6QGuLy7YiL0ZYU="},"chainType":1,"messageKeys":{}}},"pendingPreKey":{"signedKeyId":1,"baseKey":"BRt6I6whvnIgsZ57nJfjqlJ3uaWn0K6BEhWxbaVk0Nlj","preKeyId":1083}},"BZ731nfSVd3k8NPST4JrrgiHNR7KcZTbOasLM06dD212":{"registrationId":235,"currentRatchet":{"ephemeralKeyPair":{"pubKey":"BRWmCdVUw4XHiMs3Fo6+e3jTgyiZ+Kk0wir+PB8fFqEu","privKey":"CGW/FJKi0gXJyRAplPvvMx5MJWnXzmOmM0iw72g6JEk="},"lastRemoteEphemeralKey":"BR9mteMFdOie7teWRE9KJnKwuBD+H/WPvGzF6XBsjNZ/","previousCounter":0,"rootKey":"n+gCbp9ph9NPLCgVcCLshhwO5M/+UpoXkzLYGlR7Hh0="},"indexInfo":{"baseKey":"BZ731nfSVd3k8NPST4JrrgiHNR7KcZTbOasLM06dD212","baseKeyType":1,"closed":1759840433555,"used":1759840401547,"created":1759840401547,"remoteIdentityKey":"BYdtt6bS2TFUiqtDWh4q3ryW5fuQy8vfd0BybWxIqB4S"},"_chains":{"BRWmCdVUw4XHiMs3Fo6+e3jTgyiZ+Kk0wir+PB8fFqEu":{"chainKey":{"counter":1,"key":"0KykiyTj1//AtGdsY5oRGlRcWceO72XeLhAcVA0v1Qw="},"chainType":1,"messageKeys":{}}},"pendingPreKey":{"signedKeyId":1,"baseKey":"BZ731nfSVd3k8NPST4JrrgiHNR7KcZTbOasLM06dD212","preKeyId":1444}},"BYYdi3qUBibJOPCGd9ZPEHXzK1KT6Q7ZBrBxO4skygwO":{"registrationId":235,"currentRatchet":{"ephemeralKeyPair":{"pubKey":"BYt+DoNdnZFR5go1bTva5VbGA8o7o25eITuegmWQ+r4Z","privKey":"YKTYCI5xpHoPfa66tL1UrQtXIUqPML9ilWnco7hFQkg="},"lastRemoteEphemeralKey":"BR9mteMFdOie7teWRE9KJnKwuBD+H/WPvGzF6XBsjNZ/","previousCounter":0,"rootKey":"DVdWl8qtnY6sUbqvFAUho9QwObF3QkeG3V7qD70UtCc="},"indexInfo":{"baseKey":"BYYdi3qUBibJOPCGd9ZPEHXzK1KT6Q7ZBrBxO4skygwO","baseKeyType":1,"closed":1759843533782,"used":1759840433552,"created":1759840433552,"remoteIdentityKey":"BYdtt6bS2TFUiqtDWh4q3ryW5fuQy8vfd0BybWxIqB4S"},"_chains":{"BYt+DoNdnZFR5go1bTva5VbGA8o7o25eITuegmWQ+r4Z":{"chainKey":{"counter":1,"key":"7fic0aWSW+H/iV5xMIm5wcufHQxaijXbWjOZt3lXJmU="},"chainType":1,"messageKeys":{}}},"pendingPreKey":{"signedKeyId":1,"baseKey":"BYYdi3qUBibJOPCGd9ZPEHXzK1KT6Q7ZBrBxO4skygwO","preKeyId":1397}},"BQPcgScDUvzDsTgx4U40CkV0soKIQtr8ysIWJNiceeMF":{"registrationId":235,"currentRatchet":{"ephemeralKeyPair":{"pubKey":"BfTi/MkcYHSrdy1W686t1u1m65DuGEIRPKpdDzCQPy9y","privKey":"GBua2avfgSBS8/GuqDaqv8SVTx8p8abmM2lGuCT/H0I="},"lastRemoteEphemeralKey":"BR9mteMFdOie7teWRE9KJnKwuBD+H/WPvGzF6XBsjNZ/","previousCounter":0,"rootKey":"TFAb35PmXPKCEXZ8xiT5WZAcb+TaTm22/NqGGMHMVcA="},"indexInfo":{"baseKey":"BQPcgScDUvzDsTgx4U40CkV0soKIQtr8ysIWJNiceeMF","baseKeyType":1,"closed":-1,"used":1759843533778,"created":1759843533778,"remoteIdentityKey":"BYdtt6bS2TFUiqtDWh4q3ryW5fuQy8vfd0BybWxIqB4S"},"_chains":{"BfTi/MkcYHSrdy1W686t1u1m65DuGEIRPKpdDzCQPy9y":{"chainKey":{"counter":15,"key":"K+BW+oXDytn8mgdsOU7q0/NOJqsmtOFal5aDgnSzfZM="},"chainType":1,"messageKeys":{}}},"pendingPreKey":{"signedKeyId":1,"baseKey":"BQPcgScDUvzDsTgx4U40CkV0soKIQtr8ysIWJNiceeMF","preKeyId":951}}},"version":"v1"}