{"_sessions":{"BfLYZYSYqcMap++DNeBEPq4KFKoerdSRhZcf83A9n/Yn":{"registrationId":674138012,"currentRatchet":{"ephemeralKeyPair":{"pubKey":"BeWic6Cvpi+Qpuu0TKrsi5noZ9xlQtQd9FYjfmuHQJY3","privKey":"cKFbfRIdrYUXcLdb4/q3VkBbvrQZQgRcmoqHL0em8Ho="},"lastRemoteEphemeralKey":"BRX6XH3xor+E2SLki3fhLfv2lKiWiXXGNiBYSTIlWBA/","previousCounter":0,"rootKey":"E5K9DZw0Rz4N+d0VIwN26eMVAoY4M/tAxH1FtJgefNg="},"indexInfo":{"baseKey":"BfLYZYSYqcMap++DNeBEPq4KFKoerdSRhZcf83A9n/Yn","baseKeyType":2,"closed":-1,"used":1760711657877,"created":1760450349199,"remoteIdentityKey":"BXH2KdT283gHPKqPVdZ4nNU+sk6qWx4wXf92q/5w8nYt"},"_chains":{"BaH2KCgMTI7aE4pP0080XU9cIf0Lyex0ug/ZtS76dHFN":{"chainKey":{"counter":0},"chainType":2,"messageKeys":{}},"BexvPxDB0KFc+0FcUGZwq6xpzUlLgmOJIbbSsXIoNxNm":{"chainKey":{"counter":0},"chainType":2,"messageKeys":{}},"BeovlQkggACI3lPCslb9LYKHpegn0fltcbZkMarrmv8p":{"chainKey":{"counter":0},"chainType":2,"messageKeys":{}},"BS0GdTLtKv53mGQ3799bOrRyFX+I85OFDc4sjf/lCTdI":{"chainKey":{"counter":0},"chainType":2,"messageKeys":{}},"BXssldqHhnjI/Uij1Yqo637pTjhLhr/AIsi29sWl2RlD":{"chainKey":{"counter":0},"chainType":2,"messageKeys":{}},"BRlNNrShx9U+pjoOTBdVe9ADHocIWLiqdbdX9z1QxiwQ":{"chainKey":{"counter":0},"chainType":2,"messageKeys":{}},"Bem/AxP7JBLiJkl65KQhCf5Xbd0IRd4NjzqQ+H67ZgEz":{"chainKey":{"counter":0},"chainType":2,"messageKeys":{}},"BVf7CO+nQz/lRU80zNLJUfSWNgyYc3wIOnKtiENONZxp":{"chainKey":{"counter":0},"chainType":2,"messageKeys":{}},"BXvCaAIzSSSbDBfeFJWin5CmN+kn8iGtpmj0KrzmGatE":{"chainKey":{"counter":0},"chainType":2,"messageKeys":{}},"BZZOOEfe3gYh3eTgDBqVo0HPEo3iQ6mbjgaDZHnXbcA5":{"chainKey":{"counter":0},"chainType":2,"messageKeys":{}},"Ba/U4BHIWTlRzBxDfFdAub/x9jWvW5MmalHq6ge3VuNu":{"chainKey":{"counter":0},"chainType":2,"messageKeys":{}},"BX8tZwXI4TlynnQ05GF+Ayh4KYGuYTNSPokP5hDHPARB":{"chainKey":{"counter":0},"chainType":2,"messageKeys":{}},"BRX6XH3xor+E2SLki3fhLfv2lKiWiXXGNiBYSTIlWBA/":{"chainKey":{"counter":0,"key":"mgb0PqHlfjXyEgCqyNxsdO7jqF2l0UFWVQCmfHCeV/Q="},"chainType":2,"messageKeys":{}},"BeWic6Cvpi+Qpuu0TKrsi5noZ9xlQtQd9FYjfmuHQJY3":{"chainKey":{"counter":1,"key":"mXmRPSa9PRpk/jumZ3fCLWwHCh9zGhMWy37JoAD28m8="},"chainType":1,"messageKeys":{}}}}},"version":"v1"}