{"_sessions":{"BcyotxX0w/qhHseKOjL8je05gKIPBh7WH3fZzKEXU6M6":{"registrationId":57121016,"currentRatchet":{"ephemeralKeyPair":{"pubKey":"BRY2OV7ey/1oQ8DkwBvYDTE2LBh9MGBNWIc0JDq0F0te","privKey":"aBEQQI5y8UJmUM2PGrLgbLyBnw6e1k1SN89xh2EOClg="},"lastRemoteEphemeralKey":"BYPZwNlzQtrDNApc3Q80cF/jKILUw5cAQpvio0biadky","previousCounter":0,"rootKey":"1184OrjMii3UmNSWhDTTt//oTTmbbJfYniimHzEVAiQ="},"indexInfo":{"baseKey":"BcyotxX0w/qhHseKOjL8je05gKIPBh7WH3fZzKEXU6M6","baseKeyType":2,"closed":1759757085799,"used":1759406722730,"created":1759406722730,"remoteIdentityKey":"BcpatpI+iCq6rpvCZyRrdstNGcvzJVpwDQ3xoNLsYQxG"},"_chains":{"BYPZwNlzQtrDNApc3Q80cF/jKILUw5cAQpvio0biadky":{"chainKey":{"counter":17,"key":"kTekY/jTJK/0r4RVzE+KR1V/f2iVi2jYCv40jk3mh3k="},"chainType":2,"messageKeys":{}},"BRY2OV7ey/1oQ8DkwBvYDTE2LBh9MGBNWIc0JDq0F0te":{"chainKey":{"counter":-1,"key":"mZFMpYgb9QnX64TjuyUOdZva+d7ysq9KTG6SI1jVnSE="},"chainType":1,"messageKeys":{}}}},"BRIvkfmC3bOEMFsXepvLL8E89J9jscXSNeWDO9qIqLg2":{"registrationId":57121016,"currentRatchet":{"ephemeralKeyPair":{"pubKey":"BeHD7J9IwHaRIs/tfTmM+4P4PnteJHi1lsRPHVdHPJhJ","privKey":"ON/bVS39O94NPeGD4k5wH03yFl5kWnLslBvrZLEMYFI="},"lastRemoteEphemeralKey":"BYZtj9bZguCbx3zBRQFV4SRvq3ztj4g7kBtXXN1xiohk","previousCounter":0,"rootKey":"WAsMWhGRXZC0JQxV+uSE2DmYyJFTbk2w6ttLVwTG/1M="},"indexInfo":{"baseKey":"BRIvkfmC3bOEMFsXepvLL8E89J9jscXSNeWDO9qIqLg2","baseKeyType":2,"closed":1759757088663,"used":1759757085813,"created":1759757085813,"remoteIdentityKey":"BcpatpI+iCq6rpvCZyRrdstNGcvzJVpwDQ3xoNLsYQxG"},"_chains":{"BYZtj9bZguCbx3zBRQFV4SRvq3ztj4g7kBtXXN1xiohk":{"chainKey":{"counter":1,"key":"yv+0MzXY7rDaduHslkvsmzb//nByrcMCEUd39d3wimQ="},"chainType":2,"messageKeys":{}},"BeHD7J9IwHaRIs/tfTmM+4P4PnteJHi1lsRPHVdHPJhJ":{"chainKey":{"counter":-1,"key":"IyllMVAOiCGa95WaTJmUnxTETCy11Oa+bUWZCbqRlqQ="},"chainType":1,"messageKeys":{}}}},"BVeWT3nhJAfr0H8iUcSWI4uXpnLLxLtHgSw1JqyXOzA2":{"registrationId":57121016,"currentRatchet":{"ephemeralKeyPair":{"pubKey":"BcnV1lhzQA2+ZijYTaRQdRG4d6becgD0Kw775jtplWQc","privKey":"0CZbdC0le78mP8NKW0j78gdo4/6DOFa0+7C/anxkaHU="},"lastRemoteEphemeralKey":"BdjKsOydJukBOklRPI+Fv6xWAeF3G6eooLnep11XsAo2","previousCounter":0,"rootKey":"MOiczeOEeQhbWDMbjlEndsfOrQe7ztNo5icd/CeDYRI="},"indexInfo":{"baseKey":"BVeWT3nhJAfr0H8iUcSWI4uXpnLLxLtHgSw1JqyXOzA2","baseKeyType":1,"closed":1759757090217,"used":1759757088652,"created":1759757088652,"remoteIdentityKey":"BcpatpI+iCq6rpvCZyRrdstNGcvzJVpwDQ3xoNLsYQxG"},"_chains":{"BcnV1lhzQA2+ZijYTaRQdRG4d6becgD0Kw775jtplWQc":{"chainKey":{"counter":0,"key":"hZxU618fkisiZmIOeKwStKLBSAVBQ9Kln73UKdtdHn8="},"chainType":1,"messageKeys":{}}},"pendingPreKey":{"signedKeyId":3702725,"baseKey":"BVeWT3nhJAfr0H8iUcSWI4uXpnLLxLtHgSw1JqyXOzA2","preKeyId":3941}},"Bb8mtmVCtR0PBqx3ZRt92+VhqWUrMw7PHLCUd8ncN3F2":{"registrationId":57121016,"currentRatchet":{"ephemeralKeyPair":{"pubKey":"Bcp8owa+meEie2+s4U9RLVYSjFJnX9vZO+zXzPzEatU6","privKey":"AI2xFlrnHZo8Xgj6umWDvSyuBeTdJ2ERam2bUe0YSUI="},"lastRemoteEphemeralKey":"BdjKsOydJukBOklRPI+Fv6xWAeF3G6eooLnep11XsAo2","previousCounter":0,"rootKey":"2IjXAy6GcS8JPVgDsVKVXLbAPz9/SJT4jqOa8RIGIL8="},"indexInfo":{"baseKey":"Bb8mtmVCtR0PBqx3ZRt92+VhqWUrMw7PHLCUd8ncN3F2","baseKeyType":1,"closed":1759757092211,"used":1759757090210,"created":1759757090210,"remoteIdentityKey":"BcpatpI+iCq6rpvCZyRrdstNGcvzJVpwDQ3xoNLsYQxG"},"_chains":{"Bcp8owa+meEie2+s4U9RLVYSjFJnX9vZO+zXzPzEatU6":{"chainKey":{"counter":0,"key":"j8azQQ/6bX+8H7hXzKGNdYT0xmIpW6A6GtrFdsSp5iQ="},"chainType":1,"messageKeys":{}}},"pendingPreKey":{"signedKeyId":3702725,"baseKey":"Bb8mtmVCtR0PBqx3ZRt92+VhqWUrMw7PHLCUd8ncN3F2","preKeyId":3316}},"BXnZa1QZ6Xhq+ubjJHDEHuOAPJujlQ4t7dkq8z3t2Z0h":{"registrationId":57121016,"currentRatchet":{"ephemeralKeyPair":{"pubKey":"BeI4tPjlOlEeN5uyLQNohz9Lpll0WfI0tR8vvKfb5tF4","privKey":"iG1nFm7y7oqmO1gm6AxLCy+sY71fAvCKWWsrLEI0Fno="},"lastRemoteEphemeralKey":"BdjKsOydJukBOklRPI+Fv6xWAeF3G6eooLnep11XsAo2","previousCounter":0,"rootKey":"JXXHPJKLIN0WBAUQAw4ZHLD21q07RH+O8IKbf8+icJ0="},"indexInfo":{"baseKey":"BXnZa1QZ6Xhq+ubjJHDEHuOAPJujlQ4t7dkq8z3t2Z0h","baseKeyType":1,"closed":1759757152131,"used":1759757092204,"created":1759757092204,"remoteIdentityKey":"BcpatpI+iCq6rpvCZyRrdstNGcvzJVpwDQ3xoNLsYQxG"},"_chains":{"BeI4tPjlOlEeN5uyLQNohz9Lpll0WfI0tR8vvKfb5tF4":{"chainKey":{"counter":0,"key":"tZiO1yAgtuZwnN8PmK0SsmsnuLXgdp5sq75hObtfxZM="},"chainType":1,"messageKeys":{}}},"pendingPreKey":{"signedKeyId":3702725,"baseKey":"BXnZa1QZ6Xhq+ubjJHDEHuOAPJujlQ4t7dkq8z3t2Z0h","preKeyId":3396}},"BWzS21vVA9gneNIEtDYLG3IwEm1WcewPNiCLXaVjqDdO":{"registrationId":57121016,"currentRatchet":{"ephemeralKeyPair":{"pubKey":"BS+U246UwurEn73IIXr4BHo47W18+9qeNcCBj1TnQL8u","privKey":"CNihvGDOBFkA3KsoALgpTlU9v/MTw1TFv+0iLedfZF8="},"lastRemoteEphemeralKey":"BdjKsOydJukBOklRPI+Fv6xWAeF3G6eooLnep11XsAo2","previousCounter":0,"rootKey":"FBunLvs3KkPqWDAiHeOsEC/KETeel+zed9yxsGy4H9Q="},"indexInfo":{"baseKey":"BWzS21vVA9gneNIEtDYLG3IwEm1WcewPNiCLXaVjqDdO","baseKeyType":1,"closed":1759757152604,"used":1759757152121,"created":1759757152120,"remoteIdentityKey":"BcpatpI+iCq6rpvCZyRrdstNGcvzJVpwDQ3xoNLsYQxG"},"_chains":{"BS+U246UwurEn73IIXr4BHo47W18+9qeNcCBj1TnQL8u":{"chainKey":{"counter":0,"key":"s+eWSSjNvcN8DpdUjyClEecpU4XiN/eIjwtDXduS2I4="},"chainType":1,"messageKeys":{}}},"pendingPreKey":{"signedKeyId":3702725,"baseKey":"BWzS21vVA9gneNIEtDYLG3IwEm1WcewPNiCLXaVjqDdO","preKeyId":3848}},"BZhYP0PxsVxCVOCBtJtFSh8FEhmftDJ6jV6nkjbU9NMc":{"registrationId":57121016,"currentRatchet":{"ephemeralKeyPair":{"pubKey":"Ba2ursM5KeXVntCNo95Vxt4+49lH/X/Wb/vxNM2gPp05","privKey":"EMwOYrNUl6wtbf7/5+UUTpL8SN37edjX6ArFK4DWtlQ="},"lastRemoteEphemeralKey":"BdjKsOydJukBOklRPI+Fv6xWAeF3G6eooLnep11XsAo2","previousCounter":0,"rootKey":"/7wU15OQ3X0A7QPO0ZB3f77wM93dnXSTXRGeEe+iT/8="},"indexInfo":{"baseKey":"BZhYP0PxsVxCVOCBtJtFSh8FEhmftDJ6jV6nkjbU9NMc","baseKeyType":1,"closed":1759757153051,"used":1759757152597,"created":1759757152597,"remoteIdentityKey":"BcpatpI+iCq6rpvCZyRrdstNGcvzJVpwDQ3xoNLsYQxG"},"_chains":{"Ba2ursM5KeXVntCNo95Vxt4+49lH/X/Wb/vxNM2gPp05":{"chainKey":{"counter":0,"key":"TQdzgi+rAbXy+rncevKmTcbINz8i/PU+7m+cY7wmDig="},"chainType":1,"messageKeys":{}}},"pendingPreKey":{"signedKeyId":3702725,"baseKey":"BZhYP0PxsVxCVOCBtJtFSh8FEhmftDJ6jV6nkjbU9NMc","preKeyId":3442}},"Bfcu1O+CBLNMohW3yGhaRwDgzvX95EpXaPN0d2cBg6MN":{"registrationId":57121016,"currentRatchet":{"ephemeralKeyPair":{"pubKey":"BcVToDGBuyOhe/mfXayw4y4r0BXKmJYTuLd+cGbwZ1Yx","privKey":"0D921HrCYH06+u2qyyfCAP3MUdWDfkGCfjLi7nfTxUE="},"lastRemoteEphemeralKey":"BbHqq5Qtfp9LPVKpbvTALPEbnDGimSGrqRxNPkvwbipX","previousCounter":0,"rootKey":"sxuDRLiUGsEDk9ku+wTuy5f+QkYXzc3XT6GqQ5AqObE="},"indexInfo":{"baseKey":"Bfcu1O+CBLNMohW3yGhaRwDgzvX95EpXaPN0d2cBg6MN","baseKeyType":1,"closed":1759757165336,"used":1759757162229,"created":1759757153046,"remoteIdentityKey":"BcpatpI+iCq6rpvCZyRrdstNGcvzJVpwDQ3xoNLsYQxG"},"_chains":{"BbHqq5Qtfp9LPVKpbvTALPEbnDGimSGrqRxNPkvwbipX":{"chainKey":{"counter":0,"key":"prJfsJMr99r9AhGYxLlBPykkdN9CESGWzFtn5d68Q/0="},"chainType":2,"messageKeys":{}},"BcVToDGBuyOhe/mfXayw4y4r0BXKmJYTuLd+cGbwZ1Yx":{"chainKey":{"counter":-1,"key":"jR46TnvB9GD2fQHWZPJn4syrYKgd3bHfdjweaLL2pD8="},"chainType":1,"messageKeys":{}}}},"BYbo1oKglmhbi5cr8CF4kuTSI7+llUJ/T6+zmpNwMpsk":{"registrationId":57121016,"currentRatchet":{"ephemeralKeyPair":{"pubKey":"Bdob9gaxNiFQ43rdq3js/KOuWSWgs33l4Hh+ULiqrkoG","privKey":"INK4+IvYhrDEcuyI1UyVJLz4tB018QDQfokXYrJ15Xk="},"lastRemoteEphemeralKey":"BdjKsOydJukBOklRPI+Fv6xWAeF3G6eooLnep11XsAo2","previousCounter":0,"rootKey":"lQ9LLoTigp8mWbAfiuedZGlTfZmd1rYAeuNHy2NAsa0="},"indexInfo":{"baseKey":"BYbo1oKglmhbi5cr8CF4kuTSI7+llUJ/T6+zmpNwMpsk","baseKeyType":1,"closed":1759757253172,"used":1759757165331,"created":1759757165331,"remoteIdentityKey":"BcpatpI+iCq6rpvCZyRrdstNGcvzJVpwDQ3xoNLsYQxG"},"_chains":{"Bdob9gaxNiFQ43rdq3js/KOuWSWgs33l4Hh+ULiqrkoG":{"chainKey":{"counter":0,"key":"kXYd0WgdsrCjcKu/SSjulnNvIQUQi5upSgFidCxxu10="},"chainType":1,"messageKeys":{}}},"pendingPreKey":{"signedKeyId":3702725,"baseKey":"BYbo1oKglmhbi5cr8CF4kuTSI7+llUJ/T6+zmpNwMpsk","preKeyId":3461}},"BU1jYWTjS3W/1xqyLSHRcWWImyupxEzuby6y30zIUCcs":{"registrationId":57121016,"currentRatchet":{"ephemeralKeyPair":{"pubKey":"BaeyOaBiwWfRsd/gLRenK+e6l0A6QZZfNWuEoc5kTg8W","privKey":"iFzd0u4JCnUyFVjDTXUpi0SeNflak5ubx83p+5buSWg="},"lastRemoteEphemeralKey":"BVsWAw102iAUFTUjZQCeN5Kem8xxrBPCaIBRrklFuQgK","previousCounter":0,"rootKey":"Oc/uTVGbXUurBBFuM4qwDBQtLlso+kl4jk6S9SVp+Fc="},"indexInfo":{"baseKey":"BU1jYWTjS3W/1xqyLSHRcWWImyupxEzuby6y30zIUCcs","baseKeyType":1,"closed":1761678468134,"used":1761678921552,"created":1759757253166,"remoteIdentityKey":"BcpatpI+iCq6rpvCZyRrdstNGcvzJVpwDQ3xoNLsYQxG"},"_chains":{"BVsWAw102iAUFTUjZQCeN5Kem8xxrBPCaIBRrklFuQgK":{"chainKey":{"counter":2,"key":"X3vNXGM/Mxd35VliHQi3t+cD7HJTDtHoC2UzipdsUKs="},"chainType":2,"messageKeys":{}},"BaeyOaBiwWfRsd/gLRenK+e6l0A6QZZfNWuEoc5kTg8W":{"chainKey":{"counter":-1,"key":"aNW19Rsfeb/jAfvWt5zk150byZSBKGeMBGrADVY3GB8="},"chainType":1,"messageKeys":{}}}},"BRibUnThXs8MohEdc9//9J3lyu4P59Z0A65JPX4U6TIu":{"registrationId":57121016,"currentRatchet":{"ephemeralKeyPair":{"pubKey":"BdrTrpk975rW+w605kseARABGDVtGKDkLC+WCr2hbww8","privKey":"WFKtTz0wJyB5oFAhpvIy/yWCoYwb1f6As/U9wHe+fUs="},"lastRemoteEphemeralKey":"BVsWAw102iAUFTUjZQCeN5Kem8xxrBPCaIBRrklFuQgK","previousCounter":0,"rootKey":"cbW2XV/94sNpAprjZgrDr74NtLKPe+wRUKWuNoewBwg="},"indexInfo":{"baseKey":"BRibUnThXs8MohEdc9//9J3lyu4P59Z0A65JPX4U6TIu","baseKeyType":1,"closed":1761678487201,"used":1761678468122,"created":1761678468122,"remoteIdentityKey":"BcpatpI+iCq6rpvCZyRrdstNGcvzJVpwDQ3xoNLsYQxG"},"_chains":{"BVsWAw102iAUFTUjZQCeN5Kem8xxrBPCaIBRrklFuQgK":{"chainKey":{"counter":1,"key":"YNXpzIjXLx+ePOXdUaBbW28Blg5pd6oYsfdxZ5lMMbk="},"chainType":2,"messageKeys":{"0":"soWTTXImuDjh+Bn4cpbjPD4FtvHbPVGC19aLcAw4c7s="}},"BdrTrpk975rW+w605kseARABGDVtGKDkLC+WCr2hbww8":{"chainKey":{"counter":-1,"key":"BN9TUjo/Xw40jrNPb9kVOoL5L2Ka1Vusfy8F63Wml3E="},"chainType":1,"messageKeys":{}}},"pendingPreKey":{"signedKeyId":3702726,"baseKey":"BRibUnThXs8MohEdc9//9J3lyu4P59Z0A65JPX4U6TIu","preKeyId":4621}},"BfFwL3XJF097xZlWOxxQY1tPQk45Tr9VTrIPcnuYyMQ1":{"registrationId":57121016,"currentRatchet":{"ephemeralKeyPair":{"pubKey":"BbL9vRic3BBQlZyf3M1YQrakzxaG7cPX2sz2i30gzwo8","privKey":"qIB6V/V3q/L5dm5tSa/sDOUrCQWxrHxTi68Pe3xINnQ="},"lastRemoteEphemeralKey":"BVsWAw102iAUFTUjZQCeN5Kem8xxrBPCaIBRrklFuQgK","previousCounter":0,"rootKey":"IwOqIzI7gzx/n+xOW7x/AQkFx4f6iJLIK42HjuTduvc="},"indexInfo":{"baseKey":"BfFwL3XJF097xZlWOxxQY1tPQk45Tr9VTrIPcnuYyMQ1","baseKeyType":1,"closed":1761678924476,"used":1761678487197,"created":1761678487197,"remoteIdentityKey":"BcpatpI+iCq6rpvCZyRrdstNGcvzJVpwDQ3xoNLsYQxG"},"_chains":{"BVsWAw102iAUFTUjZQCeN5Kem8xxrBPCaIBRrklFuQgK":{"chainKey":{"counter":2,"key":"0aDFCv/PWkYI03IFiJ5qlQ4GwhH6NIqDSOD8s6hBvdE="},"chainType":2,"messageKeys":{"0":"Dr9f0ZCuKjS6WtU452ftUhukMfIXjPZBIGWy6Dlyivk=","1":"Lmqmj2qLgCueIjZ5gIbXG12/E7Tomc/W2Ii0ZzaK6r4="}},"BbL9vRic3BBQlZyf3M1YQrakzxaG7cPX2sz2i30gzwo8":{"chainKey":{"counter":-1,"key":"F0Be4C7VfbjZchf2BpLmgy4gsP37aryVzW6vsF4CwBE="},"chainType":1,"messageKeys":{}}},"pendingPreKey":{"signedKeyId":3702726,"baseKey":"BfFwL3XJF097xZlWOxxQY1tPQk45Tr9VTrIPcnuYyMQ1","preKeyId":4243}},"BdHn6xkvZ1Lv5AaGQXBtZao7rHknx9J5VuQuNbclHzZ0":{"registrationId":57121016,"currentRatchet":{"ephemeralKeyPair":{"pubKey":"BQWrckeCbyUiIOMvUrP7USoFN/BSFgtFAerOSIcqzJlC","privKey":"qLro1Lqkpt9xQkzxGXLafDVKhoOGFopMXlK/ehG6eE4="},"lastRemoteEphemeralKey":"Be7PKl8Hqg1cgkjWWbtFhffFwEBWSGYL9vedfL39d7d6","previousCounter":0,"rootKey":"0BPV+skQB4lGE/DeCPXjFZQ6ChCWr3m1JYKV/FB8KZg="},"indexInfo":{"baseKey":"BdHn6xkvZ1Lv5AaGQXBtZao7rHknx9J5VuQuNbclHzZ0","baseKeyType":1,"closed":1761679163905,"used":1761678924467,"created":1761678924467,"remoteIdentityKey":"BcpatpI+iCq6rpvCZyRrdstNGcvzJVpwDQ3xoNLsYQxG"},"_chains":{"BQWrckeCbyUiIOMvUrP7USoFN/BSFgtFAerOSIcqzJlC":{"chainKey":{"counter":0,"key":"eIP7SjF7BA+VenGU6/HqieVAo7LEzF8qwtJuo7y8vPI="},"chainType":1,"messageKeys":{}}},"pendingPreKey":{"signedKeyId":3702726,"baseKey":"BdHn6xkvZ1Lv5AaGQXBtZao7rHknx9J5VuQuNbclHzZ0","preKeyId":4284}},"BQwblxvznNyhBjPiBnAdTuiasY0St5nlY5L0ecApl1Qd":{"registrationId":57121016,"currentRatchet":{"ephemeralKeyPair":{"pubKey":"Bcgt3JLf+hfKyhbU9ZddLoeaJXm6girkQ4BJrMKA8NJW","privKey":"wLpSsPxbvs0gSlyaTXITBcDrHp36AyffWJYXOpqTKWE="},"lastRemoteEphemeralKey":"Bemjt0IO/N1v4YF9JMeABU814d3pReZajfUQk5bkSrVe","previousCounter":0,"rootKey":"j9pNGB2utiSo0IvYWz25CUbW0gtxj+EdkIpbCeeb/Ts="},"indexInfo":{"baseKey":"BQwblxvznNyhBjPiBnAdTuiasY0St5nlY5L0ecApl1Qd","baseKeyType":1,"closed":1761679426712,"used":1761679424235,"created":1761679163894,"remoteIdentityKey":"BcpatpI+iCq6rpvCZyRrdstNGcvzJVpwDQ3xoNLsYQxG"},"_chains":{"Bemjt0IO/N1v4YF9JMeABU814d3pReZajfUQk5bkSrVe":{"chainKey":{"counter":0,"key":"jma1JgcSEUK8gf3zAEO93evtZmx70R585PCq+y5Jhts="},"chainType":2,"messageKeys":{}},"Bcgt3JLf+hfKyhbU9ZddLoeaJXm6girkQ4BJrMKA8NJW":{"chainKey":{"counter":-1,"key":"VNcybFzpnCZNo27bBkxlI0+jkwhJ0uSALdOExYN1YKM="},"chainType":1,"messageKeys":{}}}},"BfDYzW75U+Ui21Uj/wQW8R0sIg80+dBgs6AWJ8TUHHZv":{"registrationId":57121016,"currentRatchet":{"ephemeralKeyPair":{"pubKey":"BUeGjumo7HH3IcPrERvBF5uhoYRR6QAF64QlA4Txu64R","privKey":"GNuPxp+YFDHIYzyu5hDlUR+8ybXEm5DebgDngFX+wk8="},"lastRemoteEphemeralKey":"Be7PKl8Hqg1cgkjWWbtFhffFwEBWSGYL9vedfL39d7d6","previousCounter":0,"rootKey":"jMScoOd7jma4xS7Fx7xg9KDGq95Pki54Vg7NTUCfchA="},"indexInfo":{"baseKey":"BfDYzW75U+Ui21Uj/wQW8R0sIg80+dBgs6AWJ8TUHHZv","baseKeyType":1,"closed":1761679514851,"used":1761679426709,"created":1761679426709,"remoteIdentityKey":"BcpatpI+iCq6rpvCZyRrdstNGcvzJVpwDQ3xoNLsYQxG"},"_chains":{"BUeGjumo7HH3IcPrERvBF5uhoYRR6QAF64QlA4Txu64R":{"chainKey":{"counter":0,"key":"eh7Kuz11FR022Jjf0axF0tWHCKuoekGYWG2h+yw0bNI="},"chainType":1,"messageKeys":{}}},"pendingPreKey":{"signedKeyId":3702726,"baseKey":"BfDYzW75U+Ui21Uj/wQW8R0sIg80+dBgs6AWJ8TUHHZv","preKeyId":4261}},"BXXI9YWftvnofXVAq7Bcw2gt0xweaU8iQeMfSct57W9H":{"registrationId":57121016,"currentRatchet":{"ephemeralKeyPair":{"pubKey":"BSZ5xSJlN+JGSCQcv09EIzOXHybPhskTeFxWbe7/FvQ2","privKey":"CK7ktgVWeNcIw+S3vSOB8n2cm5+It0F0LE5Ad+hIPkY="},"lastRemoteEphemeralKey":"Be7PKl8Hqg1cgkjWWbtFhffFwEBWSGYL9vedfL39d7d6","previousCounter":0,"rootKey":"UCG4MGftnm+vgy4i5G665XxwJ/M9bdTV/BRLU/5bAP0="},"indexInfo":{"baseKey":"BXXI9YWftvnofXVAq7Bcw2gt0xweaU8iQeMfSct57W9H","baseKeyType":1,"closed":1765023660009,"used":1761679514846,"created":1761679514846,"remoteIdentityKey":"BcpatpI+iCq6rpvCZyRrdstNGcvzJVpwDQ3xoNLsYQxG"},"_chains":{"BSZ5xSJlN+JGSCQcv09EIzOXHybPhskTeFxWbe7/FvQ2":{"chainKey":{"counter":0,"key":"Yd8I84clgJp8spje+EXJq8131NYOB2vZS4W0X1S5+ns="},"chainType":1,"messageKeys":{}}},"pendingPreKey":{"signedKeyId":3702726,"baseKey":"BXXI9YWftvnofXVAq7Bcw2gt0xweaU8iQeMfSct57W9H","preKeyId":4705}},"Be0sGyru3wxtNF1aqKPs1H/zioJ8eemHOqE6s4yfeUNU":{"registrationId":322558095,"currentRatchet":{"ephemeralKeyPair":{"pubKey":"Bc3fZfP0WburmOoLl7IZMaVYxTG3eJcFT6YJTBOpEatP","privKey":"cK/tMerLu/FCc0KwFVIu40VWxRVFWLe79qTBQKcnsmQ="},"lastRemoteEphemeralKey":"Bdjv/xOp1QBJj6nBsGL1YyFAsSpt9jjWjDve3gT6Dqxs","previousCounter":0,"rootKey":"KZNbzQn53+KNgy60kh/0tpd1ce9WjZS5xvERukJeeuA="},"indexInfo":{"baseKey":"Be0sGyru3wxtNF1aqKPs1H/zioJ8eemHOqE6s4yfeUNU","baseKeyType":2,"closed":1765023668675,"used":1765023660012,"created":1765023660012,"remoteIdentityKey":"BUKdrxqg6RUeWFZ4nOhZHWiZjjA8YfmvLM2ovC/dj+EV"},"_chains":{"Bdjv/xOp1QBJj6nBsGL1YyFAsSpt9jjWjDve3gT6Dqxs":{"chainKey":{"counter":0,"key":"ulPXJOYP+EgZ74aa6rL4OrY/QOSOM9+TMZvZxlk0EoE="},"chainType":2,"messageKeys":{}},"Bc3fZfP0WburmOoLl7IZMaVYxTG3eJcFT6YJTBOpEatP":{"chainKey":{"counter":-1,"key":"/agfKZ5JWU6YkB9BwBbuju4YogqPXgfmXjGcGeDbtuA="},"chainType":1,"messageKeys":{}}}},"BdH7E4JeWWwJ2AIbT+qyd4j+eDQUo8+Mrc6aIj9sHJxJ":{"registrationId":322558095,"currentRatchet":{"ephemeralKeyPair":{"pubKey":"BelRvckI157AouoWXdB1d5pBxJ8rvFyLMfGNGTL2Jikp","privKey":"sFopT9EvQdnPsZr65skWUN6mPIXArdZVCjiO7ahRhU8="},"lastRemoteEphemeralKey":"BTUux6VXcZmb0otDdZLsgYIdXPl/ULZ3Yspg57341f0b","previousCounter":0,"rootKey":"kzqAN0QPYSZhYoL8qV8glHBI0kCIOx4h04d5QlLWlvs="},"indexInfo":{"baseKey":"BdH7E4JeWWwJ2AIbT+qyd4j+eDQUo8+Mrc6aIj9sHJxJ","baseKeyType":1,"closed":1765023713602,"used":1765023668670,"created":1765023668670,"remoteIdentityKey":"BUKdrxqg6RUeWFZ4nOhZHWiZjjA8YfmvLM2ovC/dj+EV"},"_chains":{"BelRvckI157AouoWXdB1d5pBxJ8rvFyLMfGNGTL2Jikp":{"chainKey":{"counter":0,"key":"HU6D8W5Pxwx3DqJ7ic8zVQJEN+LB7Tluetywix4r1kc="},"chainType":1,"messageKeys":{}}},"pendingPreKey":{"signedKeyId":5778682,"baseKey":"BdH7E4JeWWwJ2AIbT+qyd4j+eDQUo8+Mrc6aIj9sHJxJ","preKeyId":2536}},"BXeQOfiHP+AEshRnnhNJ++e+0gbgjchTToEOeusN/Ntk":{"registrationId":322558095,"currentRatchet":{"ephemeralKeyPair":{"pubKey":"BZi6hACOCLlT4/3HRwbjdFd1bbNtBdTBo553+krkAMl+","privKey":"KPEKOgACt59tnVmff2ErhZjFMeK1tuhT3YaWocyHhXM="},"lastRemoteEphemeralKey":"BTUux6VXcZmb0otDdZLsgYIdXPl/ULZ3Yspg57341f0b","previousCounter":0,"rootKey":"oRGzr0x39uj3SWdA3/rdWZ0R+gXxenXIeJ3U+ai5VOc="},"indexInfo":{"baseKey":"BXeQOfiHP+AEshRnnhNJ++e+0gbgjchTToEOeusN/Ntk","baseKeyType":1,"closed":-1,"used":1765023713599,"created":1765023713599,"remoteIdentityKey":"BUKdrxqg6RUeWFZ4nOhZHWiZjjA8YfmvLM2ovC/dj+EV"},"_chains":{"BZi6hACOCLlT4/3HRwbjdFd1bbNtBdTBo553+krkAMl+":{"chainKey":{"counter":0,"key":"WTcJD5qXwLAKmIqLfR756iIE/jw/saVrE6BL8m9rC4E="},"chainType":1,"messageKeys":{}}},"pendingPreKey":{"signedKeyId":5778682,"baseKey":"BXeQOfiHP+AEshRnnhNJ++e+0gbgjchTToEOeusN/Ntk","preKeyId":2550}}},"version":"v1"}