{"_sessions":{"BereR2z4yDonZsgo95Pu1tP9VKTjzimj4bP5IX5EFHs/":{"registrationId":1254398857,"currentRatchet":{"ephemeralKeyPair":{"pubKey":"BT17dpJA+pyUETUXmpqLnbTNYXxoADnzcM+JWprnHzlg","privKey":"cJnCheBz6YZdbs0XLEqE5sSJWW+x47gOWR15RO5iL1g="},"lastRemoteEphemeralKey":"BfEu24Kaf9LFYxS8QDvV1oyQaz9OI+AGT59m8VCO0FlN","previousCounter":0,"rootKey":"HxA05TGB//8IYLeYltI6cbNgXpeJEnkscEf6Mx4g5tg="},"indexInfo":{"baseKey":"BereR2z4yDonZsgo95Pu1tP9VKTjzimj4bP5IX5EFHs/","baseKeyType":2,"closed":-1,"used":1763820690936,"created":1760030792807,"remoteIdentityKey":"Bc07+7L38J1hlCyYJ59VJKJubHaTphgxMQpmsJleIGth"},"_chains":{"BVHqf73CrOgDmDep+47OKQmTO24+G5BLGUoElwN0XQAM":{"chainKey":{"counter":0},"chainType":2,"messageKeys":{}},"BaDVJt7gh5bl3KDJuITc/WZUzWKCzMcsCEiRZk8xtloh":{"chainKey":{"counter":0},"chainType":2,"messageKeys":{}},"BfSuMZEqcaPX0dzu3vzCHbgE+r4tvB1gKrw8cToh11hg":{"chainKey":{"counter":0},"chainType":2,"messageKeys":{}},"BUPYF9wArcPeOPA7W50yEMf2jTg2Y0yo/ip13RAmb8FU":{"chainKey":{"counter":0},"chainType":2,"messageKeys":{}},"BdZO1D2AEFPubXuxW2VoZWrXD30TQIBs1aWDlZtxmIwh":{"chainKey":{"counter":0},"chainType":2,"messageKeys":{}},"BW6m9cIvC8uTK0tWRaZEVPEZYyT/eQd/lbZG76B70i56":{"chainKey":{"counter":0},"chainType":2,"messageKeys":{}},"BfEu24Kaf9LFYxS8QDvV1oyQaz9OI+AGT59m8VCO0FlN":{"chainKey":{"counter":0,"key":"SRZyyD4nOdxurqJWLxYmrvRt4Z/UIQ3Kq2L5eeftA8Q="},"chainType":2,"messageKeys":{}},"BT17dpJA+pyUETUXmpqLnbTNYXxoADnzcM+JWprnHzlg":{"chainKey":{"counter":-1,"key":"kJz5vNqEsVYvktS7lbLoM3kDsL2m3pgBXmPwrjWtr+I="},"chainType":1,"messageKeys":{}}}}},"version":"v1"}