{"_sessions":{"BWqOol4wP7OBxqUetVYZkjpHLD5B63KXIzYItxXf8tw8":{"registrationId":1718,"currentRatchet":{"ephemeralKeyPair":{"pubKey":"BRVWW5wBgRP0qnEVDjntCoUcnqaV9k/0xzIsdDhnvUI4","privKey":"kFr8xLntciFUwQCv27re/DjbNNFf4iqrSRxbIVNV5XU="},"lastRemoteEphemeralKey":"BYmbqBQI2Dlgo43mm3AE2iLEEx4IfI/q3YHa7erC2fNT","previousCounter":0,"rootKey":"IOCKaK8Q3O+15v6Efn3JW+79ObSwIC2HqOOzid+Em5o="},"indexInfo":{"baseKey":"BWqOol4wP7OBxqUetVYZkjpHLD5B63KXIzYItxXf8tw8","baseKeyType":1,"closed":-1,"used":1762198979814,"created":1762198979814,"remoteIdentityKey":"BT1ixTMZzihIE5rUvR5E9md6vpTs9nHrS3pnbSBI3TZT"},"_chains":{"BRVWW5wBgRP0qnEVDjntCoUcnqaV9k/0xzIsdDhnvUI4":{"chainKey":{"counter":8,"key":"b55C+XSG6m3AWZGbw7icguCgIHSG0w1hlCLSDeP4ZwA="},"chainType":1,"messageKeys":{}}},"pendingPreKey":{"signedKeyId":1,"baseKey":"BWqOol4wP7OBxqUetVYZkjpHLD5B63KXIzYItxXf8tw8","preKeyId":107}}},"version":"v1"}