{"_sessions":{"BWBwPOcfnpLdo69WAizQ0PN0bkwI4eAtrj5bPNjvQQFx":{"registrationId":236505948,"currentRatchet":{"ephemeralKeyPair":{"pubKey":"BSuGTbeGYr3P+CyTQkHYp8U+bOY/5pLzZl/tOHGJmB57","privKey":"6JU2nENKvA6u64UttTH3c5Vj9iXJteV3Oxx2Z1WdKmo="},"lastRemoteEphemeralKey":"BZ48XhCjkSHm4xzWmEWICN7KroqV9sgsbuAEWf2VnvxD","previousCounter":2,"rootKey":"uXZYJiKW0BBO9LtPzEnA71qFZklVu5izMBKpg18XkWc="},"indexInfo":{"baseKey":"BWBwPOcfnpLdo69WAizQ0PN0bkwI4eAtrj5bPNjvQQFx","baseKeyType":1,"closed":-1,"used":1765999720014,"created":1759327242305,"remoteIdentityKey":"BWKfCkxw/k4YYKjBIfXP1A41TT+6db5d4SkIraj8mc4m"},"_chains":{"BazSlUQq5TL7tNIc/fERNkDuQ5xqZWLoQHQmTg9mSMYv":{"chainKey":{"counter":0},"chainType":2,"messageKeys":{}},"BWoEZQdVUbmDLQ7rRHCHpCh/PY4eLM2LXZTpOwOSLSdZ":{"chainKey":{"counter":0},"chainType":2,"messageKeys":{}},"BaLYOxZSTfHUtzgEehKegiAanFbpGb8zuo86TlGyhLk3":{"chainKey":{"counter":0},"chainType":2,"messageKeys":{}},"BS21C+VkqY5javgRxZCYKUi8oVftZxJzDRmJrERK6KEp":{"chainKey":{"counter":0},"chainType":2,"messageKeys":{}},"BaPwGlS0/2cddzbw976dBI320XopwN4kH6gjRn086s82":{"chainKey":{"counter":0},"chainType":2,"messageKeys":{}},"BYqOhxoQKi3vTL7bmuxJoOrPOzi9SnIv/lQ0BjOYL/VR":{"chainKey":{"counter":0},"chainType":2,"messageKeys":{}},"Bb/93LhJOqtQZwN3KQig5+DViEfnUcDEdlDRKSXWYRca":{"chainKey":{"counter":0},"chainType":2,"messageKeys":{}},"BQnzRku9vhBnByfiCV9xQ9HC/2WH5PJnc+bpa1cvqtMQ":{"chainKey":{"counter":0},"chainType":2,"messageKeys":{}},"BW6ONI+1eNJqJIyAEKuA3lwZ5OvW2Hb2GLTvbsgXY/hr":{"chainKey":{"counter":0},"chainType":2,"messageKeys":{}},"BWIOlSCFtInhPBFR/AjZLAWpitQ3ySZPP6r5bC69Vbsw":{"chainKey":{"counter":0},"chainType":2,"messageKeys":{}},"Bam8FbVQ0ydlgrHM3mR1xxAHjjj83LVvJ/Mjiiw3w2hV":{"chainKey":{"counter":0},"chainType":2,"messageKeys":{}},"BQOUYgQiXSQeujpsNWNNM3/AU8bKgINPgNeLHpwbYLwY":{"chainKey":{"counter":0},"chainType":2,"messageKeys":{}},"BUkRL0WogC97NANb2YMQympfKKOuxsLf2ouVSvXv3P5u":{"chainKey":{"counter":0},"chainType":2,"messageKeys":{}},"BcvspfHGcX+94FABVE5ULjHFEX1IsjD+6pDD4QVgFFw/":{"chainKey":{"counter":0},"chainType":2,"messageKeys":{}},"BYjBZ5kKnEJ96tEzIOccnsZ4nQwh5V5DeF4ZikKcv5Zo":{"chainKey":{"counter":0},"chainType":2,"messageKeys":{}},"BQPQzJwKKjnXt907MYtPxmWkAUo/ySx27wEdVQKNkeU6":{"chainKey":{"counter":0},"chainType":2,"messageKeys":{}},"BYPIpxHPSApVxLNdA6Uz5rdr7X6zh+QAc9qEqV7nRX5a":{"chainKey":{"counter":0},"chainType":2,"messageKeys":{}},"BRt4bXw8uuM/VP+0e6PsFqr5dkiE0w8fRYv5j8hF7EYX":{"chainKey":{"counter":0},"chainType":2,"messageKeys":{}},"BUJGqTYYgOBMIpZ24VvbRfDmlE9ST8quhczZrkmUo24N":{"chainKey":{"counter":0},"chainType":2,"messageKeys":{}},"Bes+zVTh64RDL8f7tXrd0uq20tyL2W4KiHNQRNZIRFo1":{"chainKey":{"counter":0},"chainType":2,"messageKeys":{}},"BZ48XhCjkSHm4xzWmEWICN7KroqV9sgsbuAEWf2VnvxD":{"chainKey":{"counter":3,"key":"eQacqiyGDJ4EGXW1vWriOgriZBZ4lge3FhxzYa1ufrs="},"chainType":2,"messageKeys":{}},"BSuGTbeGYr3P+CyTQkHYp8U+bOY/5pLzZl/tOHGJmB57":{"chainKey":{"counter":-1,"key":"wxeKFx51RNQhXjld0XmVxty72U8MfvIxLuGnIqtNDIc="},"chainType":1,"messageKeys":{}}}}},"version":"v1"}