{"_sessions":{"BQBDFSIUOp22zVUUvlY+Mxmab+14jDepTSyfOJD/xsYg":{"registrationId":4649,"currentRatchet":{"ephemeralKeyPair":{"pubKey":"Batpkm2TpbIRMdhpmR3QhiLVSrRo47WK0ZIrLk/5fBUc","privKey":"YDh3gPohY/2+X0MaklbPA648soUwsddazhzC8f6BgHw="},"lastRemoteEphemeralKey":"BUHgvhJUSOel28jgu7X0qLMedhz306A9p6zI2eTIaKdL","previousCounter":0,"rootKey":"rmUcyRWm9j97OC/fC7oI93lJ4dfhRgoQNt20UMcwAW0="},"indexInfo":{"baseKey":"BQBDFSIUOp22zVUUvlY+Mxmab+14jDepTSyfOJD/xsYg","baseKeyType":1,"closed":-1,"used":1765638715882,"created":1765638715882,"remoteIdentityKey":"BWG5dnioqCclYgiuUFc3/nyQ8I9a0OAXJai88rO4FXF7"},"_chains":{"Batpkm2TpbIRMdhpmR3QhiLVSrRo47WK0ZIrLk/5fBUc":{"chainKey":{"counter":6,"key":"E1XV8IdjDhHeKn5SBkYHSKXHWthhbCtLsugsHAOMRVY="},"chainType":1,"messageKeys":{}}},"pendingPreKey":{"signedKeyId":1,"baseKey":"BQBDFSIUOp22zVUUvlY+Mxmab+14jDepTSyfOJD/xsYg","preKeyId":145}}},"version":"v1"}