{"_sessions":{"Bchu1+t5uA3FFE3lbKHzkj6RmOVsaqAsEP+KsouC2Vlw":{"registrationId":13075,"currentRatchet":{"ephemeralKeyPair":{"pubKey":"BXrZM89+S8WrnH4ttg7ogYqGvx2h7NdWy5hTZpUviewj","privKey":"SFkFqeV2qKzpSmt+lmQnllZGztpe+E0kBt1rXqM+Z0o="},"lastRemoteEphemeralKey":"BavmF1D5oFUKhw1jDEg7xCs7h3Derw2IcoHL8912/pot","previousCounter":1,"rootKey":"cNFAwnvAMdUgaI/TtO9i4mXlU6uBh9VjVf3ukj0RUrs="},"indexInfo":{"baseKey":"Bchu1+t5uA3FFE3lbKHzkj6RmOVsaqAsEP+KsouC2Vlw","baseKeyType":1,"closed":-1,"used":1764263705940,"created":1762509157192,"remoteIdentityKey":"Bc2ukXjIivcie4DW9LX1aILEidlrXMROePu+2Kw4kwM+"},"_chains":{"BUI4vn49ZHHKrUvmC1ZbcR5zd4PjUniEYPDNkSKFoN5n":{"chainKey":{"counter":0},"chainType":2,"messageKeys":{}},"BTEXdjAIxwdtikvvUiFjUOKaAd+aPeH2R41hN10HUUVG":{"chainKey":{"counter":0},"chainType":2,"messageKeys":{}},"Basp43fYpgppihX+LzZcOQIMJJFrq7GjFWEFsXDnGttk":{"chainKey":{"counter":0},"chainType":2,"messageKeys":{}},"BfPpVt2lr5qbif8+F1d9cBbsrLHNSAov7BKDX4PeNQw1":{"chainKey":{"counter":0},"chainType":2,"messageKeys":{}},"BVwcBPwkc3D+55GM6goyHg4Lnm3zpLfRb3CQZ2kGccV7":{"chainKey":{"counter":0},"chainType":2,"messageKeys":{}},"BXfqhDTrlDmoPXkRYeMCC2gkNO1MJhfbNcqtlez1lhcK":{"chainKey":{"counter":0},"chainType":2,"messageKeys":{}},"BTYu+KS3Y4FfUYHt7OUriO1iurZXj14detcBi2xrxDBq":{"chainKey":{"counter":0},"chainType":2,"messageKeys":{}},"BeOpIYoZe034HnvHp6MQLZVTdcbqpBNpLrXHi3zf/q5m":{"chainKey":{"counter":0},"chainType":2,"messageKeys":{}},"BZVG9odDxhrmvmWHMtIjqWCKukxcJDJDZ5+AVcV2f14a":{"chainKey":{"counter":1},"chainType":2,"messageKeys":{}},"Bcqs5JextUj0OBUdT1nCBZBBjfZSXpSULQAWVUONHNpT":{"chainKey":{"counter":1},"chainType":2,"messageKeys":{}},"Bc0T/kQhqvmNDo4uSNrlQ8vNUVYwo5BXUMEx0JvO9WAw":{"chainKey":{"counter":0},"chainType":2,"messageKeys":{}},"BavmF1D5oFUKhw1jDEg7xCs7h3Derw2IcoHL8912/pot":{"chainKey":{"counter":0,"key":"0n1pl8EYt4xwZ+Km6zCQqE62By3YNURb8EhZRMTQSdc="},"chainType":2,"messageKeys":{}},"BXrZM89+S8WrnH4ttg7ogYqGvx2h7NdWy5hTZpUviewj":{"chainKey":{"counter":3,"key":"OgNQCmOcBz2ZOX3FRW9wC3/facyBO8lRnuY3hW6+kyw="},"chainType":1,"messageKeys":{}}}}},"version":"v1"}