{"_sessions":{"BQHQlykJDdfU7u+E1dESgXBoyOYROZBwwLcCONYEuLdq":{"registrationId":812387015,"currentRatchet":{"ephemeralKeyPair":{"pubKey":"BdHpJKcQDUyIrLdwk0/X2V0O5g7GQ5SDopWNlN+1WTJu","privKey":"gMG3tfu5DDzWpA1fqCbdykibsOSs937sRwKBR/BYXnA="},"lastRemoteEphemeralKey":"BeYfOuf71nVJs9Zbd/F48bz6y4QimsRfOWGgwQSeeEV9","previousCounter":0,"rootKey":"BzKSFiQGE7WyZb68Me4usuyKfbSV/vX8sPjABIoGmds="},"indexInfo":{"baseKey":"BQHQlykJDdfU7u+E1dESgXBoyOYROZBwwLcCONYEuLdq","baseKeyType":2,"closed":1764088959227,"used":1759381752948,"created":1759381752948,"remoteIdentityKey":"BTYv9fVP89w8RS3Dm71JU5x/e0BvAdbQUzwdqAC/8TFN"},"_chains":{"BeYfOuf71nVJs9Zbd/F48bz6y4QimsRfOWGgwQSeeEV9":{"chainKey":{"counter":9,"key":"rXqznIpeFJGsb7D1BaN/QGpHH9eDNm1X9ADaqrYDzsQ="},"chainType":2,"messageKeys":{}},"BdHpJKcQDUyIrLdwk0/X2V0O5g7GQ5SDopWNlN+1WTJu":{"chainKey":{"counter":-1,"key":"sPrVr8vvpExFyhH0yLKWq7lEa8RH/+Onc0cwr/euw00="},"chainType":1,"messageKeys":{}}}},"BWsQnNCL8MEcDDOZFXdnLJJbLfNAdlcME7TJvJvbNt8q":{"registrationId":812387015,"currentRatchet":{"ephemeralKeyPair":{"pubKey":"BSZBJtBW7cSlGUwBFh9fst6HzCAsJIrAxDGmm/On6Rct","privKey":"2O+mrGxQfN8fE5Ot3vC6B7d5A6a09pJ47QYDsCoce1M="},"lastRemoteEphemeralKey":"BTPTP6zU8prdPaOUUNa+TwsJcSzJ+UrCviBBRObEGkhO","previousCounter":0,"rootKey":"XDPSa7uOxsTG1Kx6w9b6bWR9N32myqu7HUmYG4+WXAI="},"indexInfo":{"baseKey":"BWsQnNCL8MEcDDOZFXdnLJJbLfNAdlcME7TJvJvbNt8q","baseKeyType":2,"closed":-1,"used":1764088959232,"created":1764088959232,"remoteIdentityKey":"BTYv9fVP89w8RS3Dm71JU5x/e0BvAdbQUzwdqAC/8TFN"},"_chains":{"BTPTP6zU8prdPaOUUNa+TwsJcSzJ+UrCviBBRObEGkhO":{"chainKey":{"counter":16,"key":"iQujTcraqDMKl4xCOLmkcZoR8p/g84oqrp79LLbPQ+k="},"chainType":2,"messageKeys":{}},"BSZBJtBW7cSlGUwBFh9fst6HzCAsJIrAxDGmm/On6Rct":{"chainKey":{"counter":-1,"key":"bnL7Gp0bjcFvfa5WJNRqJS5015gTFAf0P7B/rRLCWd4="},"chainType":1,"messageKeys":{}}}}},"version":"v1"}