{"_sessions":{"BVdbleGAOVGxxeHe67MwdjjfBrzklOhEfH3iHGCFaXlF":{"registrationId":9770,"currentRatchet":{"ephemeralKeyPair":{"pubKey":"Be9RFIiVWigC2pyXTCzSD/3pTTn2nnQwpKJo0gX8k7NC","privKey":"eBxUJ6BWl8XdlU1oAVA0dnJsVBnqwqYW9C+PoL0K3WE="},"lastRemoteEphemeralKey":"BfYcoJe1UPL0u4h5DGzlMNTMB2OPlYtwb1TsDy4M+NRK","previousCounter":0,"rootKey":"WXcDZn7zu6FJbSQJJ8Hi+IB2vHLXmhEaPkbnZwkOBXc="},"indexInfo":{"baseKey":"BVdbleGAOVGxxeHe67MwdjjfBrzklOhEfH3iHGCFaXlF","baseKeyType":1,"closed":-1,"used":1759539368999,"created":1759539368999,"remoteIdentityKey":"BTH5TOogI6eNu47OVM09dhHqqGo77sQO9+6qoncjq9MN"},"_chains":{"Be9RFIiVWigC2pyXTCzSD/3pTTn2nnQwpKJo0gX8k7NC":{"chainKey":{"counter":34,"key":"CW7oe7yPZt3spG9LVNJFCMbTjinh+/uIuN4B1tTu9oM="},"chainType":1,"messageKeys":{}}},"pendingPreKey":{"signedKeyId":1,"baseKey":"BVdbleGAOVGxxeHe67MwdjjfBrzklOhEfH3iHGCFaXlF","preKeyId":170}}},"version":"v1"}