{"_sessions":{"BROHmNPVTq+/WDR67S/0DpHITTZZ3dhz40KaPEqeyL0E":{"registrationId":693221955,"currentRatchet":{"ephemeralKeyPair":{"pubKey":"BYp84NyyHWwIjFjZYUlErK6kdJMjo91fdnzx7EN8ujI3","privKey":"yCP3wiDqSSTBPhIsPqUKUFLTXV10KVmUuTpC9tv/1X8="},"lastRemoteEphemeralKey":"BXmiaxuP9pK016qKyVW6SUX/HamO+4MwugE27f7Komkj","previousCounter":0,"rootKey":"MHTmdG32deJcIoYO/U2X7vM+YnU5lyIyxKt6ZouUhbQ="},"indexInfo":{"baseKey":"BROHmNPVTq+/WDR67S/0DpHITTZZ3dhz40KaPEqeyL0E","baseKeyType":1,"closed":-1,"used":1760711420587,"created":1760711420587,"remoteIdentityKey":"BUKBRmkDY9zjhoFBsCSN3qz6Dsa/jNl6MWHKPRqlg4At"},"_chains":{"BYp84NyyHWwIjFjZYUlErK6kdJMjo91fdnzx7EN8ujI3":{"chainKey":{"counter":29,"key":"GTLpobDUbDbhTEMu5mFT+rB/yUntENk9FJo/WZ+y9aM="},"chainType":1,"messageKeys":{}}},"pendingPreKey":{"signedKeyId":1,"baseKey":"BROHmNPVTq+/WDR67S/0DpHITTZZ3dhz40KaPEqeyL0E","preKeyId":18}}},"version":"v1"}