{"_sessions":{"BVy6Fo0dZmqIkIJ3OEGf99PoAsTRoIBtVkkvr/7GyKVC":{"registrationId":2128057656,"currentRatchet":{"ephemeralKeyPair":{"pubKey":"BaD+NPk+66AmCp1Llo8qfuRvDAL+TrUn3MZ9sl8nCIwO","privKey":"2DRIYZ3fhWni/1g9aCcg2j3F6Nj+6uGfhKQMnoxhpV8="},"lastRemoteEphemeralKey":"BY4/EVAAuVhZLvAkUSG7YA43gF8DMIFKlDKtdaghVG55","previousCounter":0,"rootKey":"Sj2eC2mQNb1qMYp850L3nBC1XZkWEYtxfjJuTFuRFaE="},"indexInfo":{"baseKey":"BVy6Fo0dZmqIkIJ3OEGf99PoAsTRoIBtVkkvr/7GyKVC","baseKeyType":2,"closed":-1,"used":1760046957128,"created":1760046957128,"remoteIdentityKey":"BQXgaDKyamPVKAQ5keus/uCsgPdULNHADsuPodm/VzY0"},"_chains":{"BY4/EVAAuVhZLvAkUSG7YA43gF8DMIFKlDKtdaghVG55":{"chainKey":{"counter":66,"key":"r2xtj4RvKVfavMPXM8bj161jz/zjRT8jOKVE0afdvYY="},"chainType":2,"messageKeys":{}},"BaD+NPk+66AmCp1Llo8qfuRvDAL+TrUn3MZ9sl8nCIwO":{"chainKey":{"counter":-1,"key":"EyBJNT+WUvu7MzjMuOevw2gMBC7PyfgFfHx0wAndGJg="},"chainType":1,"messageKeys":{}}}}},"version":"v1"}