{"_sessions":{"BUG7KAaq0E9CFCLOeJpKkIAdXkYbbPmVAXSix8fGPKsC":{"registrationId":1690680112,"currentRatchet":{"ephemeralKeyPair":{"pubKey":"BQVPgavcY9yUD4Uy1GzAlAP3D7S0U3nQhaTKv9tmvRFR","privKey":"2P6Tgxmj2rLTK0C3ubW7o190wNskTspixi3Mn119AX4="},"lastRemoteEphemeralKey":"BSfh/yQCb5OmnGNESibZWEVIRykzFjNDqh+gh1+JHAhV","previousCounter":0,"rootKey":"1KYXEXvL2xhODx0GY1EvRXM0ZsFupyef41kNaTjP7OU="},"indexInfo":{"baseKey":"BUG7KAaq0E9CFCLOeJpKkIAdXkYbbPmVAXSix8fGPKsC","baseKeyType":2,"closed":-1,"used":1759410120243,"created":1759410120243,"remoteIdentityKey":"BfedgfR9oJ6QUvP8iDIiZzWVdS+pB+D0Flag7XUgglpV"},"_chains":{"BSfh/yQCb5OmnGNESibZWEVIRykzFjNDqh+gh1+JHAhV":{"chainKey":{"counter":0,"key":"ucsrF73bb7Ls9pJcIxE5AxFJ+fZ0dTIG2NfRh8fblB0="},"chainType":2,"messageKeys":{}},"BQVPgavcY9yUD4Uy1GzAlAP3D7S0U3nQhaTKv9tmvRFR":{"chainKey":{"counter":0,"key":"QaJDIgfQDrSXqODRXhYf/Vgn1JokdgNfacKMBVXVyI0="},"chainType":1,"messageKeys":{}}}}},"version":"v1"}