{"_sessions":{"BVcizTHbt/0i5I1LAk2++S7+zGvJpKenWlHNM7lNcnhC":{"registrationId":4142,"currentRatchet":{"ephemeralKeyPair":{"pubKey":"BVOIBmylKyY22POOOL/qQ0DED3eHaeekHUCPq7DQdplI","privKey":"4ELdfV0AkW5Ly4AD7jBnHcfrOH1/iqgtAMhfUBnm82Q="},"lastRemoteEphemeralKey":"BXlTXVdTBoNs/mrnoADI4nFl7VF4N+kXhCnwKJUlAF5v","previousCounter":0,"rootKey":"pBcKIvX201mRjUv7kAqVZAfrjaYDEvGArQFWsdFjTC0="},"indexInfo":{"baseKey":"BVcizTHbt/0i5I1LAk2++S7+zGvJpKenWlHNM7lNcnhC","baseKeyType":1,"closed":-1,"used":1763028084242,"created":1763028084242,"remoteIdentityKey":"BUTTTJCqyqsAIg2EYOy0mZ+u3SlcWS+uzZ3wB72TsSEv"},"_chains":{"BVOIBmylKyY22POOOL/qQ0DED3eHaeekHUCPq7DQdplI":{"chainKey":{"counter":36,"key":"ohRiLP//aQnitQ0u8McYeRI0+oAVXCDraSc88md1ULU="},"chainType":1,"messageKeys":{}}},"pendingPreKey":{"signedKeyId":1,"baseKey":"BVcizTHbt/0i5I1LAk2++S7+zGvJpKenWlHNM7lNcnhC","preKeyId":101}}},"version":"v1"}