{"_sessions":{"BQAm9SGRcVFgtSCVPRiHTcCLD5TL3UORGWBvQODWz7AM":{"registrationId":7142,"currentRatchet":{"ephemeralKeyPair":{"pubKey":"BWLVvjquj5N2fORiwELVKOvNJm2GnoHWrEhptBgAUNcX","privKey":"oJ+bbnYehX4pkmux5k7CMd4ngX+2oltW2mptMTZ8TUI="},"lastRemoteEphemeralKey":"BZW5cnuUbMeZumfubfZdXGiuGF3GmfFhFLOGMd+9BddP","previousCounter":4,"rootKey":"IHOZOklZhtDxctB+uiNQdgp2qcx/+C0AEu8TLCQwDHY="},"indexInfo":{"baseKey":"BQAm9SGRcVFgtSCVPRiHTcCLD5TL3UORGWBvQODWz7AM","baseKeyType":2,"closed":-1,"used":1761864162896,"created":1759786281002,"remoteIdentityKey":"Bd4zd0zEcNq7X4EJ4WIDoLdYb+Jgw8H66URiAjJYFIU4"},"_chains":{"BT6AuzBn5SeAT4yoqE7TQ3AkAShf8tj+YR26+hKnkxUz":{"chainKey":{"counter":0},"chainType":2,"messageKeys":{}},"BaoUJ6YCzF8kUNuqT96x1g8Jb+NBUoxONmp6TU6G+dpr":{"chainKey":{"counter":0},"chainType":2,"messageKeys":{}},"BTRMhskc5OIxwRHmVoNI03OdFYud/xRms7PQr4UrOisY":{"chainKey":{"counter":0},"chainType":2,"messageKeys":{}},"BdvFo2sFshK8Wnad+IvbTd2WYp70o2EVMyPICb/fHfYI":{"chainKey":{"counter":0},"chainType":2,"messageKeys":{}},"BbBCqpAygW/TkxffRsCOj/jsuOBiI+eBZezWjfrjGhEv":{"chainKey":{"counter":0},"chainType":2,"messageKeys":{}},"BaaGZ99F6Avh3x7BSXsSZRE1n/FTGUSeM9z0wLgS0McI":{"chainKey":{"counter":0},"chainType":2,"messageKeys":{}},"BYGI29zM6aMN1S9EtFkeuhxummgINQUJ3BkghG24eAlR":{"chainKey":{"counter":0},"chainType":2,"messageKeys":{}},"BXXqbN75K5PbKnoIyJLp7eLosRFbDYTpZPyzYrhX0Mtm":{"chainKey":{"counter":0},"chainType":2,"messageKeys":{}},"BX+X7gnndfNkciujr9Xa9yhFV7FwgeTS6IGnMKRCR2Un":{"chainKey":{"counter":0},"chainType":2,"messageKeys":{}},"BTxaap2nRWA+/1TMRoGGyka7iP0I3Cvrb43pBL9jnOIo":{"chainKey":{"counter":0},"chainType":2,"messageKeys":{}},"BVlBKd/UQt8cXjAywx0FR7UmkSq2hsetLgG7WkuIIHsu":{"chainKey":{"counter":0},"chainType":2,"messageKeys":{}},"BXwt7DH3V+w+EgbmF/pa0hobyv/wBXFmhVPu8XvitL1l":{"chainKey":{"counter":0},"chainType":2,"messageKeys":{}},"BYeQZRu9T40jW74wkTvLMRZ/ANLjSiUN1cxTeLlUZHAP":{"chainKey":{"counter":0},"chainType":2,"messageKeys":{}},"BfoSxVsZcmYK6ZhkgmRZPBGjaQixu6aPrdMn4LL6tCkX":{"chainKey":{"counter":0},"chainType":2,"messageKeys":{}},"BeYJldezw5Jfn78tFn0gcm5x1vAAAbf6vVimFtISWFZo":{"chainKey":{"counter":1},"chainType":2,"messageKeys":{}},"BZW5cnuUbMeZumfubfZdXGiuGF3GmfFhFLOGMd+9BddP":{"chainKey":{"counter":0,"key":"fKgx8pAoi+ESGJTmFcCxQWTswtIYjVOzvWMOEMj0eB0="},"chainType":2,"messageKeys":{}},"BWLVvjquj5N2fORiwELVKOvNJm2GnoHWrEhptBgAUNcX":{"chainKey":{"counter":1,"key":"E4zauzqS9lkZOfsvofXeLUcHBJQoYqKfjNtoNcaKLNU="},"chainType":1,"messageKeys":{}}}}},"version":"v1"}