{"_sessions":{"BQeQ/BMAulHCGpij8xd9EwbqaJ2qfMVFK7/KeSkYjbF2":{"registrationId":7168,"currentRatchet":{"ephemeralKeyPair":{"pubKey":"BdQEKJkiomc4s6JvsgJCqbNrZ8e1Sbp786lxjzZAO1lh","privKey":"eJwkkoCOtNWq9VdNle2BIZXbg2wYimU36i26nL9jnH4="},"lastRemoteEphemeralKey":"BRSZ69PHF+m/VdG2BZeqDHPzaMFYx3NpXEftcgl1dwlB","previousCounter":0,"rootKey":"uK3xoI7kVwfFp+geL9hSjQ4GuCw5fAirEYXIvOFGka4="},"indexInfo":{"baseKey":"BQeQ/BMAulHCGpij8xd9EwbqaJ2qfMVFK7/KeSkYjbF2","baseKeyType":1,"closed":-1,"used":1761739291940,"created":1761739291940,"remoteIdentityKey":"BSvkp53ZB9jEbZx8CyZgUa6tIkQaaTEj6KgGp9YHoM1N"},"_chains":{"BdQEKJkiomc4s6JvsgJCqbNrZ8e1Sbp786lxjzZAO1lh":{"chainKey":{"counter":6,"key":"HbgWal3mtQDpZ17caWdoiVFAKZnWPpHX/m4th1lht2c="},"chainType":1,"messageKeys":{}}},"pendingPreKey":{"signedKeyId":1,"baseKey":"BQeQ/BMAulHCGpij8xd9EwbqaJ2qfMVFK7/KeSkYjbF2"}}},"version":"v1"}