{"_sessions":{"BdaMqBparCY+GwHsUIqm7b7V4CMimbQIvzPSivBn+89t":{"registrationId":13945,"currentRatchet":{"ephemeralKeyPair":{"pubKey":"BZ/8Tyn1d1yTkp8zIoiFm0bTni9LoNrAcuoDOCY/5YY7","privKey":"cBpqfBePXEuPHXRxc9Fob/KeR/2nK2lvn02G4wJTelw="},"lastRemoteEphemeralKey":"BU0XMBZz4LO5s/xcCEJjZae8LK7jiRq1N49fOw9Oiucn","previousCounter":0,"rootKey":"S8ldLIHP8BHakcajLOfWcuo7iaPnqeS1JqUnfgFghvc="},"indexInfo":{"baseKey":"BdaMqBparCY+GwHsUIqm7b7V4CMimbQIvzPSivBn+89t","baseKeyType":1,"closed":-1,"used":1763397830214,"created":1763397830214,"remoteIdentityKey":"BUyYemZbAiISqM0ZA9invNyGvJ06fZ9Mqa0D0iiyRb8O"},"_chains":{"BZ/8Tyn1d1yTkp8zIoiFm0bTni9LoNrAcuoDOCY/5YY7":{"chainKey":{"counter":21,"key":"ekQh8CSeIuCycmHWn5/bTIMQ0jWkPCQGx/ShSm7O87M="},"chainType":1,"messageKeys":{}}},"pendingPreKey":{"signedKeyId":1,"baseKey":"BdaMqBparCY+GwHsUIqm7b7V4CMimbQIvzPSivBn+89t","preKeyId":278}}},"version":"v1"}