{"_sessions":{"Baq8YfRzbZ28nAKqOuGPaxMG1d9W2oRhXucYlb7d+Rw2":{"registrationId":238174835,"currentRatchet":{"ephemeralKeyPair":{"pubKey":"BcaYG12VLsvyvpmA/oIaVCRsdSr7a4UcAc1kGtuUk9ol","privKey":"YEkAhF9IvdHPzcD6Y7S8OuQcsJ+erF21ISAVEJ7ulEY="},"lastRemoteEphemeralKey":"BRIqzDimG3J6Gg9QbKI8JEm+zuXyAJNvoD6/MvceQgUg","previousCounter":0,"rootKey":"QYC8IjsUiSxMN0vX5UlkAN74EccHXGz53cbw+LO1EaU="},"indexInfo":{"baseKey":"Baq8YfRzbZ28nAKqOuGPaxMG1d9W2oRhXucYlb7d+Rw2","baseKeyType":2,"closed":-1,"used":1759892265808,"created":1759892265808,"remoteIdentityKey":"BWBoALGxcbrkyt2hKKyw366a28lrfVFpmWQRdoiIMOUm"},"_chains":{"BRIqzDimG3J6Gg9QbKI8JEm+zuXyAJNvoD6/MvceQgUg":{"chainKey":{"counter":2,"key":"goW2SMOAsmZCdIoxDApbBTKotzx3niJNdA9lX9q3EIM="},"chainType":2,"messageKeys":{}},"BcaYG12VLsvyvpmA/oIaVCRsdSr7a4UcAc1kGtuUk9ol":{"chainKey":{"counter":-1,"key":"UPfvpbTas83cKW16P0mguYvmx3MUNS3YESN3G3q7YGE="},"chainType":1,"messageKeys":{}}}}},"version":"v1"}