{"_sessions":{"BRhJH5VP/hWTkq8pGFIUadxpkkaayyLdENG5fw+B6StY":{"registrationId":8558,"currentRatchet":{"ephemeralKeyPair":{"pubKey":"BU4VySdNN+zH9YClH6wm62NER23i4FZCtk/hEzh0x5ET","privKey":"mDn8bH/1wZc/ABs+O2ziFcyhaM9byOb41sMIVKiRw3Q="},"lastRemoteEphemeralKey":"BdxuhsBC24HTe6KMUVb5es8Q3Okn/40ZTc9KNIo5xgtX","previousCounter":0,"rootKey":"mBcZE8YrjPQXGrTcd1XY0F1i19VeYV6lkX46xtM0YhI="},"indexInfo":{"baseKey":"BRhJH5VP/hWTkq8pGFIUadxpkkaayyLdENG5fw+B6StY","baseKeyType":2,"closed":-1,"used":1759764339803,"created":1759764334998,"remoteIdentityKey":"BZqc0qJD5eF3k1b7Oac9YWpTgWe7nP6Vnpkse0l6AxNK"},"_chains":{"BZvi5wmGOufbKvOS36ppZeUGhRNtpLysytWupxFY0GQt":{"chainKey":{"counter":0},"chainType":2,"messageKeys":{}},"BdxuhsBC24HTe6KMUVb5es8Q3Okn/40ZTc9KNIo5xgtX":{"chainKey":{"counter":0,"key":"jbEvcaith8Wz1xULlvwBaCVTayN6/y8S4OK9n2AMGDI="},"chainType":2,"messageKeys":{}},"BU4VySdNN+zH9YClH6wm62NER23i4FZCtk/hEzh0x5ET":{"chainKey":{"counter":3,"key":"e8jJuT5ECi1hS4z951ERF63nam0WLyppfpZcBzi4kfI="},"chainType":1,"messageKeys":{}}}}},"version":"v1"}