{"_sessions":{"BTRBVAhXFLFArEwhHUNb9z1ksN2jEQ8zkYFPSL756O9r":{"registrationId":2164543,"currentRatchet":{"ephemeralKeyPair":{"pubKey":"BXSz8cNUI79pBhOy9omBU3aTL8iAsWfO6nTp5LK6Ds0R","privKey":"6ERgQZwpKfoV2k+ADlnXciJpblZGSzfR68zb66YrJ04="},"lastRemoteEphemeralKey":"BdijTigQEjs/wSM6IoiSR5YpG+vmQgEqKz74FiADeb9G","previousCounter":0,"rootKey":"2OGevKL1kO2Gb4isHFZjLCUFmUxaV2+MnsdYZkZo/qc="},"indexInfo":{"baseKey":"BTRBVAhXFLFArEwhHUNb9z1ksN2jEQ8zkYFPSL756O9r","baseKeyType":1,"closed":-1,"used":1762084080071,"created":1759325701780,"remoteIdentityKey":"BdaqnWcJLbs19p0sM8JCcndq+DmM62hX9bRSxG2L28N1"},"_chains":{"BaQWRdPGJUD/l8EDZjVi36IIRgIZaKqsLfeP+d+/T6R/":{"chainKey":{"counter":0},"chainType":2,"messageKeys":{}},"Bd+i8VmyotnxVuV5neOoQlPNZTrKwbzp31xPSP18e1Rm":{"chainKey":{"counter":0},"chainType":2,"messageKeys":{}},"BQEFdYpfxdRu7EqoVtLa2fSpvtIF4otJrBJi0zlsn0c7":{"chainKey":{"counter":0},"chainType":2,"messageKeys":{}},"BTR5jmaDeO/xwH6Di69BPgqlATiP3FUDPWpPKMDgSrpF":{"chainKey":{"counter":0},"chainType":2,"messageKeys":{}},"BeM+tS/M0efdvsLMcXSfka38BmEr8Zt1v5xTDw6IwiZ2":{"chainKey":{"counter":0},"chainType":2,"messageKeys":{}},"BYx6ZZnKnrqC6l+bL9hVa+7LsPDjq+W05LXQosALpFYP":{"chainKey":{"counter":0},"chainType":2,"messageKeys":{}},"BSRg3848uuXZYMntz1eE6z2zI+pZKqFA3WRH2s1ORQx5":{"chainKey":{"counter":0},"chainType":2,"messageKeys":{}},"BR2dJxRnQM2a5ek4wARsZDtYpAVvpRO2hzNDyHKnV6cd":{"chainKey":{"counter":0},"chainType":2,"messageKeys":{}},"BQ5fwhh9gQKEIKnd0sEXaPe/z8R/G6G2gZPkNd4Qu/Vr":{"chainKey":{"counter":0},"chainType":2,"messageKeys":{}},"BfjdpSfsIgzogeq7gcgNqYLmaEj8U9vB06R5tZQ2oGog":{"chainKey":{"counter":0},"chainType":2,"messageKeys":{}},"BZ7cYQEe3wUvASj8SvPaRdQ2y0K2eFrkZ647UU8iFNV8":{"chainKey":{"counter":0},"chainType":2,"messageKeys":{}},"BWByuoOYci6zDS1frtTIKB5+5ok46uPXSaNfAmbu7MNy":{"chainKey":{"counter":0},"chainType":2,"messageKeys":{}},"BfFzneCkKcEPy32vy2QMYPMl8+lQC+XwFUjVlM8S1lx9":{"chainKey":{"counter":0},"chainType":2,"messageKeys":{}},"BeytD+gF2e3ppAvvLohMMYkPpp7SRX61HMYnFZ0HUdFM":{"chainKey":{"counter":0},"chainType":2,"messageKeys":{}},"BaqhZeR8Mhhj5XTVl+CsfcbugU4no8XNi4EPPVaYFw9x":{"chainKey":{"counter":0},"chainType":2,"messageKeys":{}},"BZhR+X/DNg/zvJ9B0Q5JigXtETNHDykW3oNKutqET4dx":{"chainKey":{"counter":0},"chainType":2,"messageKeys":{}},"Baqylj++h+7OQKx+9+TfbTkMLLhCy2iSO2TKPFShMZY8":{"chainKey":{"counter":0},"chainType":2,"messageKeys":{}},"Bc2P588eoZCY2YIiaZ1DfXVHQG6ps2kCkv/W/uz/SssX":{"chainKey":{"counter":0},"chainType":2,"messageKeys":{}},"BdabV0aJAFQNkGPo3qR6oB/mUlfQ+61uaKvx2xCv2Ip5":{"chainKey":{"counter":0},"chainType":2,"messageKeys":{}},"Bf/8ssPRDcZo2aN2GegSZiNink2Qi4aLhlMujYglrh1B":{"chainKey":{"counter":0},"chainType":2,"messageKeys":{}},"BXnJXOXyQN0vAnkadixkb5BBliiHUYLWdtPBldKmbRBQ":{"chainKey":{"counter":0},"chainType":2,"messageKeys":{}},"BVArOi3gs/cQ8jXMboG/1GCCv7X1SnR6VcZ0RnbVo4d7":{"chainKey":{"counter":0},"chainType":2,"messageKeys":{}},"BYoO2mClK+QyQQ5OrH6hfi3wdl1LW47BPMrryF/q2H48":{"chainKey":{"counter":0},"chainType":2,"messageKeys":{}},"BQyuKK0lT6d2HyMUPX7iKSRj2FVCMXGxQk14YFrQ9HNM":{"chainKey":{"counter":0},"chainType":2,"messageKeys":{}},"BQxx/HTho/hib+VgaYa6pVj6+f99Zg0M2tWr58Xs6j4s":{"chainKey":{"counter":0},"chainType":2,"messageKeys":{}},"BcY7FjjI3KViw22VN7qK0ZdSDrk/5y8Q0DcU+E1ZGzwW":{"chainKey":{"counter":0},"chainType":2,"messageKeys":{}},"BZqWr+2yoF7LUX5nuwPCDXydFMgl2hlI3pqchszfHsFC":{"chainKey":{"counter":0},"chainType":2,"messageKeys":{}},"BSuUlNQK96nCKnnxEDQwXbNfCbiwaY+5jXPhZGsZcBNm":{"chainKey":{"counter":0},"chainType":2,"messageKeys":{}},"BXevZMlIHZugG/f25mV9BfjIkPq0E0O6C+xcR/R58kJ1":{"chainKey":{"counter":0},"chainType":2,"messageKeys":{}},"BVK7DhBc8HvJVIx/QFmX4M30nI/tSTtLyx2+DdLOVspc":{"chainKey":{"counter":0},"chainType":2,"messageKeys":{}},"BWIFSI3b51GLHIA8iTMJHhFjNeTqAxzcSN43R1qBZ80C":{"chainKey":{"counter":0},"chainType":2,"messageKeys":{}},"BdZCXGeY/2iGSNIEK7f8FeLpIA4LNogvP3kmVktHQo4F":{"chainKey":{"counter":0},"chainType":2,"messageKeys":{}},"BbYYvpa45RT2NucxkHLRHj61gO1TZQ0rNzMXvgYMXBpY":{"chainKey":{"counter":0},"chainType":2,"messageKeys":{}},"BVrhMa0RgAPq3t7mhQQT+sa32/WZb3+zcXL+Rzr1jxMC":{"chainKey":{"counter":0},"chainType":2,"messageKeys":{}},"BYzUMx+3lCYRlAsKtdP4dtXa4qvQkLbbCu6qFbRI5BkP":{"chainKey":{"counter":0},"chainType":2,"messageKeys":{}},"BdRjuT6KF1Ha7mT/OmeIltpqIsgkdZtxKGatA4Cd5jZn":{"chainKey":{"counter":0},"chainType":2,"messageKeys":{}},"BSllP2T6tH9rLiX/fQZSeuDiX2BksjU56kPcNG1+CAhf":{"chainKey":{"counter":0},"chainType":2,"messageKeys":{}},"Bbf9qvj3MyjONLbNy6VsBeX7vcMQucGPkw2ApbVQDA0F":{"chainKey":{"counter":0},"chainType":2,"messageKeys":{}},"BW0p05x88ty/o4NB/HWboPhyfvFdpLMEjXuHSEXiWixh":{"chainKey":{"counter":0},"chainType":2,"messageKeys":{}},"BWkJKycpACF1a8it9Db3uEQ2QzDyg0ROxBisVRjgiM4X":{"chainKey":{"counter":0},"chainType":2,"messageKeys":{}},"Bd0tfjvuecHHmlaU/PytlhTxC0sTukxdwwklG1gyGtF1":{"chainKey":{"counter":0},"chainType":2,"messageKeys":{}},"BasbFSs1FPhYvlzdMKQDHyq1n7pVyY/A0QC5i3tkHv95":{"chainKey":{"counter":0},"chainType":2,"messageKeys":{}},"BdvEl1F+P1EZ/LH7rygb1KnAcfi0mO4WRdpXGlWetNE8":{"chainKey":{"counter":0},"chainType":2,"messageKeys":{}},"BVqXScPqr77JC/sArvqJjBSJ8jf2Z4QZGQMujwb0ViAy":{"chainKey":{"counter":0},"chainType":2,"messageKeys":{}},"Be8Iicq6wEoxa5jl+dGUPjszpz/VuUSl3BkIsAiwV8ZU":{"chainKey":{"counter":0},"chainType":2,"messageKeys":{}},"Bfh4sxB5OQqB9SO5i+bsQNUdz4xD4wVGtn9QAMXmXEpg":{"chainKey":{"counter":0},"chainType":2,"messageKeys":{}},"BZSUTNUWAJ842MhpfhAd1cy/vhGVPBoLDibc2w58YNdt":{"chainKey":{"counter":0},"chainType":2,"messageKeys":{}},"BZhXdu6EZDCcA+PgC9F964b0lHM5QpTg/JMXl2GCx/8P":{"chainKey":{"counter":0},"chainType":2,"messageKeys":{}},"BYanwsuCDFZp50uLav9JvjXxCVFIJh+nOvN9Japi735X":{"chainKey":{"counter":0},"chainType":2,"messageKeys":{}},"BdXmiUpXRflywkgKqsUtRFgIh9hBSfYXTEFx8X+A1F1P":{"chainKey":{"counter":0},"chainType":2,"messageKeys":{}},"BTc/r5RCIthZ1XXEeZm1u2F6pHvjBvQMPaSWZScHJINW":{"chainKey":{"counter":0},"chainType":2,"messageKeys":{}},"BfmvJcIHUZNl/qz08yJ0PPweMD29i7rwDtAlBSiglBce":{"chainKey":{"counter":0},"chainType":2,"messageKeys":{}},"BcZMMYKPDdsS8qRrU01zF30HutPMuXhJFRvlVciJkSga":{"chainKey":{"counter":0},"chainType":2,"messageKeys":{}},"BVKrfs5dLInS1IcltPTAsfB76shOqN2aGzZObLQWMY8E":{"chainKey":{"counter":0},"chainType":2,"messageKeys":{}},"Bbp7lxnO5EYp0/qgdpm/f1DsysE7j2ZGP9TEBFJ4qjZC":{"chainKey":{"counter":0},"chainType":2,"messageKeys":{}},"BUVVs1k7410BxPAvg3UkN3vHcpNP8beregW+yrzh2ycz":{"chainKey":{"counter":0},"chainType":2,"messageKeys":{}},"BWWKSnhDZvaXT5A/OAHkyDCiFs9r5u93nDwn00kCSDcH":{"chainKey":{"counter":0},"chainType":2,"messageKeys":{}},"BU0WcP8GO6um70t6hR6736vIQYr4Pkp+3lNzEnsBkI4/":{"chainKey":{"counter":0},"chainType":2,"messageKeys":{}},"BRIxTm2/t4rsnR+AlYB17Grp395wCYAeSA5Wa09svq5L":{"chainKey":{"counter":0},"chainType":2,"messageKeys":{}},"BRk/BAmJuxybS7XFuUQnxTlXU0nNK62lL/bk7a5KiwN/":{"chainKey":{"counter":0},"chainType":2,"messageKeys":{}},"BcJLqEKOIIFQq9hfzFyyOVh2OjGrr+gFPBomDh6tqdFx":{"chainKey":{"counter":0},"chainType":2,"messageKeys":{}},"BcBJsUStJ+yUW8uosI7PPeOO6wJSFo2Me7353wNN3xVx":{"chainKey":{"counter":0},"chainType":2,"messageKeys":{}},"BdN64bKBVCKuYz915dTGn7xbv7DskQHX9qblXD68J3tJ":{"chainKey":{"counter":0},"chainType":2,"messageKeys":{}},"BaNfgBJ7ARCGqembrbhwrVkrS01I10/XWajZYbZCA1Rr":{"chainKey":{"counter":0},"chainType":2,"messageKeys":{}},"Bc58FWEq2MSUFv85iWDWo/mwu5N0axsi5xMQ/vNgoEIC":{"chainKey":{"counter":0},"chainType":2,"messageKeys":{}},"BSjaYXFkJVPZ8dPYInLmqBjBIb5Xy9L90WIlx0THwd0H":{"chainKey":{"counter":0},"chainType":2,"messageKeys":{}},"BQUckdhxNxO8LgO6uPIkYaf9j5Ykxi82QW6pLG9Kf6Qt":{"chainKey":{"counter":0},"chainType":2,"messageKeys":{}},"Berbqs6p/NE1km3mjnFxnQm8orezhyOF0p6BWxxX68QT":{"chainKey":{"counter":0},"chainType":2,"messageKeys":{}},"BeMZoKXpN6F/KKE8ZNHbi1on8UX7ibPsXezVJawIKvZ+":{"chainKey":{"counter":0},"chainType":2,"messageKeys":{}},"BQoKliREeYCTrLc1L3fTaNfpJPkX1a8n2NjDApNIOHc1":{"chainKey":{"counter":0},"chainType":2,"messageKeys":{}},"BReE68EowJCqxAZml5sM0ITJg115KaDemUd0tZfwAJxm":{"chainKey":{"counter":0},"chainType":2,"messageKeys":{}},"BUyIRxMblMWZ00kKUT73up/9ic+Yvf06OYDfNpntLbUk":{"chainKey":{"counter":0},"chainType":2,"messageKeys":{}},"BYTT/rGYtopCdmR3/26tVSAvBIojGpE5WJ67udXkswEY":{"chainKey":{"counter":0},"chainType":2,"messageKeys":{}},"BX+nJR4H4h0LBlr3+Pd5u+9dhoKShIYsc3pFxggDLYwD":{"chainKey":{"counter":0},"chainType":2,"messageKeys":{}},"BXYV9VDpCh5vnHSGXd7E5xhMLUvjaXqLS+aiVTRLk9x2":{"chainKey":{"counter":0},"chainType":2,"messageKeys":{}},"BXcSKl8c1C/xh7FmOaitC2ANTdJtGcmJ9kDmI9IEZrxW":{"chainKey":{"counter":0},"chainType":2,"messageKeys":{}},"BWRi3Emly21vSczsXLeJ+kVvBiMW/JgjQa0CDvghquhB":{"chainKey":{"counter":0},"chainType":2,"messageKeys":{}},"Bf38xKmKJ4X/jF2DCSNK/jKdMhkOPv8e9uuf/ECyQucW":{"chainKey":{"counter":0},"chainType":2,"messageKeys":{}},"BSwVQm/77lt35gvqiY2P5wNWHW3BPhhlvIW1N/Qkqpl7":{"chainKey":{"counter":0},"chainType":2,"messageKeys":{}},"BZaPpdNV65Yp5B8vikK4270FWu576mWFtNSSGNIPhF03":{"chainKey":{"counter":0},"chainType":2,"messageKeys":{}},"BX0tayDp678RqmJa+EnKXEWmNe4yBPasccIpMbe0/Kde":{"chainKey":{"counter":0},"chainType":2,"messageKeys":{}},"BeRTzobjVqBIbKtsX+1oLcVBrw9Tot4h0gbtjSW1CQYX":{"chainKey":{"counter":0},"chainType":2,"messageKeys":{}},"BRSQADHR2HgWyU38UDhWz0zsmIaJJJPrcpw0bjHjc/Ev":{"chainKey":{"counter":0},"chainType":2,"messageKeys":{}},"BSw4u3Tws8bmhNulGlm6Dz3cE989n20Ef8dEQKaXmY9g":{"chainKey":{"counter":0},"chainType":2,"messageKeys":{}},"BcRUCWS5MrLjhRa0uGUeHT697wgGjc8+fnenXTBE/iV4":{"chainKey":{"counter":0},"chainType":2,"messageKeys":{}},"BV/4Fa99/kP0j438dG4HfUCx4umly0ved9BtfYUNetEQ":{"chainKey":{"counter":0},"chainType":2,"messageKeys":{}},"BWacqjOpaVw4n03cDkXW9KH+6+Ephed7ZUxN2ncxccRK":{"chainKey":{"counter":0},"chainType":2,"messageKeys":{}},"BdxCx6OWEhW70Zzclu3raYJEyEFYvG5vnRZfuBumo0Zr":{"chainKey":{"counter":0},"chainType":2,"messageKeys":{}},"BVLWT1T8EgPkDwdXC5fCQaASjJueuMyOzPY6KOw62wpY":{"chainKey":{"counter":0},"chainType":2,"messageKeys":{}},"BQRMRxOy8nJDEGyBxSjIdr8ZVJ8g75S+HnCpZ6qNR18e":{"chainKey":{"counter":0},"chainType":2,"messageKeys":{}},"BWx3nlMDWv2zhr23hM62i6nAReGPcLJHftSu3kut0+kg":{"chainKey":{"counter":0},"chainType":2,"messageKeys":{}},"BVKriM0d/9HHQfPsSWSLtWbiQkHTHPvv8yC9WQ+VcKR7":{"chainKey":{"counter":0},"chainType":2,"messageKeys":{}},"BW8OTj3u2mZujJoccViJwJCKvou1EOHJlSKE+RYoMv55":{"chainKey":{"counter":0},"chainType":2,"messageKeys":{}},"BTaKZqc/Xy1Ero9RxRiFWeYjBBsBkemxMTJY60iqhGB6":{"chainKey":{"counter":0},"chainType":2,"messageKeys":{}},"BckCP47Jm8d466u4oVe1Ef9tdLdFHCwCDA7fp4oV2M8h":{"chainKey":{"counter":0},"chainType":2,"messageKeys":{}},"BeY55pRDNou/Q0q1FQF2KPP1wF5iGrFybWyv+wttaQML":{"chainKey":{"counter":0},"chainType":2,"messageKeys":{}},"BV7LZptrGnby5Yz6935taT8gq649Ng2rJFG2hfcQqsAz":{"chainKey":{"counter":0},"chainType":2,"messageKeys":{}},"BT7JwzZ9rSq+WnYrgw0Y0WjIlW+tqTqcBbxtSkxsR+sF":{"chainKey":{"counter":0},"chainType":2,"messageKeys":{}},"BfHgdmUAMPWgpeXoAF/I40NbdnMUy+zPh6eLuVELmKEJ":{"chainKey":{"counter":0},"chainType":2,"messageKeys":{}},"BQ4inP2dOTNHTin/FYi562FzIEjzXoNqOzKJnfr/sfUt":{"chainKey":{"counter":0},"chainType":2,"messageKeys":{}},"BdrWz1PoIPH9PeZusWldNh6UUqByqw2Ear/luzzN4rQX":{"chainKey":{"counter":0},"chainType":2,"messageKeys":{}},"Bf0AZABCKrkkiDLm/ueXk6RJWu17If6Gh4Csg94fBXFP":{"chainKey":{"counter":1},"chainType":2,"messageKeys":{}},"Bf8LRZ1UwccK5MDurOl0e23t1qROMsofB2PXcAD8E+tc":{"chainKey":{"counter":0},"chainType":2,"messageKeys":{}},"BVH2hYJOxxMaXkN9wXstjM7TeQcMjn/4kgHIZRmAhPts":{"chainKey":{"counter":0},"chainType":2,"messageKeys":{}},"BS7Vewo6nxlGbDj/IBEpt0Znz6y7TuVwE55rQCcwBLQS":{"chainKey":{"counter":0},"chainType":2,"messageKeys":{}},"BS3echiaFUixvNXvHzWS6EQ6VyC1Dr7nORjNtStucrUB":{"chainKey":{"counter":0},"chainType":2,"messageKeys":{}},"BbXZVQDf+ctfTUuP0a/yxo11eg0sHeaIsMKaUzGoUpw4":{"chainKey":{"counter":0},"chainType":2,"messageKeys":{}},"BVqsJe67q7FkX9ZngL3iU7ybQL+1UCO07a8uWbcZdnEm":{"chainKey":{"counter":0},"chainType":2,"messageKeys":{}},"BWxan8d3kZlGhFVHjiOhVmU/kksYfZvISr4ZD+P/pzdV":{"chainKey":{"counter":0},"chainType":2,"messageKeys":{}},"BR39OzthCTZlY0qGI2hnov3TtaWxiiNlX5Gbho+vqDNH":{"chainKey":{"counter":0},"chainType":2,"messageKeys":{}},"BYexvNoJFeaTVmmWrWLl0tjIvGZstnBnsS2sPZbP8Ice":{"chainKey":{"counter":0},"chainType":2,"messageKeys":{}},"BQgpO5fZrJ3aCiQXKUvH7T+6cO1oNFYAQvHjIJY5HpZM":{"chainKey":{"counter":0},"chainType":2,"messageKeys":{}},"BT7NclkMqzis1Qc7ez9Q4Q36+PpRIRoSn0sDng8zQfpV":{"chainKey":{"counter":0},"chainType":2,"messageKeys":{}},"BaY4RnzEcrWQzy95j2e4OAxZ2ITrJIavxsvbPMqRg3tu":{"chainKey":{"counter":0},"chainType":2,"messageKeys":{}},"BdXId0CrA4IIFOpEENUyFQn0/shagcfdUgPZQkYAT6Jb":{"chainKey":{"counter":0},"chainType":2,"messageKeys":{}},"BWhD31AITLrnt658NUoYQwxcOVNAnhYj1TLXy3eU4i4F":{"chainKey":{"counter":3},"chainType":2,"messageKeys":{}},"BS39VXVOXdOGU/3EiHnc/E1byLhb0huQtcVJ1oKeZaM4":{"chainKey":{"counter":0},"chainType":2,"messageKeys":{}},"BZJwux7inwP2ofSysqXDSU9WOHFZxwjl4gZ2KJ/Qt6hZ":{"chainKey":{"counter":0},"chainType":2,"messageKeys":{}},"BRaqtiuXjRW0lqPLobwo01/IaS2PwuBjBMUDIfchl28h":{"chainKey":{"counter":0},"chainType":2,"messageKeys":{}},"BVGplh0FWkJOttU8Yf+qMwtGiFkzjORNpQn+dpCCQxgA":{"chainKey":{"counter":0},"chainType":2,"messageKeys":{}},"BUJm03XG+AZ7L2UOnmS1mEkBIqj845sJle1qnlUOSCli":{"chainKey":{"counter":0},"chainType":2,"messageKeys":{}},"BeQoQc8uvz/QxlJL5CKZ1QlXCrrsyVqghsO4HsAJ+QBZ":{"chainKey":{"counter":0},"chainType":2,"messageKeys":{}},"BQt2DVEONm7dccWmaJ0j7GQx8LZYz4nzesFpEOWsD2U3":{"chainKey":{"counter":0},"chainType":2,"messageKeys":{}},"BZH4SI616UaErEXgDkljnRwSsjbh0mLercDD7NANUA97":{"chainKey":{"counter":0},"chainType":2,"messageKeys":{}},"BY7f2KXneTRqFeD5sMmxSU+EX3BJrv45P5BK63QiTXMi":{"chainKey":{"counter":0},"chainType":2,"messageKeys":{}},"BQ7Hlrn1ogAhmoXMmQ+GcbVZyR3PjuFGDNegPJcxc8gP":{"chainKey":{"counter":0},"chainType":2,"messageKeys":{}},"BUktAzf0rtoMgvBwNEWqeQlIJ6+wQdKWkotxuLlsVk0l":{"chainKey":{"counter":0},"chainType":2,"messageKeys":{}},"BdlsMuhCDExKRhgxBTOS477D2PHnHtq5+tHUolqybuAT":{"chainKey":{"counter":0},"chainType":2,"messageKeys":{}},"BfkXWHZ94Szn3aUl5stHhFAwYVikho4a6gGNzpaRKjtA":{"chainKey":{"counter":0},"chainType":2,"messageKeys":{}},"BS+JF7xfM8t0J3odxoAh2h0pBquSU9CzL3ifDaeBx9xV":{"chainKey":{"counter":0},"chainType":2,"messageKeys":{}},"BeTVp3JT67ASmbu8+qGnxw7tHT3qg/octX23KdbGzcs4":{"chainKey":{"counter":0},"chainType":2,"messageKeys":{}},"BS2YnCOsZ9xLsmc9Ib2lPitpUsLPaBEUs/gcgxoQ80sK":{"chainKey":{"counter":0},"chainType":2,"messageKeys":{}},"BRRSwTLb7kwAEHdq5JW8WGV3dvejoS3dZzHcDzPHWuNb":{"chainKey":{"counter":0},"chainType":2,"messageKeys":{}},"BTvfj6etMXMn/r5A2RNSxU80dJEC1uIh3kforCC8ubNs":{"chainKey":{"counter":0},"chainType":2,"messageKeys":{}},"BfkJrgpeOiasrHyleskf0/T38TNljVs5k1wuMA4P3PVL":{"chainKey":{"counter":0},"chainType":2,"messageKeys":{}},"Bd0kHsSO+U2+b6fIr86BpbZhEsSbcm5bIrYBbzIJfe19":{"chainKey":{"counter":0},"chainType":2,"messageKeys":{}},"Bbd09/f8RHzpKGIlF/l0hCREMhLSioj1zkrKzKxbHQhR":{"chainKey":{"counter":0},"chainType":2,"messageKeys":{}},"BWfPdc70saXDoUfALNaNv8kk8bddyCe2Yd4RM0NjYLYl":{"chainKey":{"counter":0},"chainType":2,"messageKeys":{}},"BXHyHhNJf1vFQwkWtOBY/vodNQkSz1iawFQbXldMcnAW":{"chainKey":{"counter":0},"chainType":2,"messageKeys":{}},"BVVSqkaIoOxeZlOwJ67L9Ehw1gtzTNP3r0P1pyZvGtZY":{"chainKey":{"counter":0},"chainType":2,"messageKeys":{}},"BaYkDfn9N3PdCxmBnkqzLHXP2we/wuoWwomZPjmlnLAk":{"chainKey":{"counter":3},"chainType":2,"messageKeys":{}},"BYoSzF3jvvxQHfWrcMA0JPMlr/ST5CdovHYTwb5/qpEk":{"chainKey":{"counter":1},"chainType":2,"messageKeys":{}},"Bd8ak2WlXdnweux9f5gzf0lfHYA83Q6kB06We5PMutJ6":{"chainKey":{"counter":0},"chainType":2,"messageKeys":{}},"BarHh5tv1HqGcRtFYhLOJJPPFaLlQb5dnoFWxzuWZ/ZB":{"chainKey":{"counter":0},"chainType":2,"messageKeys":{}},"BRxTvfMAL4xZ5obhqivXEzPkY8sAc2BLLRsaJEoibNFs":{"chainKey":{"counter":0},"chainType":2,"messageKeys":{}},"Bf8BQDz7xOpJRnz/eNatzlLIGaOYlOho1OJQvt3KpuBi":{"chainKey":{"counter":0},"chainType":2,"messageKeys":{}},"BYmGKTHHLCGbcxNhEOtuhDemooKlC63ftv/D3AZU0th8":{"chainKey":{"counter":0},"chainType":2,"messageKeys":{}},"BfeDgDhTfB7fmYbCJbp9LeylzV2rNPA3qHZYjGn/EwAY":{"chainKey":{"counter":0},"chainType":2,"messageKeys":{}},"BeRZKR1bxvofCz4yFPi8rhD9TY4DMiX0IM82jVwKjYd/":{"chainKey":{"counter":0},"chainType":2,"messageKeys":{}},"Ba4ceMD19tqCb1a+vuQcs477khi9drQPjJjgaofhXrhu":{"chainKey":{"counter":0},"chainType":2,"messageKeys":{}},"BXHIYsGmI9mQq4MZ+w6Ffm50AxEwkSICIKzIDnf+WpYc":{"chainKey":{"counter":0},"chainType":2,"messageKeys":{}},"BezmI+/3VcTQsAjMkxNI79YlAsZuda3bfWPrqYXa38w+":{"chainKey":{"counter":0},"chainType":2,"messageKeys":{}},"BRZZ6HfUNQgf/WLB+gG/tEGbD7RZeRISRJ9EG7lKCsYd":{"chainKey":{"counter":0},"chainType":2,"messageKeys":{}},"BXlBZDOESqCyWxwMF7h1XcGmLLTezcvHj5H/r/hnhlwz":{"chainKey":{"counter":0},"chainType":2,"messageKeys":{}},"BR88mb/yAN1Pve4wkD7BKVr6Cl9Wz93Au+8ECy5GCjdG":{"chainKey":{"counter":0},"chainType":2,"messageKeys":{}},"BXo0tkoA8tcBPPNaPdcpWsATmnV6NjLRNzYkb3A8M6o+":{"chainKey":{"counter":0},"chainType":2,"messageKeys":{}},"Bck9j3HZP9d6NZj/z11lqjqUx1VrLI/ykvzTtFACAopE":{"chainKey":{"counter":0},"chainType":2,"messageKeys":{}},"BZo2ZclygMXICLd7z9UlRGZfKgROYpFG8Wf+uhCvErgj":{"chainKey":{"counter":0},"chainType":2,"messageKeys":{}},"BXFmhkyyDoW8hlXdsd5AOHydjM98gvyZQpzC0gXUSVdi":{"chainKey":{"counter":0},"chainType":2,"messageKeys":{}},"BXyLhls851viia+6IReOJN+Kkh5rida79XeRzsN/YtIU":{"chainKey":{"counter":0},"chainType":2,"messageKeys":{}},"Be5r3BSU+MFecQz2R8AdInLhrk6sI+kKki7HxgVNbUhH":{"chainKey":{"counter":0},"chainType":2,"messageKeys":{}},"BWC5BbY0N2mVuVKvW6g7Hx5VCo2ic9Hv6uq4NIrR479S":{"chainKey":{"counter":0},"chainType":2,"messageKeys":{}},"BWPetPbPcaOJr23fJnpdbcS0Duy5sTmrgwwrRwKbFIIW":{"chainKey":{"counter":0},"chainType":2,"messageKeys":{}},"BbLhG+acFYl548D87xqD5bNkXsScMUU5olD69gyjUeBd":{"chainKey":{"counter":0},"chainType":2,"messageKeys":{}},"BT49w4CbRXAKpImB6oYP6jMadwkJh3l+Al5BFVGXxuMD":{"chainKey":{"counter":0},"chainType":2,"messageKeys":{}},"BR4BaeuOUVORmJB+Td87v+xVIL7RbCiO612Ys7EB+xEx":{"chainKey":{"counter":0},"chainType":2,"messageKeys":{}},"BQGu5w/AsWfFLlpuZe6GdwlxBRg6UbxlyKRMNZCouU98":{"chainKey":{"counter":0},"chainType":2,"messageKeys":{}},"BVCYXZgxCJm2YkUzvo1fz3UlKIQp1btOAjKgPY73xOIg":{"chainKey":{"counter":0},"chainType":2,"messageKeys":{}},"BeEKcseS1b9M9oA5c6PNn7wTdaQTmXIZkBL+q2VyJbtC":{"chainKey":{"counter":0},"chainType":2,"messageKeys":{}},"BQ0CSDDXG4MhOivhtyUnlBhvHOIOE95Yze8YgbAlLjNN":{"chainKey":{"counter":0},"chainType":2,"messageKeys":{}},"BQ5o7gNkgUbt7kS1TrAtMtCVQt1jBvFZHVTd6Nfsl89P":{"chainKey":{"counter":0},"chainType":2,"messageKeys":{}},"BQwkDp19GeNRwZSsTug8YS8xQ32MU9thyFl6aDdEzNlM":{"chainKey":{"counter":0},"chainType":2,"messageKeys":{}},"BeQGc4TYcc2qyjZIa2pF6i3pT8dYNwWhe6xyGdPKsRRi":{"chainKey":{"counter":0},"chainType":2,"messageKeys":{}},"BaqjrSzYAi2IcPLakHdXJjJIXlkLj7pPsPB2ub48s6du":{"chainKey":{"counter":0},"chainType":2,"messageKeys":{}},"BdijTigQEjs/wSM6IoiSR5YpG+vmQgEqKz74FiADeb9G":{"chainKey":{"counter":0,"key":"2jqumeo30TgRdw2bBxXSzN+WFzaPm5j77HOTWIRjbdY="},"chainType":2,"messageKeys":{}},"BXSz8cNUI79pBhOy9omBU3aTL8iAsWfO6nTp5LK6Ds0R":{"chainKey":{"counter":56,"key":"s3cGUqZHeu+rWCwP6DTV7QN3V4nOKya7Qpqqd/grz/s="},"chainType":1,"messageKeys":{}}}}},"version":"v1"}