{"_sessions":{"BU/CkUPUh0uhuRKu17OQ7436UJ4FHDcVdQkjCt+d3Kwq":{"registrationId":11668,"currentRatchet":{"ephemeralKeyPair":{"pubKey":"BSevRW2c6YeaAPxg/xjkvDT7UK61w+tNQF3qm7G92ydL","privKey":"CC5UgNyF40xRDIHDhFkVK2fjVJhpdu+OC7ksRn+lYnI="},"lastRemoteEphemeralKey":"Bb8zfx6Zv394wY+gWtjpcleJdzb8rcckfL+xwefny/wp","previousCounter":0,"rootKey":"tQpkFF3b0Pi9W/+mnwd1qBU+nS67XEHMEPikcS4vLRI="},"indexInfo":{"baseKey":"BU/CkUPUh0uhuRKu17OQ7436UJ4FHDcVdQkjCt+d3Kwq","baseKeyType":1,"closed":-1,"used":1760034182591,"created":1760034182591,"remoteIdentityKey":"BXOZkTodgKTND5OiZUSFwnIABETzQebI+zn4ITqR8xx1"},"_chains":{"BSevRW2c6YeaAPxg/xjkvDT7UK61w+tNQF3qm7G92ydL":{"chainKey":{"counter":6,"key":"qwxDOs9zDRcQxbl/dig5wqUMASlpRpbMmviJrKWxaLk="},"chainType":1,"messageKeys":{}}},"pendingPreKey":{"signedKeyId":1,"baseKey":"BU/CkUPUh0uhuRKu17OQ7436UJ4FHDcVdQkjCt+d3Kwq"}}},"version":"v1"}