{"_sessions":{"BUqdGCoc5OrGfC7gNwVn/T4xtvxP+wc5Aw4DY/vmRkFl":{"registrationId":1722861533,"currentRatchet":{"ephemeralKeyPair":{"pubKey":"BRLpwDNKI5KqHvN3nHEsFfUDuZKZtagrwOXal3HE3T5p","privKey":"sOxUb+RYelGwdkGijNKWxMGA2mX6o9qKyYfy7Dhp4HI="},"lastRemoteEphemeralKey":"BU5cr3vZWUqGuBy5Rt9b7SK/+269jrDChPPPAo3ay2Ei","previousCounter":1,"rootKey":"IRaZPdZDzAIk/SWSA9CFIA4+Ml4+thPvGgAwwEcAUg4="},"indexInfo":{"baseKey":"BUqdGCoc5OrGfC7gNwVn/T4xtvxP+wc5Aw4DY/vmRkFl","baseKeyType":2,"closed":-1,"used":1765638769676,"created":1759406215368,"remoteIdentityKey":"BcsovpAV9zixSOZDpWZSiX+9mBruxNINOQ2dtupMJ7U3"},"_chains":{"BfHH+6a06OW340/w1wqmhXLQfpA9qJosZKc/ePHtCgpV":{"chainKey":{"counter":0},"chainType":2,"messageKeys":{}},"BWtYRUl+9szD6HDrzu9dKapjazn5Ab+3fXO3+XqOM1gc":{"chainKey":{"counter":0},"chainType":2,"messageKeys":{}},"BXTY8svZ+qTWHmAFskFtW8d0QetOWQJE58IeR+yXhL0F":{"chainKey":{"counter":0},"chainType":2,"messageKeys":{}},"BUuMKodnaafyHtZRrrhU2+YtJnBARR+g4ZNxtXbiExop":{"chainKey":{"counter":0},"chainType":2,"messageKeys":{}},"BXUS+Xh3ab7OyRhu6zoFIi2ddYOSeEZbfCqiOVwlKxFj":{"chainKey":{"counter":0},"chainType":2,"messageKeys":{}},"BR0HtEpPy4JrwCnnQnmffVsfc1XXset+uWm/biF6+jVn":{"chainKey":{"counter":0},"chainType":2,"messageKeys":{}},"Bdx54ZIQrdBUWTvTOLWN672tVnVVT62WuTvkh1wWydtQ":{"chainKey":{"counter":0},"chainType":2,"messageKeys":{}},"Bcczggk6YcjH8lqCpRShrEf26yYen2j01T/tOXR5Gegw":{"chainKey":{"counter":0},"chainType":2,"messageKeys":{}},"BVMWiGmFtcO5qiXMD7RvH76F8wrss93C4OvCk5AsPDpR":{"chainKey":{"counter":0},"chainType":2,"messageKeys":{}},"BYuAqfh24FKDi4mauI53/4xGBujiGjCzQIac10J6aKcp":{"chainKey":{"counter":0},"chainType":2,"messageKeys":{}},"BZbtz9e2KxnowXBzH4Wfyiuv6girw7WbRd6WviXpJ2MF":{"chainKey":{"counter":0},"chainType":2,"messageKeys":{}},"BSAfW68slsSfyW2TyxeUcA5KmgySqGFSS41Zg7DYhAQu":{"chainKey":{"counter":0},"chainType":2,"messageKeys":{}},"BeccexJaGHT9rV1lpnNXxzf6yziMCt1OnUKSVjTLRfJi":{"chainKey":{"counter":0},"chainType":2,"messageKeys":{}},"BbBjOLcnnEJ6rjJSNBedebRSHMHGPz9+eQaL8He6F01g":{"chainKey":{"counter":0},"chainType":2,"messageKeys":{}},"BbbftiJHxky6cBRHIJS7kf5EMjLcLGn9bJa1nn+NrW0c":{"chainKey":{"counter":0},"chainType":2,"messageKeys":{}},"BcW95cFMcqTpwZj8D2ncf/fiB+UEaqzrajdifwYPiCEX":{"chainKey":{"counter":0},"chainType":2,"messageKeys":{}},"BdkBB+mMpV4yT0F40Z/bA51yNQzgEyIFevsZdKS009go":{"chainKey":{"counter":0},"chainType":2,"messageKeys":{}},"BQ5pmiasQlQIv6kYDqcRCmWlxpt8fzqK7crybXfCtA8p":{"chainKey":{"counter":0},"chainType":2,"messageKeys":{}},"BZ9TdrDxaYpeJsbFayC4YRY7WeNrbYU4LypNBMfk2mBi":{"chainKey":{"counter":0},"chainType":2,"messageKeys":{}},"Bbz+t1xSmoaalwOfwmi6mt8LF2cydKol0Q1zQeo7QMku":{"chainKey":{"counter":0},"chainType":2,"messageKeys":{}},"BdSun6uq8fALJpiqKrNiu31vipGZGVtdUfRpRF7Zk6lB":{"chainKey":{"counter":0},"chainType":2,"messageKeys":{}},"BdFF+dPsJgX29IWHVuZNX7/ShpH5dNdAjU1XVc2kl8A4":{"chainKey":{"counter":0},"chainType":2,"messageKeys":{}},"Bd7r2gY6luvaIWq72j9ZxAR516NnOXoJBBdhZyKBNchh":{"chainKey":{"counter":0},"chainType":2,"messageKeys":{}},"BcjP9kcvrfqd01HzzYWqmmmjVD1uNYQvYOARleq/y6pa":{"chainKey":{"counter":0},"chainType":2,"messageKeys":{}},"BTqQizxTcN7abbq2mmqBrWRtedV/EGLGeFeUeclydMAr":{"chainKey":{"counter":1},"chainType":2,"messageKeys":{}},"BYDOGBUcZPaskimUFAdfwEvctrn3f6xNY9kaofMf6ZJ9":{"chainKey":{"counter":0},"chainType":2,"messageKeys":{}},"BcsEbcEwgdGzNys55c/QZO7rGLpQAoAolmn/LOKTPpM+":{"chainKey":{"counter":0},"chainType":2,"messageKeys":{}},"BXp2cF6JNIjrdQj94eWuk1OGIRD67yafv1AOO0XmLxNE":{"chainKey":{"counter":0},"chainType":2,"messageKeys":{}},"BdubuQl5w65uwV1BQIuvyPmLvyEjGjaQfeVChWnJfNAz":{"chainKey":{"counter":0},"chainType":2,"messageKeys":{}},"BRIfVpgREv+pguwQe16XKy8/fFP2f4EnkI7wRkHHz4kN":{"chainKey":{"counter":0},"chainType":2,"messageKeys":{}},"BebuN4r5pNJSQXTHJpJ9qxIJ0Eupnxy4/NFO2xuSPlgX":{"chainKey":{"counter":1},"chainType":2,"messageKeys":{}},"BarvynAlyj2lNuKbgi9RLPgFH7AhZ5f3VOHJ7Evjv5ld":{"chainKey":{"counter":0},"chainType":2,"messageKeys":{}},"BYRD0OgdNJzzYHeXKv42W1rTm8Qlx9wm2iTD60AVaYwe":{"chainKey":{"counter":0},"chainType":2,"messageKeys":{}},"BedNn+qgIoy+rejEyg9jwlgk1QMdev7SiHQ2yR6U50Io":{"chainKey":{"counter":0},"chainType":2,"messageKeys":{}},"BXCGNcnPDs2uAev1WZPdVtSGDaOyFa4IVIFsVZZxJR5b":{"chainKey":{"counter":0},"chainType":2,"messageKeys":{}},"Ba48ovi1cwi7zpBeoGajiU6BC1vur63XbOAiDwUyQO0B":{"chainKey":{"counter":0},"chainType":2,"messageKeys":{}},"Bc2UyeiUFRBl+MqIr4hWbK3KV1Fka/RYIshrgHjAt5Ur":{"chainKey":{"counter":0},"chainType":2,"messageKeys":{}},"BVoIzgYcyrNJP7TJ6v83zZ5EebavJoiSOI8L3dwXWfI3":{"chainKey":{"counter":0},"chainType":2,"messageKeys":{}},"BUFIjCIl10sF2jS3RA+dX01Fy1ucaF7btNMVq5KN341S":{"chainKey":{"counter":0},"chainType":2,"messageKeys":{}},"BSNIf4YToYPDsCicW5ExiNsIekChWVTog7N8vTP3i8x9":{"chainKey":{"counter":0},"chainType":2,"messageKeys":{}},"BWcTAVHwiZUkBL9Z4fbYSFCGPljvTEOJbR7k0KRiVd4v":{"chainKey":{"counter":0},"chainType":2,"messageKeys":{}},"BbSutComtZNytH31gmiPEej0HemvwrKubuvvxK5MYz4S":{"chainKey":{"counter":0},"chainType":2,"messageKeys":{}},"BTI8wmgoYn+mliAYo3auDHElnf71CCaQSkPG7/9RtNcv":{"chainKey":{"counter":0},"chainType":2,"messageKeys":{}},"Be0p3/VQbmoCmsSQvPScKb8G7on9X5LbJiL9KA7sWBxv":{"chainKey":{"counter":0},"chainType":2,"messageKeys":{}},"BRC9kj36wNCYXyz1CSX4A91FmgOhjoloZhiy0GgdZs9b":{"chainKey":{"counter":0},"chainType":2,"messageKeys":{}},"BU7khcRmPBmZNsqkrSQNCiL2cmhkE2URK1f4Km5VeyMl":{"chainKey":{"counter":0},"chainType":2,"messageKeys":{}},"Bc/VNbNU/EeP2aUt+Jgx5lQATUnbLa1nyw3+yTbAQ8VS":{"chainKey":{"counter":0},"chainType":2,"messageKeys":{}},"Bbojej7IRIXJCrz6/sP2HtivFpIrk1UXfzEBYSY/JHUn":{"chainKey":{"counter":0},"chainType":2,"messageKeys":{}},"BYk/muw5tervrHOhzokMRHhO3tg+r9HJosPKkabtTugx":{"chainKey":{"counter":0},"chainType":2,"messageKeys":{}},"BfuMFA9VLafS4/0R/YF4B+9G0JwIgv220bohs8r9abp5":{"chainKey":{"counter":0},"chainType":2,"messageKeys":{}},"BT+CrAXXH1hg1oUSNLAGF9cKcsW7Ku3LNIicqNPlcKZT":{"chainKey":{"counter":0},"chainType":2,"messageKeys":{}},"BYCytKmpLUpggEn0jcbVb5HYdIpeUQtRvWm2jY/TBVs1":{"chainKey":{"counter":0},"chainType":2,"messageKeys":{}},"BVo1ITFfjFsZAOI2XVhIq++HspbiZHAjSsfAv9Ea4dBz":{"chainKey":{"counter":0},"chainType":2,"messageKeys":{}},"BYi7/nvQl/k3SLbAIlp169DFen27/OMTTMHZOjBgZ+FX":{"chainKey":{"counter":0},"chainType":2,"messageKeys":{}},"BX+gDRN2CwyEZa7KQqvQxIhympj5TFtAnZUXRFE0MCdc":{"chainKey":{"counter":0},"chainType":2,"messageKeys":{}},"BVzDBxq8r2yTU04eMEQZZ6lJL1Uha+rtn0PWUGk9+P8B":{"chainKey":{"counter":0},"chainType":2,"messageKeys":{}},"BZZ6jypvNNHQJkgJWKnRhdQuty/ebnusvCEasc/rGaMj":{"chainKey":{"counter":0},"chainType":2,"messageKeys":{}},"Bb9mvfS8dKBDo3M2Jbl9B056cFZJOVbwzngxIVXpaHcH":{"chainKey":{"counter":0},"chainType":2,"messageKeys":{}},"BdDDWhjRxC16oaYIYcbv8O+H7TFyPIMFgC5T2VrwNoNG":{"chainKey":{"counter":0},"chainType":2,"messageKeys":{}},"BU5cr3vZWUqGuBy5Rt9b7SK/+269jrDChPPPAo3ay2Ei":{"chainKey":{"counter":0,"key":"1s5kaQsbGFb7/BrQNYfW73AAlLMMztGbIDO70dekV8U="},"chainType":2,"messageKeys":{}},"BRLpwDNKI5KqHvN3nHEsFfUDuZKZtagrwOXal3HE3T5p":{"chainKey":{"counter":1,"key":"+022IPldILpM9rednxqyh1uyxmKLekfwt/1ShgiK4yU="},"chainType":1,"messageKeys":{}}}}},"version":"v1"}