{"_sessions":{"BWUlaNsZWpeYI333IAMAlbf6Le31FwjaYRAkR3zi1r0m":{"registrationId":62603486,"currentRatchet":{"ephemeralKeyPair":{"pubKey":"BVCmRvRI+JBHlk1yEbhAsk4VbEcusOUuCjG4iLGLsJAt","privKey":"YM3KTa2ZT6+9nGPWA1jcQKEtr9ooHUR45xIecf+181g="},"lastRemoteEphemeralKey":"BW8ExDwnddCBTiBBiRKWVXZpNtR9xDLHsAI0YzTMH3Jv","previousCounter":0,"rootKey":"b0aIrHM3F9Teyd/10nWf/eqh63tj9QdFoXbh0BtoZKU="},"indexInfo":{"baseKey":"BWUlaNsZWpeYI333IAMAlbf6Le31FwjaYRAkR3zi1r0m","baseKeyType":2,"closed":-1,"used":1759429512261,"created":1759407465001,"remoteIdentityKey":"BZjfFGg06i93LjdKL+Zti+b1GMDLZqW1OQokxseJnfoB"},"_chains":{"BYyv6zZX86QNI8FqqAHpKejnc71bPJIf/1LqhQq3e/YE":{"chainKey":{"counter":0},"chainType":2,"messageKeys":{}},"BTtk7oHdiJB9qiQJmj9ogbElXOZqOpqDC5iUn8/GkG0j":{"chainKey":{"counter":0},"chainType":2,"messageKeys":{}},"BUC996BJYXwQm0sObM7jIGUFtqRXvvad5Tat7DQ9Jt1i":{"chainKey":{"counter":0},"chainType":2,"messageKeys":{}},"BaCey2d8J7Zxuk/+O55/307t/LM2MUjQ5qZPORr9UoVj":{"chainKey":{"counter":0},"chainType":2,"messageKeys":{}},"BbgZe8rIH6onLO+I9Floh8cvZBlO4DQ32ChIu288KShv":{"chainKey":{"counter":0},"chainType":2,"messageKeys":{}},"BW8ExDwnddCBTiBBiRKWVXZpNtR9xDLHsAI0YzTMH3Jv":{"chainKey":{"counter":0,"key":"xVvxEsJbUXtIQ0iN5UuvkrGTGSmMIkKSZ1bpW2RKB/k="},"chainType":2,"messageKeys":{}},"BVCmRvRI+JBHlk1yEbhAsk4VbEcusOUuCjG4iLGLsJAt":{"chainKey":{"counter":0,"key":"wsDKtL7bQLqT3DxoUXaFqpKexVhGG1KSqj2vop+RGNY="},"chainType":1,"messageKeys":{}}}}},"version":"v1"}