{"_sessions":{"BYabo5ZcImJSmWUkbQZ97TkvQdBkhfVhGuKo3BGfldd6":{"registrationId":9575,"currentRatchet":{"ephemeralKeyPair":{"pubKey":"BVO4K3TnSX20RdKOrwvXZIiqAzKJ0Lbypt9l9LfhLgR9","privKey":"2CwCyq6b5lJbaUV2Kn1+4zMHFbslFPWm4E3TKsWl82c="},"lastRemoteEphemeralKey":"BQ5WrlfjFJfEeaGtBLaY3+DStU091VSNoSV9VklsxYdn","previousCounter":1,"rootKey":"Rcuau4/19We5+K7gcGkStNlG89uvQI8mL48FO2j2Ybw="},"indexInfo":{"baseKey":"BYabo5ZcImJSmWUkbQZ97TkvQdBkhfVhGuKo3BGfldd6","baseKeyType":1,"closed":-1,"used":1759435340529,"created":1759405862326,"remoteIdentityKey":"BebzdOunnyIYBUWyEGvMugp9DUTmw+gmSaaJQbrhrYUF"},"_chains":{"BRaKZp0vW2hvQ3EGNgOMR4k8h2sqYCT5PHx5EjExDkI9":{"chainKey":{"counter":0},"chainType":2,"messageKeys":{}},"Bd6mmwWWi4+FRBXpUEY7f3K8vZPmabsTk6UkQFbui3V+":{"chainKey":{"counter":0},"chainType":2,"messageKeys":{}},"BUssFGG/r46KEaHyx6WxpE4YqOIWQzHdQGsL1da/CIt5":{"chainKey":{"counter":0},"chainType":2,"messageKeys":{}},"BQ7tJEe2Vjk5BUqysLoRDRN7oaLarkacfo32qWQ6VpIB":{"chainKey":{"counter":0},"chainType":2,"messageKeys":{}},"Bd3PhwzBTVHnT47VhS2lXikf/i9VA38FoQTMfH+g4Vlz":{"chainKey":{"counter":0},"chainType":2,"messageKeys":{}},"BeJ5QXcDh8fYbiYgMGFGk4GzIkC/R71O9qRUa4IElGRq":{"chainKey":{"counter":0},"chainType":2,"messageKeys":{}},"BaNP2yK19Bjlb3xsm3X5noG/IvrY0Jw2v1KjQ+x323pf":{"chainKey":{"counter":0},"chainType":2,"messageKeys":{}},"BXPnmj8jKLSNFh3DjhG9I/LK2IeughgpiQLog7kkaaJF":{"chainKey":{"counter":0},"chainType":2,"messageKeys":{}},"Bbgsi4B8ECcmGIYkQR1kuZGQMlGllXIXlqqKEtf5dUEl":{"chainKey":{"counter":0},"chainType":2,"messageKeys":{}},"BUITqWEEjPShqauz2paTuoWcqbKx9OGDQadOyabjPBB4":{"chainKey":{"counter":0},"chainType":2,"messageKeys":{}},"BdunNuTppFp12ocIkWlX/GptzcyppOMEc4h+t37qR7FU":{"chainKey":{"counter":0},"chainType":2,"messageKeys":{}},"Bc/8HaPfHjWUY9g40CS/12tOj3aPCaE+dBeNf/6YtHpy":{"chainKey":{"counter":0},"chainType":2,"messageKeys":{}},"BVdEtboxNpUYd/GZoEPNdFrvY198SyJwXaqouk3m0Xlu":{"chainKey":{"counter":0},"chainType":2,"messageKeys":{}},"BdGR5vQ5h29gNQ9R2mweJYQ/3jDlcvcK5DWrpGnBi913":{"chainKey":{"counter":0},"chainType":2,"messageKeys":{}},"BQ5WrlfjFJfEeaGtBLaY3+DStU091VSNoSV9VklsxYdn":{"chainKey":{"counter":0,"key":"IVEsVGMJ/KCmVHNgEhg4toB3WWxS6ZoOQFiXg/PwReQ="},"chainType":2,"messageKeys":{}},"BVO4K3TnSX20RdKOrwvXZIiqAzKJ0Lbypt9l9LfhLgR9":{"chainKey":{"counter":1,"key":"6N5MzkmMUxqhOpwhKCY9goYJwRovGucKDy/RO5VywEQ="},"chainType":1,"messageKeys":{}}}}},"version":"v1"}