{"_sessions":{"BS8fGPOEM+08veZ5s982v1301R6Y2dOUFtsKLJl7CsdC":{"registrationId":860627550,"currentRatchet":{"ephemeralKeyPair":{"pubKey":"BciMXc6fhk9l8tqnGMOqRvsh6YptpioCqOspohg9WJYK","privKey":"+OAdj2ddy2Bp9H87DJO2STqB5nDUqKpap/Ti1G5od1I="},"lastRemoteEphemeralKey":"BQGDZHFz59rJtEw/+bDaZPfVdRf/NpX196ie2Xp477t0","previousCounter":0,"rootKey":"WXD7Y6t1iJ34hmmlWpSJn9iwfqp5sn8FOAjNQG/Qg64="},"indexInfo":{"baseKey":"BS8fGPOEM+08veZ5s982v1301R6Y2dOUFtsKLJl7CsdC","baseKeyType":1,"closed":-1,"used":1759406219033,"created":1759406219033,"remoteIdentityKey":"BUUeGhilLjPUxFYSf75yq16msE5CQVvTyQwMvdPuoJ57"},"_chains":{"BciMXc6fhk9l8tqnGMOqRvsh6YptpioCqOspohg9WJYK":{"chainKey":{"counter":71,"key":"PDCDJOeYDHk8JEcaQE46ZOEzOqkJjhhJrezBWdMY+GU="},"chainType":1,"messageKeys":{}}},"pendingPreKey":{"signedKeyId":2,"baseKey":"BS8fGPOEM+08veZ5s982v1301R6Y2dOUFtsKLJl7CsdC"}}},"version":"v1"}