{"_sessions":{"BWmRn3l9I3r2wDkP3x269BC7JuNdOQ1XBX16T1pN+iVQ":{"registrationId":235,"currentRatchet":{"ephemeralKeyPair":{"pubKey":"BadL9HCYiqR/wfNDo/7cGPVjemxxc0Sf2s6Ego34iOx6","privKey":"IJieAIZqCt9ZaW0oKC/u90HBXevXDb83bFCeKkWKkk4="},"lastRemoteEphemeralKey":"BXFQLcM9l4NN7Mi68xn0w2T8nevWijB10l1pinzZP79N","previousCounter":0,"rootKey":"hk3Gkl0z1GHbNMtdqqLXOg29frXtp6f+GVbXbF/gqeQ="},"indexInfo":{"baseKey":"BWmRn3l9I3r2wDkP3x269BC7JuNdOQ1XBX16T1pN+iVQ","baseKeyType":2,"closed":1759840351275,"used":1759412654793,"created":1759412654793,"remoteIdentityKey":"BYdtt6bS2TFUiqtDWh4q3ryW5fuQy8vfd0BybWxIqB4S"},"_chains":{"BXFQLcM9l4NN7Mi68xn0w2T8nevWijB10l1pinzZP79N":{"chainKey":{"counter":3,"key":"FlQ5nnMSSbP7elLrhMegGYx0xw/tmdnvnu3iruaGwZ8="},"chainType":2,"messageKeys":{}},"BadL9HCYiqR/wfNDo/7cGPVjemxxc0Sf2s6Ego34iOx6":{"chainKey":{"counter":5,"key":"WmXIGbfXvNwJhQSzARrIRdSxB2rCGv0qNlxtwjw3nwM="},"chainType":1,"messageKeys":{}}}},"BasFvBMtCIO0/M8h00YwEthjJstfEzNGsv2VqvneAYZr":{"registrationId":235,"currentRatchet":{"ephemeralKeyPair":{"pubKey":"BbxYv58S99HiP9/Wpv7xprUf5RNoFTxcKS+KUKU01dB/","privKey":"MA+68D4it6xKt0kMX3yhD4eX/vc94KCQUFQcsZ6YfVo="},"lastRemoteEphemeralKey":"BZXhggIhjBgx5R5g11y4tr79WCtxLDRhfOmyadnPhO0A","previousCounter":0,"rootKey":"HDS5geauISvLnJY1fumnsWYhAB/s0tPOUw2Uu8P6nRs="},"indexInfo":{"baseKey":"BasFvBMtCIO0/M8h00YwEthjJstfEzNGsv2VqvneAYZr","baseKeyType":2,"closed":1759840368649,"used":1759840351280,"created":1759840351280,"remoteIdentityKey":"BYdtt6bS2TFUiqtDWh4q3ryW5fuQy8vfd0BybWxIqB4S"},"_chains":{"BZXhggIhjBgx5R5g11y4tr79WCtxLDRhfOmyadnPhO0A":{"chainKey":{"counter":0,"key":"X0305MRSnUxEZZH3dgnW5ZgWNqHk01FQsGAcB3nXgbI="},"chainType":2,"messageKeys":{}},"BbxYv58S99HiP9/Wpv7xprUf5RNoFTxcKS+KUKU01dB/":{"chainKey":{"counter":0,"key":"hyceHc0YCFlDH5ouVKT2KJAjsfbKo+OX7yHyPlWvEYU="},"chainType":1,"messageKeys":{}}}},"BR+5JOpRIQg2E8+EiPfXc9rf37zuiqEeNxVa0i9KJn5G":{"registrationId":235,"currentRatchet":{"ephemeralKeyPair":{"pubKey":"BaxDp2VBqf4lfOdorNvjP4lLuPVwxXNvMD7QdKB0uMVJ","privKey":"2MZ23v+KxH0OuqUsQFAsolBRbzo6HnKH/H3oF2lzhWA="},"lastRemoteEphemeralKey":"BVxnjj1Eyb/t35teLj+MvByeOlvUT1wy3oRsVm4iL9Md","previousCounter":4,"rootKey":"Uxy1+NZcDBRU0waie/oVi+3Y0om7dw9Vk83IWPYkFOY="},"indexInfo":{"baseKey":"BR+5JOpRIQg2E8+EiPfXc9rf37zuiqEeNxVa0i9KJn5G","baseKeyType":2,"closed":1759840398969,"used":1759840383799,"created":1759840368650,"remoteIdentityKey":"BYdtt6bS2TFUiqtDWh4q3ryW5fuQy8vfd0BybWxIqB4S"},"_chains":{"BUjWby9MLqYhTguf3fqWsw4TnqZBIokWQK4FhmQJG05M":{"chainKey":{"counter":0},"chainType":2,"messageKeys":{}},"BVxnjj1Eyb/t35teLj+MvByeOlvUT1wy3oRsVm4iL9Md":{"chainKey":{"counter":0,"key":"0QJtZVqD0L24IuEQXiIYUF95lyVWK8XdiMgJuG3x7JQ="},"chainType":2,"messageKeys":{}},"BaxDp2VBqf4lfOdorNvjP4lLuPVwxXNvMD7QdKB0uMVJ":{"chainKey":{"counter":0,"key":"1ltnfQNA8B54henxl7vdNwcEmsaJ6KdAXcFAJmQuBAU="},"chainType":1,"messageKeys":{}}}},"Be6PQzI0vP9CbqrDX8ZLYKq/v2MSyqWnjN4PoKfPEVcg":{"registrationId":235,"currentRatchet":{"ephemeralKeyPair":{"pubKey":"BRtJsziQg5A5q6wUIwl+XcUbAuJwKMIqLqGuJwj/87Jl","privKey":"uKoVYDBEBT43HBDSppWblIWWq4unN5DaBrRhbzrmq1A="},"lastRemoteEphemeralKey":"BR8tjh+ITXH6PJWoahKv8oEVsrAomHbA/044XIe2Yi96","previousCounter":0,"rootKey":"Z+Dy0O+rC3GzIok4Wl7oQGzge1ovIyFFYvcWm8zElhs="},"indexInfo":{"baseKey":"Be6PQzI0vP9CbqrDX8ZLYKq/v2MSyqWnjN4PoKfPEVcg","baseKeyType":2,"closed":1759840430543,"used":1759840398971,"created":1759840398971,"remoteIdentityKey":"BYdtt6bS2TFUiqtDWh4q3ryW5fuQy8vfd0BybWxIqB4S"},"_chains":{"BR8tjh+ITXH6PJWoahKv8oEVsrAomHbA/044XIe2Yi96":{"chainKey":{"counter":0,"key":"siWzRrmADPUgYKx/ySzNloUju021pay72+9gz3JPlo4="},"chainType":2,"messageKeys":{}},"BRtJsziQg5A5q6wUIwl+XcUbAuJwKMIqLqGuJwj/87Jl":{"chainKey":{"counter":0,"key":"Y5rRJwoIlyOsmQccyhMvbEy8eK9s90ZvkqeH5AiiSew="},"chainType":1,"messageKeys":{}}}},"BTAQVWYZa88TjNigz5InImTT9VEhGtLEZa556pnLIJom":{"registrationId":235,"currentRatchet":{"ephemeralKeyPair":{"pubKey":"Ba7qfWpzKz+2vBg+wgtn6gbqzWn9KbTCA1pqEGmABOs8","privKey":"iHGsNmCdSaEQcbcsyo1oxtzHjFStNNBzBPfZqTejn28="},"lastRemoteEphemeralKey":"BX8+CwnYSrvixE8FLbOC7XNvAn9+R4saMyt/P9zXByRI","previousCounter":0,"rootKey":"Q185sI7TW4jxO7BrSU/aDxKWsDXzMx5HsVZca8l6o3s="},"indexInfo":{"baseKey":"BTAQVWYZa88TjNigz5InImTT9VEhGtLEZa556pnLIJom","baseKeyType":2,"closed":1759843530787,"used":1759840430544,"created":1759840430544,"remoteIdentityKey":"BYdtt6bS2TFUiqtDWh4q3ryW5fuQy8vfd0BybWxIqB4S"},"_chains":{"BX8+CwnYSrvixE8FLbOC7XNvAn9+R4saMyt/P9zXByRI":{"chainKey":{"counter":0,"key":"1dhKm4GrCi8BWkwnJmyZzkgMGMH8lb7K2n3XTSu10o0="},"chainType":2,"messageKeys":{}},"Ba7qfWpzKz+2vBg+wgtn6gbqzWn9KbTCA1pqEGmABOs8":{"chainKey":{"counter":0,"key":"ce/fHwuJ8/rkYErL3WlMYW9mqk/6sH2fOtqPHklzZHo="},"chainType":1,"messageKeys":{}}}},"BeyewpERAZx31V70/+iwf+wlhOR4Cu/qzXUHR7/KvptT":{"registrationId":235,"currentRatchet":{"ephemeralKeyPair":{"pubKey":"BRyWWP4JDrvD538OAjUTq4hrWCsyN1PKaOh7iIyZXCoe","privKey":"+Nj9kZ0Tb0dK3RG58fnwrOzXTJJSXpBaoP+X7YQVUUk="},"lastRemoteEphemeralKey":"BS9wT2lIvxhJV5t45CbwsTnBq6oSgqmxbYUJhaDxFwNI","previousCounter":0,"rootKey":"YHp1nIQIwCIU+dTSXDPW8/pAy1mpvhz6xhOTszcTBlQ="},"indexInfo":{"baseKey":"BeyewpERAZx31V70/+iwf+wlhOR4Cu/qzXUHR7/KvptT","baseKeyType":2,"closed":-1,"used":1762449987284,"created":1759843530792,"remoteIdentityKey":"BYdtt6bS2TFUiqtDWh4q3ryW5fuQy8vfd0BybWxIqB4S"},"_chains":{"BboRrQpb2C+gZj+Gtpc+g/9sxjkdEXtBuB34E5DonEN6":{"chainKey":{"counter":0},"chainType":2,"messageKeys":{}},"Bf2NhpFkSu4n0zIrwSCJn7yS15uh0YZU91rgiRDuyc01":{"chainKey":{"counter":0},"chainType":2,"messageKeys":{}},"BTWoOhQDwmixIIAkbdDuu0lo1kkhdnZqvoYASTU+0K5k":{"chainKey":{"counter":0},"chainType":2,"messageKeys":{}},"BePUBIDZtL3qKMqqXHduvou2r9UUCFOkSImcAJmsH/sy":{"chainKey":{"counter":0},"chainType":2,"messageKeys":{}},"BVHyaEiaT69noUo6vBEmOPMSmb5j9qXRAMVhAnm/G+8b":{"chainKey":{"counter":0},"chainType":2,"messageKeys":{}},"BcXn/k3g4Q9z1evzhMp5qTeqsXXHibeyL9Rq4Lsh6O9s":{"chainKey":{"counter":0},"chainType":2,"messageKeys":{}},"BYN7rbZuufW8R8Zdt/nN6qfWCzZYk0WeJXY24ICjnFpv":{"chainKey":{"counter":0},"chainType":2,"messageKeys":{}},"BaCVR3vsB1VUZDAuf/6YjpJ3ACsO322F8e8dOe0VXqUA":{"chainKey":{"counter":0},"chainType":2,"messageKeys":{}},"BT86gSmtK5tVhUTm7uOYhtKV/eXQA+G2Jzx87LUU6oNT":{"chainKey":{"counter":0},"chainType":2,"messageKeys":{}},"BS9wT2lIvxhJV5t45CbwsTnBq6oSgqmxbYUJhaDxFwNI":{"chainKey":{"counter":0,"key":"XVY9B5jpoNuJZ66PBvieD2vKVML1FN5dW8bE43PZvJI="},"chainType":2,"messageKeys":{}},"BRyWWP4JDrvD538OAjUTq4hrWCsyN1PKaOh7iIyZXCoe":{"chainKey":{"counter":4,"key":"0SUJSwvKH8Io9chNKMKdf4t0U+VLXov1I1udC0K6KOI="},"chainType":1,"messageKeys":{}}}}},"version":"v1"}