{"_sessions":{"BT+GWDsDE54BcyY9DqFckduTuQIrlTjSPe1MLQmw/rcS":{"registrationId":2228,"currentRatchet":{"ephemeralKeyPair":{"pubKey":"BZIHhhr6qBrag5VMbG0QG3Qt1BOAZTTtgg9Vdo9AC/YQ","privKey":"SOI8+G93POngvbwbpGJR4gz/OPKZcWFgE3EVNc1L9Wk="},"lastRemoteEphemeralKey":"BS/kS15wds2xHdwySfBLl+6umov7D7qN0pVTsgrxi40U","previousCounter":0,"rootKey":"Z56z7iRJuKXLOkzPuBrIixRlaTYc8J5Ai5lmJ3abh10="},"indexInfo":{"baseKey":"BT+GWDsDE54BcyY9DqFckduTuQIrlTjSPe1MLQmw/rcS","baseKeyType":1,"closed":-1,"used":1764936034728,"created":1764936034728,"remoteIdentityKey":"BdQZBOTfYrqjEhPd+zrzbxYBR4GqpaK404NuiTGiRMB9"},"_chains":{"BZIHhhr6qBrag5VMbG0QG3Qt1BOAZTTtgg9Vdo9AC/YQ":{"chainKey":{"counter":7,"key":"bfOYXTKGX9QElZcA2GfmhrY7gEah33qdd3WxlgRN6lQ="},"chainType":1,"messageKeys":{}}},"pendingPreKey":{"signedKeyId":1,"baseKey":"BT+GWDsDE54BcyY9DqFckduTuQIrlTjSPe1MLQmw/rcS","preKeyId":297}}},"version":"v1"}