{"_sessions":{"BSYirz6WxUtLiXQIaGCvvAmcsWR6g/hRxG6q+DEPuURB":{"registrationId":11422,"currentRatchet":{"ephemeralKeyPair":{"pubKey":"BSklec4U8VbtXdWfoL73hj3LNTB0hTT/4x4if4Df7NQm","privKey":"eOAwr87YQ7ndTxvDXHGYfHskaNQqfHYfENbpy9HOOUQ="},"lastRemoteEphemeralKey":"BQpkWqXocz9v4YIcE/VALtrj689dB03DiHFilCXIyIY0","previousCounter":0,"rootKey":"zNqmuOj5J0fKQXNzCBfD/+8jG2e11rssuIc9E+PqhTc="},"indexInfo":{"baseKey":"BSYirz6WxUtLiXQIaGCvvAmcsWR6g/hRxG6q+DEPuURB","baseKeyType":1,"closed":-1,"used":1760463400789,"created":1760463400789,"remoteIdentityKey":"BdTt3xROXvxYfndyCqKSRlQ2LXyhTfHMGgbjG2XK+U90"},"_chains":{"BSklec4U8VbtXdWfoL73hj3LNTB0hTT/4x4if4Df7NQm":{"chainKey":{"counter":6,"key":"mCvfC2e1NgcbhGX4FhuvNUVXSSwf6ObmYIIJoqNEQgQ="},"chainType":1,"messageKeys":{}}},"pendingPreKey":{"signedKeyId":1,"baseKey":"BSYirz6WxUtLiXQIaGCvvAmcsWR6g/hRxG6q+DEPuURB","preKeyId":52}}},"version":"v1"}