{"_sessions":{"BXQw5VUGOxyHZ1PJNkuY/EHVtakSiqFWdm3UPnHY1gVz":{"registrationId":1720932220,"currentRatchet":{"ephemeralKeyPair":{"pubKey":"BUMAIB/jSYxuCwc0ZwgGaB6qU+ikvxS9lwFpWW1dX75A","privKey":"SCjqBscCDFuS7IKMau+E3Ic2OHVoL2RNVm+I4D9OHFQ="},"lastRemoteEphemeralKey":"BUNyMBJ5lonxWX3lbZREf8MqxK8CwYwMKGsOHR3in5hQ","previousCounter":1,"rootKey":"lCkCzAc2pHylgCDp3+deUCal6tLgUBHOSb+bsPNCSuo="},"indexInfo":{"baseKey":"BXQw5VUGOxyHZ1PJNkuY/EHVtakSiqFWdm3UPnHY1gVz","baseKeyType":2,"closed":-1,"used":1759411355424,"created":1759410864771,"remoteIdentityKey":"BWr9eikZ/uLyo5gz5dDsrSNffMNj3yEN1SYsYwIrHq9c"},"_chains":{"BUQYl5CtaY+X5Q78QDGiBXDOKPu69acvKPbOc6H6vc8F":{"chainKey":{"counter":0},"chainType":2,"messageKeys":{}},"BfVNFQ7b2t5JGWm7kBiv8ONViidQPy2CKtp6EJHY/4QR":{"chainKey":{"counter":0},"chainType":2,"messageKeys":{}},"BX1iFL6JV4fBVK/lsKpsV24m9Mn7sn8XbJsZTFJd3pgZ":{"chainKey":{"counter":0},"chainType":2,"messageKeys":{}},"Be38gC/sfPey8d4Uxew8uliE3lQJrw7wGPqX78pfKQ1G":{"chainKey":{"counter":0},"chainType":2,"messageKeys":{}},"BV7Tj/s97CDscUmJOnnoppIvq5UmkLoGE7C6lNSGSzp2":{"chainKey":{"counter":0},"chainType":2,"messageKeys":{}},"BQ85F1RmNl4nQpyFe9gEFB62/sY1C6bXkzWMw6CTdE0j":{"chainKey":{"counter":0},"chainType":2,"messageKeys":{}},"BSmtHVYlwwrN0trhE8q7zPgy84wsoNp077itBg7jhAYb":{"chainKey":{"counter":0},"chainType":2,"messageKeys":{}},"BUNyMBJ5lonxWX3lbZREf8MqxK8CwYwMKGsOHR3in5hQ":{"chainKey":{"counter":0,"key":"0mqb0fT79ITmcmkH2NBCzgbFia6GAtlg29T/mMzwSig="},"chainType":2,"messageKeys":{}},"BUMAIB/jSYxuCwc0ZwgGaB6qU+ikvxS9lwFpWW1dX75A":{"chainKey":{"counter":0,"key":"i4DiUbxwXd1l9qOdV8QoE+B3WobXmK6uDwmUffWvjsc="},"chainType":1,"messageKeys":{}}}}},"version":"v1"}