{"_sessions":{"BXHIXAakjrmLmK5XD5m5oqnD7whVe16CGiLBq4usl5Ui":{"registrationId":8313,"currentRatchet":{"ephemeralKeyPair":{"pubKey":"BThDukJ/cv6zrogiPlq9+oqKRGD9nW2zvazb8lldHUFI","privKey":"4GooWN4upXb4VdxVOjYJq193zNk574a3oQKtYa0bgks="},"lastRemoteEphemeralKey":"BQhoFx0/6mXcfME4Fdl24EZbCDU7MJnuVtpbrajxPkA5","previousCounter":0,"rootKey":"Y1WRI8cg9bGfIetLAO+BwwIqbP3hmQx/l+5fqkllwD4="},"indexInfo":{"baseKey":"BXHIXAakjrmLmK5XD5m5oqnD7whVe16CGiLBq4usl5Ui","baseKeyType":1,"closed":-1,"used":1759413079095,"created":1759413079095,"remoteIdentityKey":"BWEAivTHp/xXUwgGhGyKcmT02BqkCosmpCPQGwVizKFP"},"_chains":{"BThDukJ/cv6zrogiPlq9+oqKRGD9nW2zvazb8lldHUFI":{"chainKey":{"counter":18,"key":"xFCjWQvHXhmhKK1Gy8XJjAT5ESYPg6VDo1qdSqV4120="},"chainType":1,"messageKeys":{}}},"pendingPreKey":{"signedKeyId":1,"baseKey":"BXHIXAakjrmLmK5XD5m5oqnD7whVe16CGiLBq4usl5Ui"}}},"version":"v1"}