{"_sessions":{"BZozKuByzKAs/hQu5FcnPe7yakM+GU8kUqiYgJP6mXpT":{"registrationId":1278966737,"currentRatchet":{"ephemeralKeyPair":{"pubKey":"BZveBOiaWVajLd2/AoTBLkTQXfC7WFac58UCbDLKH1Rx","privKey":"KHymfgAHTIk5Ba03vSymGGaUEznQYO0fgwSygJZJe3g="},"lastRemoteEphemeralKey":"BcvEKeu9DkGhM77PbKrw0kIF1HO97iQFjdxFNUts0Og2","previousCounter":0,"rootKey":"vvsJKRPDbO0qRytd43uiXKKxzPMtnW9G3VQK0/l1eks="},"indexInfo":{"baseKey":"BZozKuByzKAs/hQu5FcnPe7yakM+GU8kUqiYgJP6mXpT","baseKeyType":1,"closed":-1,"used":1759539368996,"created":1759539368996,"remoteIdentityKey":"BY0hTNQle2h2pVf7RE+TFhbEChRVHcLk1hN7z2dApt5D"},"_chains":{"BZveBOiaWVajLd2/AoTBLkTQXfC7WFac58UCbDLKH1Rx":{"chainKey":{"counter":107,"key":"3xDpShtiBh2H85A/PNBRbln9kpRQR2uocFjWzDKzVFQ="},"chainType":1,"messageKeys":{}}},"pendingPreKey":{"signedKeyId":8,"baseKey":"BZozKuByzKAs/hQu5FcnPe7yakM+GU8kUqiYgJP6mXpT","preKeyId":4300035}}},"version":"v1"}