{"_sessions":{"BWk4uiPbOhSTBarPJ4xsFe4zYmzU34EgnAgnjjiB16lj":{"registrationId":2071817595,"currentRatchet":{"ephemeralKeyPair":{"pubKey":"BWC1xj2XMkxkwpvSmv2GPc5+uY9qrfneJSz/eRGTCLsY","privKey":"wF0+uo6DaIs8+0jyTwnDSh+tJrKAbliqIK0fxG4I/GQ="},"lastRemoteEphemeralKey":"BdMEmrG+Pg/GosmCV3r6s2Ha2LbC2t6Bg6My11H3M8Aw","previousCounter":1,"rootKey":"BMPgzsS4iHfF4s443ZcER6QPIFoGQWkPKnlX5R8AQDY="},"indexInfo":{"baseKey":"BWk4uiPbOhSTBarPJ4xsFe4zYmzU34EgnAgnjjiB16lj","baseKeyType":2,"closed":-1,"used":1759621111056,"created":1759325697022,"remoteIdentityKey":"Bc/G37OBuuj/pwpMNzSFvgfwzzbLnc6tHQcmXXUuoxYC"},"_chains":{"BZ23FtVFeF1jbShwRF16PP4kpYdmYw2o6a7g02t4OEYw":{"chainKey":{"counter":0},"chainType":2,"messageKeys":{}},"Bc7HoNriNz1aw07pHTd1DRLixyFgkWJKEMnVXi7CrfVC":{"chainKey":{"counter":0},"chainType":2,"messageKeys":{}},"BSsXELleEmibh1b/Rm8BR5MJWOkxfwGHm9rHRiZE0Q4H":{"chainKey":{"counter":0},"chainType":2,"messageKeys":{}},"BaDLvQ6srS86z2UlzvTkyvl+opNvgz534mapHuhw4h0W":{"chainKey":{"counter":0},"chainType":2,"messageKeys":{}},"BRhGHcOjLRB99xgsVTKSITfwSZlqzW85D6smoQ0MXqNW":{"chainKey":{"counter":0},"chainType":2,"messageKeys":{}},"BRT8yW3rNjcBss5b4WtThCIrh8maPx6wc83RwH4IX+h8":{"chainKey":{"counter":0},"chainType":2,"messageKeys":{}},"BR0v2KkZbnolFa5tSrntRqHo5m3EdtCVWSn/eHcFlrgc":{"chainKey":{"counter":0},"chainType":2,"messageKeys":{}},"BWOVWwRuK+IRRGoRvw70X9k/2XD4b9E+FeEaZGf7dCMI":{"chainKey":{"counter":0},"chainType":2,"messageKeys":{}},"Bfyj8Hmaro3+gPkFq95JMNsfEyQlTGTkn+VQ8K0Zumto":{"chainKey":{"counter":0},"chainType":2,"messageKeys":{}},"BRlZNaA7sx0dHEzRSFZc5NGmfCDLRb0sjVYnQMZMnl0D":{"chainKey":{"counter":0},"chainType":2,"messageKeys":{}},"Ba7XAUHvumQp4i5X0QGCAy2Als1qbmFitZ8fljh9DEN4":{"chainKey":{"counter":0},"chainType":2,"messageKeys":{}},"Bea8NjeT9Vih13Mkm+QLnDBn/Y/NDL6lJKx6+gKU5thH":{"chainKey":{"counter":0},"chainType":2,"messageKeys":{}},"BS+dQpPa+F7QFGs7kvgXraWyqQF1UkbtGvBnt0s0sxRp":{"chainKey":{"counter":0},"chainType":2,"messageKeys":{}},"BX9O64CVAWqulwtMj6NhAlj3BkpmE1TOVSld2geykHkS":{"chainKey":{"counter":0},"chainType":2,"messageKeys":{}},"BamsqecyPPnDqi0LzWdi6/Gyl+GhPCY+uKy489yXW5Uk":{"chainKey":{"counter":0},"chainType":2,"messageKeys":{}},"BaHi+dsx6WzKGmme1UtAoKiFKKWILxB9ln5jiYUty7Qq":{"chainKey":{"counter":0},"chainType":2,"messageKeys":{}},"BXqDEI/J0zKGMIzxJnWC+M9n30luqZhU9f1iEV1VRFZY":{"chainKey":{"counter":0},"chainType":2,"messageKeys":{}},"Bcu4FLO6jAV4bacUsFVhEh0uE4oKepwtAXDdE6BH19wg":{"chainKey":{"counter":0},"chainType":2,"messageKeys":{}},"BR+Q0aIZ67zcWXZ2qTHCkkxMFQuESy3/Jm4O7+L6lOFp":{"chainKey":{"counter":0},"chainType":2,"messageKeys":{}},"BcmLbVyQfFzps4BaLiHuZjLtr39vLqIyl4lQD6FGE/4a":{"chainKey":{"counter":0},"chainType":2,"messageKeys":{}},"BTX08iIICnkfNOM+4JemolvdR0Of2T2U7SYtCZn3Zctn":{"chainKey":{"counter":0},"chainType":2,"messageKeys":{}},"BX2BSxqz8qOE2z8ffT7/HdCA1faiEV/Bh1M3wvWRVasf":{"chainKey":{"counter":0},"chainType":2,"messageKeys":{}},"BZLhgN6KpEVHV9o3X18Poy1qFcYp3gg46aHzg7APcNgr":{"chainKey":{"counter":0},"chainType":2,"messageKeys":{}},"BQ0nx/zvANPARJmHQhDyFfUh9FxgQZBAG49DA7AhFLNy":{"chainKey":{"counter":0},"chainType":2,"messageKeys":{}},"Bb2SeJs6R6zBRBfFyYE7WFeFqvQJzPEP4+w0Q0QtNCFv":{"chainKey":{"counter":0},"chainType":2,"messageKeys":{}},"BaCfO1bToHpZdD5WMf5tbCCZr+vq7BBuDK/0NDsI7BlO":{"chainKey":{"counter":0},"chainType":2,"messageKeys":{}},"BdMEmrG+Pg/GosmCV3r6s2Ha2LbC2t6Bg6My11H3M8Aw":{"chainKey":{"counter":0,"key":"CwpONH3ApYjpG6py/E/aGdUfeCB1TS9l+7D7cIrNZWU="},"chainType":2,"messageKeys":{}},"BWC1xj2XMkxkwpvSmv2GPc5+uY9qrfneJSz/eRGTCLsY":{"chainKey":{"counter":45,"key":"vw7x6CE7LOi1VjfGM+DtdI+LEXYeuq+gKun3MpYRm7s="},"chainType":1,"messageKeys":{}}}}},"version":"v1"}