{"_sessions":{"Bf0woCXMTc4NvYI8CEZkQKbPsGaR7Tfy+5Ew+CgIop0o":{"registrationId":1258341973,"currentRatchet":{"ephemeralKeyPair":{"pubKey":"BaczicntoWvtgdsOWWCKxCxO62bc2tuzUoBvW5CVD74s","privKey":"kKI+kPDepUHCuEEjOkQ5Vj7c3+dCfSIk1qHHYLfnT18="},"lastRemoteEphemeralKey":"BQpQ9r0FAXTYlRUBOLNWXprT6e9vFHFhS2+Qzto++UFP","previousCounter":0,"rootKey":"Q4z3IEALEdfLElPqrVe1btOsv8aqeUus2ZpgDBAUH1A="},"indexInfo":{"baseKey":"Bf0woCXMTc4NvYI8CEZkQKbPsGaR7Tfy+5Ew+CgIop0o","baseKeyType":2,"closed":-1,"used":1759413316736,"created":1759407692769,"remoteIdentityKey":"Baoxx+tmVD2DatcQ5yLxWqamzPAZLjXKK1x34f0i1zhf"},"_chains":{"Bfip6oMJriRaGHiFknC6HvjbZfpWwMGzP9rRwuDGBAEG":{"chainKey":{"counter":0},"chainType":2,"messageKeys":{}},"BeTYuKhkgoWQ97PPd+LEd9gCOKSfTk5wU8fc/SiwkXc0":{"chainKey":{"counter":0},"chainType":2,"messageKeys":{}},"BXy/XM7TSf29sarTUvSeUb14I/gk9kwq+pmL007jPwoe":{"chainKey":{"counter":0},"chainType":2,"messageKeys":{}},"BRFxVBPE0SP+HUWSEOAckUyvs+U2RZxOjeovD8UkcAMX":{"chainKey":{"counter":0},"chainType":2,"messageKeys":{}},"Bdwd/9G5aCmCTB3zP4jpBl09CLXZBoyyftKFF6pM6+l+":{"chainKey":{"counter":0},"chainType":2,"messageKeys":{}},"BS8CIJlpoAdI9PZP9m5ImtTrru5NcZm7cm7E859tzf8Q":{"chainKey":{"counter":0},"chainType":2,"messageKeys":{}},"BR1mBieL/fMHX2rezGaC48NPyarxZ65kldxa8InFKBMc":{"chainKey":{"counter":0},"chainType":2,"messageKeys":{}},"Ba42i/vrT1yGX84nn0cweL4YQIXceSbPzVClrMB37JFh":{"chainKey":{"counter":0},"chainType":2,"messageKeys":{}},"BToVAQ+DETDCv16FA5VouDzxhH7ayV/GAFBC/cO9ddcI":{"chainKey":{"counter":0},"chainType":2,"messageKeys":{}},"BQpQ9r0FAXTYlRUBOLNWXprT6e9vFHFhS2+Qzto++UFP":{"chainKey":{"counter":0,"key":"NIMS+3wWDRhJEt00kCW2va0ra9ufqLZZ4j+27ywDSt8="},"chainType":2,"messageKeys":{}},"BaczicntoWvtgdsOWWCKxCxO62bc2tuzUoBvW5CVD74s":{"chainKey":{"counter":-1,"key":"HREVLgLWgimGkGQSIBtd8ejJ6uJrFFwhSglRezMvpDE="},"chainType":1,"messageKeys":{}}}}},"version":"v1"}