{"_sessions":{"BXG8nO6CilZcZiXd7Zs5JxEw/DlvdCqaCFPwijFxSelA":{"registrationId":13588,"currentRatchet":{"ephemeralKeyPair":{"pubKey":"BXceoeCxjOC17HylOxsSPV4ci02sYzX/J0AsXrsTHpl9","privKey":"iHd02GEAyR5aF4LBxdxTh0E36swH2buKeIEBb9nltnw="},"lastRemoteEphemeralKey":"BQ0FGDqia9x+SED9Ngffq+slriwiJs0VyLW8grJ5q4tx","previousCounter":0,"rootKey":"J6iwVuAHuGM0WHf0bcUUv0lhYwlxZu6AwLMscLTzZ7A="},"indexInfo":{"baseKey":"BXG8nO6CilZcZiXd7Zs5JxEw/DlvdCqaCFPwijFxSelA","baseKeyType":1,"closed":-1,"used":1760450352289,"created":1760450352289,"remoteIdentityKey":"BTd/aOYPNCuPHvZ1NLMiN9iucts4EgBK7y4+aMtz9BJc"},"_chains":{"BXceoeCxjOC17HylOxsSPV4ci02sYzX/J0AsXrsTHpl9":{"chainKey":{"counter":16,"key":"waxlduZ3KcuibofjvCjA6+Uwt/ASbp2Oq3bpUlHizfM="},"chainType":1,"messageKeys":{}}},"pendingPreKey":{"signedKeyId":1,"baseKey":"BXG8nO6CilZcZiXd7Zs5JxEw/DlvdCqaCFPwijFxSelA"}}},"version":"v1"}