{"_sessions":{"BVObQ+CnoMf1M/ZUxMLx/qXzP+rYE8+nIEGx7vtBdWRQ":{"registrationId":9978,"currentRatchet":{"ephemeralKeyPair":{"pubKey":"BTKUhsWjbgu8cr0SXUNXyvSAR8sCeFp84tuk0AmpQVsu","privKey":"mBlG0Y1oIPJHaeDagEK+/+axXjVcw04G1DpVptanw0o="},"lastRemoteEphemeralKey":"BYaA7Tba7uvG4oLHDQsgC5QYw1gqqxaMVI+zBjxHpGcs","previousCounter":6,"rootKey":"RMWjp7HFW58wgiVu2j3blNTjJFYVr1mArI7VNOsJlbw="},"indexInfo":{"baseKey":"BVObQ+CnoMf1M/ZUxMLx/qXzP+rYE8+nIEGx7vtBdWRQ","baseKeyType":2,"closed":-1,"used":1765395908370,"created":1761952934887,"remoteIdentityKey":"BawLoXIMFRFKzjw6vhM9BBMULg2vl4sJe3x125A14eAk"},"_chains":{"BQ4vdIwpQ2X3p3USuOiFF9VgH2qaP1sv4oF7w7m6L5cB":{"chainKey":{"counter":2},"chainType":2,"messageKeys":{}},"BXuCEqbFNh5JG4eoEdE3lzoMuqEVqlPRf7mpqCjgELke":{"chainKey":{"counter":0},"chainType":2,"messageKeys":{}},"BcjGS69xX9Y1mSqNYFaWl7ugHVuUTSw88PIWeOme9ltg":{"chainKey":{"counter":0},"chainType":2,"messageKeys":{}},"BesytJQI1Y3h9LPRtyH1464Y1m1llaaCT8SEz/CAzMcy":{"chainKey":{"counter":0},"chainType":2,"messageKeys":{}},"BYFhbR/QDWaONk7sJGuZe7rZTFKiINyO9ngAYGtgmuAn":{"chainKey":{"counter":0},"chainType":2,"messageKeys":{}},"BcAQ25Ql9EDnM3a8P5obROYwLKhhGWYmuyJThn9dHMVD":{"chainKey":{"counter":0},"chainType":2,"messageKeys":{}},"BTQ7V4FcdvlUSATfW03XevG7SnSfWJid5ZIOBtXYJ+Bz":{"chainKey":{"counter":0},"chainType":2,"messageKeys":{}},"BQejIw35V6mSMOfUch8OKfqAfIxl5agsOTwfyfIzjSxQ":{"chainKey":{"counter":0},"chainType":2,"messageKeys":{}},"BeT7KN9fWJX+JbwC4f5HZMT2vrG+9jguBi4tEf0ydloP":{"chainKey":{"counter":0},"chainType":2,"messageKeys":{}},"BTkFJXugFJEFFpJ5x8NBq9Y2gtzz5Iku3nRRXZOzORo9":{"chainKey":{"counter":0},"chainType":2,"messageKeys":{}},"BetYcpD8YFC1wuRLld+wIzJ5zkvdNHiqYNmWNqSHLUQK":{"chainKey":{"counter":1},"chainType":2,"messageKeys":{}},"BfMUTPB+jRBCa2gY/idyRIZdr3ofDUPBFcWIXRXovv5l":{"chainKey":{"counter":0},"chainType":2,"messageKeys":{}},"BZThmHtgFxCYyvwScJPDjo5twjQjbBc84nZ9BPQfEKBQ":{"chainKey":{"counter":0},"chainType":2,"messageKeys":{}},"BZ2STj4GMtVjmk8BIMMCZudiBmA9i2gkALG5tAOgkTE/":{"chainKey":{"counter":1},"chainType":2,"messageKeys":{}},"BQV2dqPqsLjBcvWOfzfaNrBhYqkGvB/Vg4yoHXfaeStD":{"chainKey":{"counter":0},"chainType":2,"messageKeys":{}},"BYaA7Tba7uvG4oLHDQsgC5QYw1gqqxaMVI+zBjxHpGcs":{"chainKey":{"counter":2,"key":"qyVvDMvgGX7p4iIipXDuvu/aC/YUfXx5bC2yR7per84="},"chainType":2,"messageKeys":{}},"BTKUhsWjbgu8cr0SXUNXyvSAR8sCeFp84tuk0AmpQVsu":{"chainKey":{"counter":18,"key":"gQjbYodiSGGbH73w+gf4u2xquwmvVQFY6cf4NVspAIM="},"chainType":1,"messageKeys":{}}}}},"version":"v1"}