{"_sessions":{"BVkCX1LncwS6E4Lcngt1idJkiF/i8k2hJ/IylvOdyY1e":{"registrationId":13248,"currentRatchet":{"ephemeralKeyPair":{"pubKey":"BW2lQSSJUS9G3ogiB1gmnCdF3wQKUqvFZ2QNE8hSnWty","privKey":"oJk+kSWxCt6TpAk63ToiSRrnwn0jWOZ93w+/c940mHY="},"lastRemoteEphemeralKey":"BSWAcrwYIdYpxO98+etkZI0B2iEOCI87LU06s9cCYmk/","previousCounter":0,"rootKey":"5A4DsG1jQt3ahbTJgZCBmcD7ilsy8zXwPnkYlRA598E="},"indexInfo":{"baseKey":"BVkCX1LncwS6E4Lcngt1idJkiF/i8k2hJ/IylvOdyY1e","baseKeyType":1,"closed":-1,"used":1761655543281,"created":1761655543281,"remoteIdentityKey":"BTHreQLQxaTWrAOsXTiPnkcHh99JCAxBPon+tnVAgD4I"},"_chains":{"BW2lQSSJUS9G3ogiB1gmnCdF3wQKUqvFZ2QNE8hSnWty":{"chainKey":{"counter":7,"key":"SbvmxfFjDx9J7+VXAGu0hIu4WrnApsw1JtEftHg7WJE="},"chainType":1,"messageKeys":{}}},"pendingPreKey":{"signedKeyId":1,"baseKey":"BVkCX1LncwS6E4Lcngt1idJkiF/i8k2hJ/IylvOdyY1e","preKeyId":760}}},"version":"v1"}