{"_sessions":{"BQQnyluvSnq+f99JSoJmKb4EgVhoQMqg5JnC9G9ZGR4F":{"registrationId":6708,"currentRatchet":{"ephemeralKeyPair":{"pubKey":"BWdtTrZBSpIOzLSNY961WBsLymJu73O1j21DiItwSRgP","privKey":"OO6IXqxHNAhpjmswIS9kV+4RlkP4VoS2ep2ReBKsq1s="},"lastRemoteEphemeralKey":"BSLna2qGf4YOAPvzofDWfP8WGznZq38O9Fx6qa/SF1Nu","previousCounter":0,"rootKey":"6v5nOGibDECYdH45UWljLtdGzqqCLaDSrZgqrPMqiPM="},"indexInfo":{"baseKey":"BQQnyluvSnq+f99JSoJmKb4EgVhoQMqg5JnC9G9ZGR4F","baseKeyType":2,"closed":-1,"used":1760581409278,"created":1759330837321,"remoteIdentityKey":"BeGcfQNBoq6axROkiTTpbzj6VD+JHmU7UCZuIEL4LJsf"},"_chains":{"BeXrewXMWHzeP/9pyZSNAHczHF/WtNrfdyO49+rqNSlb":{"chainKey":{"counter":0},"chainType":2,"messageKeys":{}},"BaeCp9L9BoPdlBe3zxl/9q4tNl//A8iwtmjGIw4BuHsc":{"chainKey":{"counter":0},"chainType":2,"messageKeys":{}},"BS01irnWWfE0RwTgPssgRajlYAaITOdZfdl8diD2V08s":{"chainKey":{"counter":0},"chainType":2,"messageKeys":{}},"BTgbFGDzq3OrAqeKVu2GIB/KpgbqEyT04PsoeJi1gZEg":{"chainKey":{"counter":0},"chainType":2,"messageKeys":{}},"BdWgAjMhMx0VacbAKFpu8ewQuJyp+RPB51LkxgGRgUw+":{"chainKey":{"counter":0},"chainType":2,"messageKeys":{}},"BbrjlesVVaiNEZklbpOpml1CMeEECi6uxI/kW/FltZFg":{"chainKey":{"counter":0},"chainType":2,"messageKeys":{}},"BbrQx1+uSxU/c/I1ScGEaya80yfj5McqTWfVeL52fBAz":{"chainKey":{"counter":0},"chainType":2,"messageKeys":{}},"BUYnn7HzmUy8Z0MX8q4rEIpZBFzh3m0zHc6abgkr2OAe":{"chainKey":{"counter":0},"chainType":2,"messageKeys":{}},"BcUcdVty/FeE/2FzV9H6W5Jw0P3AD3JpvdrKOmuO1AAb":{"chainKey":{"counter":0},"chainType":2,"messageKeys":{}},"BezFCOj3vnpLh03B5OzJKjxs3+nL9nC97dWkXNtKcDMA":{"chainKey":{"counter":0},"chainType":2,"messageKeys":{}},"BYmdObJ0Y5nIvr0QKed/795dZ6htTD2qAikLYnnf7NpR":{"chainKey":{"counter":0},"chainType":2,"messageKeys":{}},"BdUbD/JtX4awCaUKm2jfLo6Cigr1v5Vhnm53L1oqI3gY":{"chainKey":{"counter":2},"chainType":2,"messageKeys":{}},"BToooeB8vF1+AWDusiGaTPOfqQ5zABGhmoRj741lqpck":{"chainKey":{"counter":0},"chainType":2,"messageKeys":{}},"BSnDYIOtuQDegBeUFKB11SJOfag0cZYk3M0sEJvW3DRv":{"chainKey":{"counter":0},"chainType":2,"messageKeys":{}},"BbPF++M/S2SiCevp3/nKNXGYvEIGTG6FxugS+DJ/KTxK":{"chainKey":{"counter":0},"chainType":2,"messageKeys":{}},"BTIXCinmu+m67Fi7IiT22JwXXcpfMIQ9lUuBuofNVtFX":{"chainKey":{"counter":0},"chainType":2,"messageKeys":{}},"BbxDHNs4gu+TqKrw5L7HNtc5rbzMMfItUuyOXJa9+yFi":{"chainKey":{"counter":0},"chainType":2,"messageKeys":{}},"BXzuYoYDXVewt6M2imTHc5HURUc3EJOGsMdmYz5TRJJP":{"chainKey":{"counter":0},"chainType":2,"messageKeys":{}},"BexjfiOLAzzMtgDCDu7rXKbCRZfneYrw+h3L7dshlqwb":{"chainKey":{"counter":0},"chainType":2,"messageKeys":{}},"BUMcH5kjhW9mHNZKKQyJ70JDJqUGlcObv7fvj0tN/2ld":{"chainKey":{"counter":0},"chainType":2,"messageKeys":{}},"BbI+YoYeBKSyMeEUo3XZG6GOfutHzgs2ai7jKUw0H15b":{"chainKey":{"counter":0},"chainType":2,"messageKeys":{}},"BQzC1llbYQLXWiIBhwVFSXghRrvxKY/q+QxkKJ9iMphN":{"chainKey":{"counter":0},"chainType":2,"messageKeys":{}},"BToYTgoPZqHLs0PHS2yuJBwGknOQnHEzXPzfzpvmIRFB":{"chainKey":{"counter":0},"chainType":2,"messageKeys":{}},"BTTV4mgLFs73MPMZL/YuQy3OZbL9dCJwGQUmQgWIEEpX":{"chainKey":{"counter":0},"chainType":2,"messageKeys":{}},"BVLO1O97tKl2GFSOHcGs0BWPB/2p9Dx351ht4gFG+KoW":{"chainKey":{"counter":0},"chainType":2,"messageKeys":{}},"BYsZxpmcM7h7QauRstGio+VnBGoCZqxEk9tIc43vdmIu":{"chainKey":{"counter":0},"chainType":2,"messageKeys":{}},"Bek3o3hBqBg8lX35J3xv7g4cRKASXgzKVNbq7YbB56Fm":{"chainKey":{"counter":0},"chainType":2,"messageKeys":{}},"BRO4olZiA1mJazqrjgdF7QEY41I7f5NMu1fgWQiwCgA2":{"chainKey":{"counter":0},"chainType":2,"messageKeys":{}},"Bce1qF9NSonhAPU6d1Kfk4fzJAV3Owpz4I/bFxfQz/gb":{"chainKey":{"counter":0},"chainType":2,"messageKeys":{}},"BfHNKKKU3UyTwLWLiL6MhxWR1E4PS1CEWTPRXQjWpE1u":{"chainKey":{"counter":0},"chainType":2,"messageKeys":{}},"BZSxVFlRDK62/mmPN5r+E3yxzeOVNpLr81VTyLN4br89":{"chainKey":{"counter":0},"chainType":2,"messageKeys":{}},"BQQK/ZSucHMpq3Wk22tkaPZ/pwPNaOP8c4PqGwCRAzB6":{"chainKey":{"counter":0},"chainType":2,"messageKeys":{}},"BaAEUbb09nId7HTYgXkvkTiPScFCrPcMo+M3Q/koGORM":{"chainKey":{"counter":0},"chainType":2,"messageKeys":{}},"BRY+7+/bPDYdZs4ZjzxyqbHuTAxTmFZvC+Eo2aLmkAky":{"chainKey":{"counter":0},"chainType":2,"messageKeys":{}},"Bdh2G7U/PZ6ZkhN99zUlL7NRwDG60ER8VAQTkMAxKMFz":{"chainKey":{"counter":0},"chainType":2,"messageKeys":{}},"BXpBcbM1ecnNXHt5/AuIuPuylYKJAsS09rgdabxfjOEF":{"chainKey":{"counter":0},"chainType":2,"messageKeys":{}},"BQ+rXb6LCWR3F48SZQWSVJedUvHZa8SzpzNK7LJDjx0G":{"chainKey":{"counter":0},"chainType":2,"messageKeys":{}},"BXZE4UIi2Y1UrWM8fis1NQThaeGupA+znGeC4WXAZmpz":{"chainKey":{"counter":0},"chainType":2,"messageKeys":{}},"BRidIecUVnsMRzvxgKTO6JWOAPdOEfJPJG28vRIDl5Ad":{"chainKey":{"counter":0},"chainType":2,"messageKeys":{}},"BTSpKCtIa5xl8J7YShyMEEv11/+pcea6Uh6I4wvOuRF+":{"chainKey":{"counter":0},"chainType":2,"messageKeys":{}},"BWTUxUUJhU7emGyYxc1Hmh1kpnIdX2J8Uy7PJoHz+CU+":{"chainKey":{"counter":0},"chainType":2,"messageKeys":{}},"Bb2kR0tFnGgj/T4gAZ/cM7ZlbhoeiHO5I9SnMeSh5b99":{"chainKey":{"counter":2},"chainType":2,"messageKeys":{}},"BQv9MYde80FUkOHQ3+ePjor07ytm6MTxHRHAHc0GePI+":{"chainKey":{"counter":0},"chainType":2,"messageKeys":{}},"BS17py0ATmQ/n3iECD+q3NFoJkHnju9SescM8WJkBKh+":{"chainKey":{"counter":0},"chainType":2,"messageKeys":{}},"BSWoUnaQp8jNQyvdE1ocGWkBt6dmRGCoA8ln31pwb91I":{"chainKey":{"counter":0},"chainType":2,"messageKeys":{}},"BaLIGTRuasxfXrN+KIPh+tyJRI2Dt3Pl8dpML7b6zBE4":{"chainKey":{"counter":0},"chainType":2,"messageKeys":{}},"BcxU/6RtWQO3RmJLJbAmt+XFdUlLp9qPfJfB9eZlxQNZ":{"chainKey":{"counter":0},"chainType":2,"messageKeys":{}},"Bch6D+LA69pAvpIwiuldJEjtdAbkDPT+WEBVAibL2LhK":{"chainKey":{"counter":0},"chainType":2,"messageKeys":{}},"BUd6kTEu/ruWcF+gKfVKNaajBe9z0bT1NM0Pl/tkqf4q":{"chainKey":{"counter":0},"chainType":2,"messageKeys":{}},"BVxbrA/cLRNnJWY9U0I0xiEXpqXdYij77XKwsZF23yxu":{"chainKey":{"counter":0},"chainType":2,"messageKeys":{}},"BV3kdcBhOQLm1o2ZZeEGICd5yUHZuoxR1h+O2ank0lNA":{"chainKey":{"counter":0},"chainType":2,"messageKeys":{}},"Be3iU3y9QY0tMYraLaG3UJgJdTwpETI+dxNB4Hjb3G9m":{"chainKey":{"counter":0},"chainType":2,"messageKeys":{}},"Bc4+mzcMjkT48m8MgAu/0GRo1TJjPKDE5JSbPdbiCFdw":{"chainKey":{"counter":0},"chainType":2,"messageKeys":{}},"BViNdux/OqoIaDiMGaOvIVhnw6EtlQeInt3Et4rYGZAc":{"chainKey":{"counter":0},"chainType":2,"messageKeys":{}},"BXTAoWdCbn98dwA4/gapM8JYChM5F8rm0SEbJaHVkYNc":{"chainKey":{"counter":0},"chainType":2,"messageKeys":{}},"BcWsKxd2qVKKpsaaY8N9OCqhyw1vh7OfklCVIZ5lbxto":{"chainKey":{"counter":0},"chainType":2,"messageKeys":{}},"BdSj9/jvlpogWkpPnk4ZsbetOsUkQH2+j/drtJjrANUk":{"chainKey":{"counter":0},"chainType":2,"messageKeys":{}},"BSLna2qGf4YOAPvzofDWfP8WGznZq38O9Fx6qa/SF1Nu":{"chainKey":{"counter":0,"key":"trp5pLIx/SxrC6IJcqDrrmTUacmfY5TCdpkvaYD4v6A="},"chainType":2,"messageKeys":{}},"BWdtTrZBSpIOzLSNY961WBsLymJu73O1j21DiItwSRgP":{"chainKey":{"counter":31,"key":"bCpVV/XSrpFcqTlUEDM6XW9en6v7zzGZ1uggzKjpPlk="},"chainType":1,"messageKeys":{}}}}},"version":"v1"}