{"_sessions":{"BZzRbFAsnKtXVhGR4m/E4IOPvrfWpndpIvgCcxGUt9kn":{"registrationId":226,"currentRatchet":{"ephemeralKeyPair":{"pubKey":"Bd7w3xYMxfVe+UiBSPJYwPGMQGkWGi+kHTvwKKc9VHlR","privKey":"IM+mtvhntkAbUFpEry3QWSCzfe6VcbxVnYV1DKJzBXU="},"lastRemoteEphemeralKey":"BaCf9IcZytul+LPTlUBVfFIn6xWvme4+qYB5/X0eyJ93","previousCounter":0,"rootKey":"eTwiX8c2LSyH86VxiTp5E9KXSbLJFGWpA/PyyGScy+w="},"indexInfo":{"baseKey":"BZzRbFAsnKtXVhGR4m/E4IOPvrfWpndpIvgCcxGUt9kn","baseKeyType":1,"closed":-1,"used":1759407695880,"created":1759407695880,"remoteIdentityKey":"BWIg3T9jKLPrrj/KSU8vnGoJVlquHktTyfR36oezE/BM"},"_chains":{"Bd7w3xYMxfVe+UiBSPJYwPGMQGkWGi+kHTvwKKc9VHlR":{"chainKey":{"counter":15,"key":"pEF6wdY38DOSxC5e19r+dw3wDmLftRxXd6t1kKdSkuc="},"chainType":1,"messageKeys":{}}},"pendingPreKey":{"signedKeyId":1,"baseKey":"BZzRbFAsnKtXVhGR4m/E4IOPvrfWpndpIvgCcxGUt9kn"}}},"version":"v1"}