{"_sessions":{"BXCFaOW4er4ewgz40VN8tBm3rUXYsiKwiZaOM20hL+hy":{"registrationId":16088,"currentRatchet":{"ephemeralKeyPair":{"pubKey":"BdZZmLg035OKsYyVQqRJenkj07W3EvhHeS7Y25Nficox","privKey":"iEVuoM3CBwcpH7jITOoKq8a6xGYyjWwbUbCM4V3eink="},"lastRemoteEphemeralKey":"BZ81hUpl0cbNzSUq4E8FdYyJG6b93gSzkuoSwHulcKsd","previousCounter":0,"rootKey":"+lDbocZWyQOKNWLLhYhU0rafhRnpptWOUuz9i2stJoY="},"indexInfo":{"baseKey":"BXCFaOW4er4ewgz40VN8tBm3rUXYsiKwiZaOM20hL+hy","baseKeyType":1,"closed":-1,"used":1762525054003,"created":1762525054003,"remoteIdentityKey":"BR2pP0VrXLgcbkalpJwJJjewZIm4lve+0TMbC66cCq1i"},"_chains":{"BdZZmLg035OKsYyVQqRJenkj07W3EvhHeS7Y25Nficox":{"chainKey":{"counter":11,"key":"Zz3XTDAy9YzV9nAq0wnNbCNCjWFhGuXt8S54Z9p8nvA="},"chainType":1,"messageKeys":{}}},"pendingPreKey":{"signedKeyId":1,"baseKey":"BXCFaOW4er4ewgz40VN8tBm3rUXYsiKwiZaOM20hL+hy","preKeyId":807}}},"version":"v1"}