{"_sessions":{"BYij4WuOg/JUvkTPgEFZk8ALf8zNXzAvl45uw6k35tIV":{"registrationId":1181199699,"currentRatchet":{"ephemeralKeyPair":{"pubKey":"BfdD18Y+GSTqlVGWykl60xDivpI/7IWRU39eIOhPtzd3","privKey":"MMzqTY4mkAdrO4ZRVXMOSsYAKWCjaqwBGuDunKnB+U0="},"lastRemoteEphemeralKey":"BRqf1B+XgQWUq3JYdbonK9CJxtBQMNQKdU8B1/xAHSEb","previousCounter":0,"rootKey":"7W7IQekBUZzoAQYZpC1t6JM9PMfU7dQ3SzjAVPsJB7Q="},"indexInfo":{"baseKey":"BYij4WuOg/JUvkTPgEFZk8ALf8zNXzAvl45uw6k35tIV","baseKeyType":1,"closed":1763397930302,"used":1763397888365,"created":1763397888365,"remoteIdentityKey":"BfnZnJdYs1iTSaur7Zf2qjwP2swsMjgJvv7qwDNjEXNm"},"_chains":{"BfdD18Y+GSTqlVGWykl60xDivpI/7IWRU39eIOhPtzd3":{"chainKey":{"counter":0,"key":"6UAmEcmXGYlWcuqcMVvuRnC3IFrNuo2sKDL30U6c41k="},"chainType":1,"messageKeys":{}}},"pendingPreKey":{"signedKeyId":330371,"baseKey":"BYij4WuOg/JUvkTPgEFZk8ALf8zNXzAvl45uw6k35tIV","preKeyId":13803}},"BWPue4ZW2HFEVRaTwlU5RZx2o2yiowF0vMIuDZYzCtcz":{"registrationId":1181199699,"currentRatchet":{"ephemeralKeyPair":{"pubKey":"BVuM4fFg9xP441ikTjTHjKzHCV8tiNboEogk6kC2MsYN","privKey":"aAm9HdXzbkiVX3wt0yagYKVlDg3a3G4AzfUM8WxZ3k4="},"lastRemoteEphemeralKey":"BRqf1B+XgQWUq3JYdbonK9CJxtBQMNQKdU8B1/xAHSEb","previousCounter":0,"rootKey":"k9ogS7QyzXor9ETUs0zvVF+sQsnny5oT1EJHo/1ec04="},"indexInfo":{"baseKey":"BWPue4ZW2HFEVRaTwlU5RZx2o2yiowF0vMIuDZYzCtcz","baseKeyType":1,"closed":1763397931410,"used":1763397930298,"created":1763397930298,"remoteIdentityKey":"BfnZnJdYs1iTSaur7Zf2qjwP2swsMjgJvv7qwDNjEXNm"},"_chains":{"BVuM4fFg9xP441ikTjTHjKzHCV8tiNboEogk6kC2MsYN":{"chainKey":{"counter":0,"key":"R/mr5njrC8p+JFoTC1w/aScddZ9/siVyOwM9xiGnCdM="},"chainType":1,"messageKeys":{}}},"pendingPreKey":{"signedKeyId":330371,"baseKey":"BWPue4ZW2HFEVRaTwlU5RZx2o2yiowF0vMIuDZYzCtcz","preKeyId":13032}},"BfTv8xL+7ao/RUzAbbYbwbPRJkcWHogSmePq227LvIEB":{"registrationId":1181199699,"currentRatchet":{"ephemeralKeyPair":{"pubKey":"BZ14yeiINcf0WYsbW9BBaEHhTF6PBfq7pITHFh46lHtG","privKey":"GMmoneJ7w72N1gX13yr8M38VBNT/lSfNdQPVHHQfrWw="},"lastRemoteEphemeralKey":"BRqf1B+XgQWUq3JYdbonK9CJxtBQMNQKdU8B1/xAHSEb","previousCounter":0,"rootKey":"IFcscQuR+++rb9eGkCn9ZBvlYK1zfLvFXQaoyPqGd7s="},"indexInfo":{"baseKey":"BfTv8xL+7ao/RUzAbbYbwbPRJkcWHogSmePq227LvIEB","baseKeyType":1,"closed":1763397969526,"used":1763397931399,"created":1763397931399,"remoteIdentityKey":"BfnZnJdYs1iTSaur7Zf2qjwP2swsMjgJvv7qwDNjEXNm"},"_chains":{"BZ14yeiINcf0WYsbW9BBaEHhTF6PBfq7pITHFh46lHtG":{"chainKey":{"counter":0,"key":"U9z4MaWBlseNZv+8TCUktsgihWBZ1039QWzgI5vjji4="},"chainType":1,"messageKeys":{}}},"pendingPreKey":{"signedKeyId":330371,"baseKey":"BfTv8xL+7ao/RUzAbbYbwbPRJkcWHogSmePq227LvIEB","preKeyId":13015}},"BTEpGieOjC2V0ZMwV3AmYjXRXzHCtGLRF12WHnJ4pUhj":{"registrationId":1181199699,"currentRatchet":{"ephemeralKeyPair":{"pubKey":"Be5N+OHmmNhQXBoqj5I/Lk9/du92R7IS3k5qEEw0xw0e","privKey":"GJrk5T/kKunX0AhXfSJf2xE56bPAYJB86579eOMI8GQ="},"lastRemoteEphemeralKey":"BRqf1B+XgQWUq3JYdbonK9CJxtBQMNQKdU8B1/xAHSEb","previousCounter":0,"rootKey":"Vc56dMPbQl67rrlEIJjeAPYzUbrSSpFP1wxDKoZ8Uh0="},"indexInfo":{"baseKey":"BTEpGieOjC2V0ZMwV3AmYjXRXzHCtGLRF12WHnJ4pUhj","baseKeyType":1,"closed":1763397987271,"used":1763397969523,"created":1763397969523,"remoteIdentityKey":"BfnZnJdYs1iTSaur7Zf2qjwP2swsMjgJvv7qwDNjEXNm"},"_chains":{"Be5N+OHmmNhQXBoqj5I/Lk9/du92R7IS3k5qEEw0xw0e":{"chainKey":{"counter":0,"key":"Hgl3whKB8QCw5T2TFNk0LKaM1jSdlXRVxwApTcFJDCQ="},"chainType":1,"messageKeys":{}}},"pendingPreKey":{"signedKeyId":330371,"baseKey":"BTEpGieOjC2V0ZMwV3AmYjXRXzHCtGLRF12WHnJ4pUhj","preKeyId":13096}},"BWFWkPla2W8oS5NCHu8KU+ZtEbfiB+5oz0cpoLcxlHIt":{"registrationId":1181199699,"currentRatchet":{"ephemeralKeyPair":{"pubKey":"BUhLo7lIKxro/atMzEMphSJ2NV0SsQ6NZaY8gXN4pPo4","privKey":"MLVV8knWGpCCa6uPOOSqUC9uuYQhiHhan+9quE8xDGQ="},"lastRemoteEphemeralKey":"BRqf1B+XgQWUq3JYdbonK9CJxtBQMNQKdU8B1/xAHSEb","previousCounter":0,"rootKey":"y4MZ3pmZySCljvTJcHN8GT9u0PvmRCKA/xUIvAZKQEA="},"indexInfo":{"baseKey":"BWFWkPla2W8oS5NCHu8KU+ZtEbfiB+5oz0cpoLcxlHIt","baseKeyType":1,"closed":1763397988052,"used":1763397987265,"created":1763397987265,"remoteIdentityKey":"BfnZnJdYs1iTSaur7Zf2qjwP2swsMjgJvv7qwDNjEXNm"},"_chains":{"BUhLo7lIKxro/atMzEMphSJ2NV0SsQ6NZaY8gXN4pPo4":{"chainKey":{"counter":0,"key":"wMmjlxzE3qjEeOz0qCnmb4FbHBBs6lqJ/TQNazzpGCQ="},"chainType":1,"messageKeys":{}}},"pendingPreKey":{"signedKeyId":330371,"baseKey":"BWFWkPla2W8oS5NCHu8KU+ZtEbfiB+5oz0cpoLcxlHIt","preKeyId":13002}},"BVjncJZ4ptKzzLGkDCV7UQiX7HgtsI5g10E1yU6cWNJR":{"registrationId":1181199699,"currentRatchet":{"ephemeralKeyPair":{"pubKey":"BazpUBji9zgNq+eDjzeS9wDG7FNhzivP7GBOl0f/OwAu","privKey":"SNePFlZHJ/AG8IWeV+0PHSOOE165rLtHULLLqUuw704="},"lastRemoteEphemeralKey":"BRqf1B+XgQWUq3JYdbonK9CJxtBQMNQKdU8B1/xAHSEb","previousCounter":0,"rootKey":"fZGeQA1GmiajGA5dhNacxGPbkvLrOALV+El22gDicN8="},"indexInfo":{"baseKey":"BVjncJZ4ptKzzLGkDCV7UQiX7HgtsI5g10E1yU6cWNJR","baseKeyType":1,"closed":1763398012960,"used":1763397988049,"created":1763397988049,"remoteIdentityKey":"BfnZnJdYs1iTSaur7Zf2qjwP2swsMjgJvv7qwDNjEXNm"},"_chains":{"BazpUBji9zgNq+eDjzeS9wDG7FNhzivP7GBOl0f/OwAu":{"chainKey":{"counter":0,"key":"kTZbN8Zhfu75nciD4XQzXAl1/9OIeyhBlg8FrnC8p0Q="},"chainType":1,"messageKeys":{}}},"pendingPreKey":{"signedKeyId":330371,"baseKey":"BVjncJZ4ptKzzLGkDCV7UQiX7HgtsI5g10E1yU6cWNJR","preKeyId":13702}},"BRHr80JS4jCajeeiVWRm+MvbmMD1xWGLt62nPSnrJ99d":{"registrationId":1181199699,"currentRatchet":{"ephemeralKeyPair":{"pubKey":"Bf2eV/TAmpWkrPxXHY29HwtRAAfT8UcxKj27DD5Tupt7","privKey":"MNdpbyUmLIAljDDihQAlk2PHwdyxJkkBF/3yXNT280k="},"lastRemoteEphemeralKey":"BRqf1B+XgQWUq3JYdbonK9CJxtBQMNQKdU8B1/xAHSEb","previousCounter":0,"rootKey":"xuBJjsdSxia3nr5pXbnjkeJTe8FQ+1EJCgw7+jgmAzM="},"indexInfo":{"baseKey":"BRHr80JS4jCajeeiVWRm+MvbmMD1xWGLt62nPSnrJ99d","baseKeyType":1,"closed":1763398029628,"used":1763398012954,"created":1763398012954,"remoteIdentityKey":"BfnZnJdYs1iTSaur7Zf2qjwP2swsMjgJvv7qwDNjEXNm"},"_chains":{"Bf2eV/TAmpWkrPxXHY29HwtRAAfT8UcxKj27DD5Tupt7":{"chainKey":{"counter":0,"key":"YKRf51hhEAbMr92WJtu1Z5WSuvb0nXkCGEHHgUsA2/Y="},"chainType":1,"messageKeys":{}}},"pendingPreKey":{"signedKeyId":330371,"baseKey":"BRHr80JS4jCajeeiVWRm+MvbmMD1xWGLt62nPSnrJ99d","preKeyId":13017}},"Bdb46m+55bcwn25kxhoIzIGTGmsV8Cr/myG+hQi9jnNB":{"registrationId":1181199699,"currentRatchet":{"ephemeralKeyPair":{"pubKey":"Bc1yLKcSziHKWeDOko9/xh/Xs2lglG0dfGpQ48lm1YtX","privKey":"QCPa7wfsft1Ao1qKPSYx7fe1OMtcbBtbMQSZcK1tJ1c="},"lastRemoteEphemeralKey":"BRqf1B+XgQWUq3JYdbonK9CJxtBQMNQKdU8B1/xAHSEb","previousCounter":0,"rootKey":"ksT+6oGVlYvzNdLjaHDdcI+/2ePoUJsmTX3BKfrId2Q="},"indexInfo":{"baseKey":"Bdb46m+55bcwn25kxhoIzIGTGmsV8Cr/myG+hQi9jnNB","baseKeyType":1,"closed":1763398031530,"used":1763398029622,"created":1763398029622,"remoteIdentityKey":"BfnZnJdYs1iTSaur7Zf2qjwP2swsMjgJvv7qwDNjEXNm"},"_chains":{"Bc1yLKcSziHKWeDOko9/xh/Xs2lglG0dfGpQ48lm1YtX":{"chainKey":{"counter":0,"key":"2HAG1tmJgyCEBc7XyrcycScern14DbMUGHuwkUhzt+I="},"chainType":1,"messageKeys":{}}},"pendingPreKey":{"signedKeyId":330371,"baseKey":"Bdb46m+55bcwn25kxhoIzIGTGmsV8Cr/myG+hQi9jnNB","preKeyId":13027}},"BT0WVlYH2iOVS9z60BjpJcQks7c76zZgUYmCFX2Z6UNN":{"registrationId":1181199699,"currentRatchet":{"ephemeralKeyPair":{"pubKey":"BWa71VD11oRagm1rYz+2CXquQXJ3f1JwFTdJNC00wno5","privKey":"MBuv208hxkz0amTE9seRTlGGxMYrvN1Ktq+NtImjXXo="},"lastRemoteEphemeralKey":"BRqf1B+XgQWUq3JYdbonK9CJxtBQMNQKdU8B1/xAHSEb","previousCounter":0,"rootKey":"aJTfQPJA2dl1Si5VwbGM+59vnSk7KJO5gHtpLXmRQK8="},"indexInfo":{"baseKey":"BT0WVlYH2iOVS9z60BjpJcQks7c76zZgUYmCFX2Z6UNN","baseKeyType":1,"closed":1763398053197,"used":1763398031527,"created":1763398031527,"remoteIdentityKey":"BfnZnJdYs1iTSaur7Zf2qjwP2swsMjgJvv7qwDNjEXNm"},"_chains":{"BWa71VD11oRagm1rYz+2CXquQXJ3f1JwFTdJNC00wno5":{"chainKey":{"counter":0,"key":"XWzhYObHYJMEm7W4OLzAMfPPcD0pJwnjb6Kn4/IB1cc="},"chainType":1,"messageKeys":{}}},"pendingPreKey":{"signedKeyId":330371,"baseKey":"BT0WVlYH2iOVS9z60BjpJcQks7c76zZgUYmCFX2Z6UNN","preKeyId":13014}},"Bdct0eCLvmfEPbG9sq2ePA92MzDiul44vLHJMdi48h8E":{"registrationId":1181199699,"currentRatchet":{"ephemeralKeyPair":{"pubKey":"BXqVMxOcL83Ep7A0KSzp7w9fLCvga+XPZz3Q6D+ZMMIM","privKey":"iHO1LIXnxF4Ew6p5GhoOXO4uB2yLgdCE1pBbqXqQkl0="},"lastRemoteEphemeralKey":"BRqf1B+XgQWUq3JYdbonK9CJxtBQMNQKdU8B1/xAHSEb","previousCounter":0,"rootKey":"uYk08rA2bNQtl+JHZ0OQWnHwqeCQn/3/7gx83+Ucrvg="},"indexInfo":{"baseKey":"Bdct0eCLvmfEPbG9sq2ePA92MzDiul44vLHJMdi48h8E","baseKeyType":1,"closed":1763398069285,"used":1763398053194,"created":1763398053194,"remoteIdentityKey":"BfnZnJdYs1iTSaur7Zf2qjwP2swsMjgJvv7qwDNjEXNm"},"_chains":{"BXqVMxOcL83Ep7A0KSzp7w9fLCvga+XPZz3Q6D+ZMMIM":{"chainKey":{"counter":0,"key":"e8Hw1C2Rb4eIIZ7R2I4njuymSYA6J1alWRlucnUnHRw="},"chainType":1,"messageKeys":{}}},"pendingPreKey":{"signedKeyId":330371,"baseKey":"Bdct0eCLvmfEPbG9sq2ePA92MzDiul44vLHJMdi48h8E","preKeyId":13779}},"BRhgphorCAjTQs3F/NBAqmTJ53qfDS0dMuFeVwZIr7tk":{"registrationId":1181199699,"currentRatchet":{"ephemeralKeyPair":{"pubKey":"BaPQ35lVVSH8bk36SWSjMp9WMc1PJ/wgOEMZkd6zlQxk","privKey":"iKsonCgROt3LCx1hoXVDucfItoCL01tv4Cxa0RUcIXk="},"lastRemoteEphemeralKey":"BRqf1B+XgQWUq3JYdbonK9CJxtBQMNQKdU8B1/xAHSEb","previousCounter":0,"rootKey":"NpkDDFhPvqA+oPszWWnOFUvGoeCF93Mk86h41kEYFgc="},"indexInfo":{"baseKey":"BRhgphorCAjTQs3F/NBAqmTJ53qfDS0dMuFeVwZIr7tk","baseKeyType":1,"closed":1763398070449,"used":1763398069278,"created":1763398069278,"remoteIdentityKey":"BfnZnJdYs1iTSaur7Zf2qjwP2swsMjgJvv7qwDNjEXNm"},"_chains":{"BaPQ35lVVSH8bk36SWSjMp9WMc1PJ/wgOEMZkd6zlQxk":{"chainKey":{"counter":0,"key":"ydR3EhQv6w0rHlBqrNVzNIruwIf19fY17+5Lwpkss9c="},"chainType":1,"messageKeys":{}}},"pendingPreKey":{"signedKeyId":330371,"baseKey":"BRhgphorCAjTQs3F/NBAqmTJ53qfDS0dMuFeVwZIr7tk","preKeyId":13082}},"BTwN6XESCExBiUfQ8JB0ECAQkW+NuaOgAhXAqhFbtWZL":{"registrationId":1181199699,"currentRatchet":{"ephemeralKeyPair":{"pubKey":"BZBQJsph4XoaBCxVAN62hv+I0vs7VSIMMSgdw6ygQpRH","privKey":"6JMWpWbxZT7tyeo8NTnF4vVHrpejideujjKEQux4YHw="},"lastRemoteEphemeralKey":"BRqf1B+XgQWUq3JYdbonK9CJxtBQMNQKdU8B1/xAHSEb","previousCounter":0,"rootKey":"96y9qVsCHBRj14sPd6/1aqEXIr6ncj4trTOSAOZhD+s="},"indexInfo":{"baseKey":"BTwN6XESCExBiUfQ8JB0ECAQkW+NuaOgAhXAqhFbtWZL","baseKeyType":1,"closed":1763399528843,"used":1763398070443,"created":1763398070443,"remoteIdentityKey":"BfnZnJdYs1iTSaur7Zf2qjwP2swsMjgJvv7qwDNjEXNm"},"_chains":{"BZBQJsph4XoaBCxVAN62hv+I0vs7VSIMMSgdw6ygQpRH":{"chainKey":{"counter":0,"key":"t5UZOOdOpufLJJV1Ne3nNblASTHPut+IkZNnn1wfsoQ="},"chainType":1,"messageKeys":{}}},"pendingPreKey":{"signedKeyId":330371,"baseKey":"BTwN6XESCExBiUfQ8JB0ECAQkW+NuaOgAhXAqhFbtWZL","preKeyId":13055}},"BXasWSAJPWxO8coXew7X/wp4dm0U5aIDqKu5KDiw7dI7":{"registrationId":1181199699,"currentRatchet":{"ephemeralKeyPair":{"pubKey":"BUM7ceK3uiAJYpwD/xojF03Wu5eDu+YjAxvC+FJrW6Fb","privKey":"GP038m2KC4JeF5jHkaABD3ffZubFH7NtW/iBdm6/RUA="},"lastRemoteEphemeralKey":"BRqf1B+XgQWUq3JYdbonK9CJxtBQMNQKdU8B1/xAHSEb","previousCounter":0,"rootKey":"uX9m8/NZ2FcVM00AcGT4a4iVEBq6gCk2baWPgxrRt50="},"indexInfo":{"baseKey":"BXasWSAJPWxO8coXew7X/wp4dm0U5aIDqKu5KDiw7dI7","baseKeyType":1,"closed":1763399535352,"used":1763399528837,"created":1763399528837,"remoteIdentityKey":"BfnZnJdYs1iTSaur7Zf2qjwP2swsMjgJvv7qwDNjEXNm"},"_chains":{"BUM7ceK3uiAJYpwD/xojF03Wu5eDu+YjAxvC+FJrW6Fb":{"chainKey":{"counter":0,"key":"9kLaCliycCkd4H9lf/sPlGPaRxynseWMIoaOr8FF9pE="},"chainType":1,"messageKeys":{}}},"pendingPreKey":{"signedKeyId":330371,"baseKey":"BXasWSAJPWxO8coXew7X/wp4dm0U5aIDqKu5KDiw7dI7","preKeyId":13722}},"BTfGHrC8r/pY8daNCIH6ggU0M6X8fE6eIrrzs90wk/Zy":{"registrationId":1181199699,"currentRatchet":{"ephemeralKeyPair":{"pubKey":"BXwmJ25UgBdMyfc85wfalXhAFVauv5uwbBBHpwMv38A7","privKey":"6BSJaN0wLuY/g7Jeg/qYC6Nunt/uXjdZfuFrn4H8Sks="},"lastRemoteEphemeralKey":"BRqf1B+XgQWUq3JYdbonK9CJxtBQMNQKdU8B1/xAHSEb","previousCounter":0,"rootKey":"go9heMMnMJ8AN0RwDnYqPju6rz0ChkJZmUYY3BN87y4="},"indexInfo":{"baseKey":"BTfGHrC8r/pY8daNCIH6ggU0M6X8fE6eIrrzs90wk/Zy","baseKeyType":1,"closed":1763399543756,"used":1763399535346,"created":1763399535346,"remoteIdentityKey":"BfnZnJdYs1iTSaur7Zf2qjwP2swsMjgJvv7qwDNjEXNm"},"_chains":{"BXwmJ25UgBdMyfc85wfalXhAFVauv5uwbBBHpwMv38A7":{"chainKey":{"counter":0,"key":"iR8Bg0G/yf43EHJPLa2Mui5XBxwz3V9B3U8omx4nb3c="},"chainType":1,"messageKeys":{}}},"pendingPreKey":{"signedKeyId":330371,"baseKey":"BTfGHrC8r/pY8daNCIH6ggU0M6X8fE6eIrrzs90wk/Zy","preKeyId":13116}},"BdgyykE8PemiHKU4l0O9xkA9NUhI9dUUopVnDxCjVFwl":{"registrationId":1181199699,"currentRatchet":{"ephemeralKeyPair":{"pubKey":"BU6/HtHb/q0ND3mWh5LIDXhr2Bv42DMap5sStfpej91K","privKey":"KIInA+chseLOsMoAK3UsBtKeKXXRuQ6yrJAPsz2sn24="},"lastRemoteEphemeralKey":"BRqf1B+XgQWUq3JYdbonK9CJxtBQMNQKdU8B1/xAHSEb","previousCounter":0,"rootKey":"bcNAhoLl7zdeR5FtgLSWDWVj01KJNwy1r+pYQqHlQ/k="},"indexInfo":{"baseKey":"BdgyykE8PemiHKU4l0O9xkA9NUhI9dUUopVnDxCjVFwl","baseKeyType":1,"closed":1763399586212,"used":1763399543745,"created":1763399543745,"remoteIdentityKey":"BfnZnJdYs1iTSaur7Zf2qjwP2swsMjgJvv7qwDNjEXNm"},"_chains":{"BU6/HtHb/q0ND3mWh5LIDXhr2Bv42DMap5sStfpej91K":{"chainKey":{"counter":0,"key":"YDUlEQPTA9SauYw2f6TVVt/dYsIf27csqI+IY+sRkZI="},"chainType":1,"messageKeys":{}}},"pendingPreKey":{"signedKeyId":330371,"baseKey":"BdgyykE8PemiHKU4l0O9xkA9NUhI9dUUopVnDxCjVFwl","preKeyId":13745}},"BcbbTq6XpDu0i+rxwmKZtgohyeir5+EEw4Y+WSXfndds":{"registrationId":1181199699,"currentRatchet":{"ephemeralKeyPair":{"pubKey":"BZILXC/FItrwY5Y5912Sq7TCgQxu5UAuBi2mxwvrsacF","privKey":"SKP/Nye8ff8XwuKRd4/JxdpFyNg5qkaT9A24O3ggdEg="},"lastRemoteEphemeralKey":"BRqf1B+XgQWUq3JYdbonK9CJxtBQMNQKdU8B1/xAHSEb","previousCounter":0,"rootKey":"5MkIxmO8P0rBjnJ7azOU8cCXzxVc5OG2//fx53UBdYo="},"indexInfo":{"baseKey":"BcbbTq6XpDu0i+rxwmKZtgohyeir5+EEw4Y+WSXfndds","baseKeyType":1,"closed":1763399587522,"used":1763399586207,"created":1763399586207,"remoteIdentityKey":"BfnZnJdYs1iTSaur7Zf2qjwP2swsMjgJvv7qwDNjEXNm"},"_chains":{"BZILXC/FItrwY5Y5912Sq7TCgQxu5UAuBi2mxwvrsacF":{"chainKey":{"counter":0,"key":"oWau8C+agHYBVQNMXABgnKfRunNacByxV2MQ0LAsE2A="},"chainType":1,"messageKeys":{}}},"pendingPreKey":{"signedKeyId":330371,"baseKey":"BcbbTq6XpDu0i+rxwmKZtgohyeir5+EEw4Y+WSXfndds","preKeyId":13677}},"Ba3lZYnWg76x4OpembIxHGI382jTSDgNOD6/f+9xEiVa":{"registrationId":1181199699,"currentRatchet":{"ephemeralKeyPair":{"pubKey":"BawiH2B0VuApPbncxtjyNU+IOoUtoOX0K2DfEWhvxHYi","privKey":"ED3IaAPwwhVhjka1Blicbk893nqL3LPNpnUUs1Jevkw="},"lastRemoteEphemeralKey":"BRqf1B+XgQWUq3JYdbonK9CJxtBQMNQKdU8B1/xAHSEb","previousCounter":0,"rootKey":"5Uk4pSjCFeBWs0t6tL17D51LJlVSauS2fnj3/kTF0YI="},"indexInfo":{"baseKey":"Ba3lZYnWg76x4OpembIxHGI382jTSDgNOD6/f+9xEiVa","baseKeyType":1,"closed":1764075821534,"used":1763399587518,"created":1763399587518,"remoteIdentityKey":"BfnZnJdYs1iTSaur7Zf2qjwP2swsMjgJvv7qwDNjEXNm"},"_chains":{"BawiH2B0VuApPbncxtjyNU+IOoUtoOX0K2DfEWhvxHYi":{"chainKey":{"counter":0,"key":"O5XOTD+zvDKYikF9dnC6Uv45o8FnGv6nSm9G/NwmE/M="},"chainType":1,"messageKeys":{}}},"pendingPreKey":{"signedKeyId":330371,"baseKey":"Ba3lZYnWg76x4OpembIxHGI382jTSDgNOD6/f+9xEiVa","preKeyId":13137}},"BeIsx7TGJ0h5Wz2IrMAuFdZszT09XxzM5pvJUmzbpgVV":{"registrationId":1181199699,"currentRatchet":{"ephemeralKeyPair":{"pubKey":"BVvROlnkGDhdKOxYYeUMp0KNQ7MFjkEAySCqNPmkL4Zl","privKey":"4GjEmcLn7j2dRDnXPLVBp2u/pwOjb3h2WLVnnB64Dl0="},"lastRemoteEphemeralKey":"BRqf1B+XgQWUq3JYdbonK9CJxtBQMNQKdU8B1/xAHSEb","previousCounter":0,"rootKey":"T0PWXeW78iS8EAShrurD5qDR80mkG4xW1gkDKuOyK+M="},"indexInfo":{"baseKey":"BeIsx7TGJ0h5Wz2IrMAuFdZszT09XxzM5pvJUmzbpgVV","baseKeyType":1,"closed":1764075834936,"used":1764075821516,"created":1764075821516,"remoteIdentityKey":"BfnZnJdYs1iTSaur7Zf2qjwP2swsMjgJvv7qwDNjEXNm"},"_chains":{"BVvROlnkGDhdKOxYYeUMp0KNQ7MFjkEAySCqNPmkL4Zl":{"chainKey":{"counter":0,"key":"jSyp0CatpXo1TeEMZcjdgEm3oZjaNJs286t27SvmQ/w="},"chainType":1,"messageKeys":{}}},"pendingPreKey":{"signedKeyId":330371,"baseKey":"BeIsx7TGJ0h5Wz2IrMAuFdZszT09XxzM5pvJUmzbpgVV","preKeyId":13596}},"BULWdoGphfGI4jtSld5TNh66ok5oSRR+jFoocEXsuEUE":{"registrationId":1181199699,"currentRatchet":{"ephemeralKeyPair":{"pubKey":"BSxAcKBGRwOPK44zFKKhKS5+HN+wQSyJrgNN1Y3a3rwg","privKey":"OCvJaGgRgT6B5H7VIG05tJySkgORT9TPaqgAM49eu1M="},"lastRemoteEphemeralKey":"BRqf1B+XgQWUq3JYdbonK9CJxtBQMNQKdU8B1/xAHSEb","previousCounter":0,"rootKey":"7vo2hAO7OFdK/NPqpTXDZqw9QU9JDeg7KNmWeifuvzk="},"indexInfo":{"baseKey":"BULWdoGphfGI4jtSld5TNh66ok5oSRR+jFoocEXsuEUE","baseKeyType":1,"closed":1764075848416,"used":1764075834925,"created":1764075834925,"remoteIdentityKey":"BfnZnJdYs1iTSaur7Zf2qjwP2swsMjgJvv7qwDNjEXNm"},"_chains":{"BSxAcKBGRwOPK44zFKKhKS5+HN+wQSyJrgNN1Y3a3rwg":{"chainKey":{"counter":0,"key":"krlVPthQCv5IjZT9fdKZ8Cm7ODbvSCWS79PqdeTWgrA="},"chainType":1,"messageKeys":{}}},"pendingPreKey":{"signedKeyId":330371,"baseKey":"BULWdoGphfGI4jtSld5TNh66ok5oSRR+jFoocEXsuEUE","preKeyId":13634}},"BV2et8lkE2IroBtjobSCSNs9pBab0R/JHfrD6pO6Uj5a":{"registrationId":1181199699,"currentRatchet":{"ephemeralKeyPair":{"pubKey":"BaUdLTMspA7FWWD54I/nSGAb/jlsuIppHps29W/u5mIS","privKey":"UIbWBD0kldGysrjPPg58bK1peJtAWGHsLcvt0iYsIGM="},"lastRemoteEphemeralKey":"BRqf1B+XgQWUq3JYdbonK9CJxtBQMNQKdU8B1/xAHSEb","previousCounter":0,"rootKey":"JLkPuZOUtDJy5eHCLxaVlBrb3sa8EkUaTFX5lo7gEzs="},"indexInfo":{"baseKey":"BV2et8lkE2IroBtjobSCSNs9pBab0R/JHfrD6pO6Uj5a","baseKeyType":1,"closed":1764075871681,"used":1764075848402,"created":1764075848402,"remoteIdentityKey":"BfnZnJdYs1iTSaur7Zf2qjwP2swsMjgJvv7qwDNjEXNm"},"_chains":{"BaUdLTMspA7FWWD54I/nSGAb/jlsuIppHps29W/u5mIS":{"chainKey":{"counter":0,"key":"O1zvLMXYe5f7st/59j/lTfm4yxSYUKGX8JmzD4+RN7I="},"chainType":1,"messageKeys":{}}},"pendingPreKey":{"signedKeyId":330371,"baseKey":"BV2et8lkE2IroBtjobSCSNs9pBab0R/JHfrD6pO6Uj5a","preKeyId":13128}},"BRRxrKjKNE/G70S1W+LliFvXaUhUiFHE1/oTHEiYUsk2":{"registrationId":1181199699,"currentRatchet":{"ephemeralKeyPair":{"pubKey":"BUncz4ntIK4SaOJT8GXwFkFMcWLRzEv3od4wT/Hz0fEY","privKey":"uJBSFU4txLJMnvvyJdCzKMpq936Cz81mD7ZnVlcWpGw="},"lastRemoteEphemeralKey":"BRqf1B+XgQWUq3JYdbonK9CJxtBQMNQKdU8B1/xAHSEb","previousCounter":0,"rootKey":"SlXuF7fHl0ja+P3PRDUbg7UIZ280sf5EogVP1Mygp0M="},"indexInfo":{"baseKey":"BRRxrKjKNE/G70S1W+LliFvXaUhUiFHE1/oTHEiYUsk2","baseKeyType":1,"closed":1764075902163,"used":1764075871674,"created":1764075871674,"remoteIdentityKey":"BfnZnJdYs1iTSaur7Zf2qjwP2swsMjgJvv7qwDNjEXNm"},"_chains":{"BUncz4ntIK4SaOJT8GXwFkFMcWLRzEv3od4wT/Hz0fEY":{"chainKey":{"counter":0,"key":"VKPz7TMIpSOmxU1xeMx4ap69rkv3/f2YUQRSMx/d7fQ="},"chainType":1,"messageKeys":{}}},"pendingPreKey":{"signedKeyId":330371,"baseKey":"BRRxrKjKNE/G70S1W+LliFvXaUhUiFHE1/oTHEiYUsk2","preKeyId":13016}},"BS0VURuJbsSGgxiPtVNtzrUq6+KmAPl+BPiZRC5IrBMt":{"registrationId":1181199699,"currentRatchet":{"ephemeralKeyPair":{"pubKey":"Be37mGHa/IE2v3B2qv2GWXfnZD9aSpEL6xyxffOLmA0C","privKey":"oFpPx9YNuGTP/6qq9SsUnnWKuStI+MZV/2hmXH0K1X0="},"lastRemoteEphemeralKey":"BRqf1B+XgQWUq3JYdbonK9CJxtBQMNQKdU8B1/xAHSEb","previousCounter":0,"rootKey":"j4g0njm772fmAn0fEUDwCEXxStByPQTwcmq+SnkugrY="},"indexInfo":{"baseKey":"BS0VURuJbsSGgxiPtVNtzrUq6+KmAPl+BPiZRC5IrBMt","baseKeyType":1,"closed":1764075904375,"used":1764075902156,"created":1764075902156,"remoteIdentityKey":"BfnZnJdYs1iTSaur7Zf2qjwP2swsMjgJvv7qwDNjEXNm"},"_chains":{"Be37mGHa/IE2v3B2qv2GWXfnZD9aSpEL6xyxffOLmA0C":{"chainKey":{"counter":0,"key":"yOr4qnF/Pxb9lMQM+3hWEAMpHByzfAAW3UaNvHP4Z4s="},"chainType":1,"messageKeys":{}}},"pendingPreKey":{"signedKeyId":330371,"baseKey":"BS0VURuJbsSGgxiPtVNtzrUq6+KmAPl+BPiZRC5IrBMt","preKeyId":13770}},"BcrzEPdYKjh6pInltC7+SIBc6+mFjdnqt6KcWIGC7iNU":{"registrationId":1181199699,"currentRatchet":{"ephemeralKeyPair":{"pubKey":"BZnL+8ZcHlg2F4rPHCLh6/vi8OZI3T14gda3o5P4Slob","privKey":"sHJu0ncRSHWHv6Hd7MgHYk0wnndt40T8ix3eMSCAjEQ="},"lastRemoteEphemeralKey":"BRqf1B+XgQWUq3JYdbonK9CJxtBQMNQKdU8B1/xAHSEb","previousCounter":0,"rootKey":"eqOABLfrNIYQUS6F2F8YUBrVouyU558sNT1Z/OH1BYw="},"indexInfo":{"baseKey":"BcrzEPdYKjh6pInltC7+SIBc6+mFjdnqt6KcWIGC7iNU","baseKeyType":1,"closed":1764075979331,"used":1764075904367,"created":1764075904367,"remoteIdentityKey":"BfnZnJdYs1iTSaur7Zf2qjwP2swsMjgJvv7qwDNjEXNm"},"_chains":{"BZnL+8ZcHlg2F4rPHCLh6/vi8OZI3T14gda3o5P4Slob":{"chainKey":{"counter":0,"key":"hFzRFDR91q534NA3pzhmTW1KmBrO5EjyIGd7LjInQaA="},"chainType":1,"messageKeys":{}}},"pendingPreKey":{"signedKeyId":330371,"baseKey":"BcrzEPdYKjh6pInltC7+SIBc6+mFjdnqt6KcWIGC7iNU","preKeyId":13795}},"BeZGU5xmE3g0gfIafyD5/Ne7Mkm2vrJ9KqrUyKHYpIQ4":{"registrationId":1181199699,"currentRatchet":{"ephemeralKeyPair":{"pubKey":"BZZ/TYQ77LapN63k7lVjzpuybMplk+RmGJ3E81lG4AwG","privKey":"mLKspzmsoYyZH+RxtaBczMx3lhgHiRSgRR+kwSLtKGc="},"lastRemoteEphemeralKey":"BRqf1B+XgQWUq3JYdbonK9CJxtBQMNQKdU8B1/xAHSEb","previousCounter":0,"rootKey":"KkeTq6ERIQ+gcP4KL5T/T2vM26E/+ySB6R5kR9ABaGs="},"indexInfo":{"baseKey":"BeZGU5xmE3g0gfIafyD5/Ne7Mkm2vrJ9KqrUyKHYpIQ4","baseKeyType":1,"closed":1764075980119,"used":1764075979324,"created":1764075979324,"remoteIdentityKey":"BfnZnJdYs1iTSaur7Zf2qjwP2swsMjgJvv7qwDNjEXNm"},"_chains":{"BZZ/TYQ77LapN63k7lVjzpuybMplk+RmGJ3E81lG4AwG":{"chainKey":{"counter":0,"key":"FlppaeMwd82WSOFPZ5F/zvgxQPN1iEyjjsjrgjk64xw="},"chainType":1,"messageKeys":{}}},"pendingPreKey":{"signedKeyId":330371,"baseKey":"BeZGU5xmE3g0gfIafyD5/Ne7Mkm2vrJ9KqrUyKHYpIQ4","preKeyId":13590}},"BfGTdN0w72bkrsr/AqvanOz+Az4/zxPK8Cm7zIbuRgUP":{"registrationId":1181199699,"currentRatchet":{"ephemeralKeyPair":{"pubKey":"Bak4a5mLFg78pyTg66ZLP3AB3C+xh+0pXabZTaJ2P2wR","privKey":"qF3BA6kHUfGmqxwmI41SJSEL26Dmfd4OnyWbHcz3fl8="},"lastRemoteEphemeralKey":"BRqf1B+XgQWUq3JYdbonK9CJxtBQMNQKdU8B1/xAHSEb","previousCounter":0,"rootKey":"biGLZkGRALqn1axBrgqV0jxFP3VfenSpTR0KvCM+K4w="},"indexInfo":{"baseKey":"BfGTdN0w72bkrsr/AqvanOz+Az4/zxPK8Cm7zIbuRgUP","baseKeyType":1,"closed":1764075980937,"used":1764075980114,"created":1764075980114,"remoteIdentityKey":"BfnZnJdYs1iTSaur7Zf2qjwP2swsMjgJvv7qwDNjEXNm"},"_chains":{"Bak4a5mLFg78pyTg66ZLP3AB3C+xh+0pXabZTaJ2P2wR":{"chainKey":{"counter":0,"key":"zRHLEbOvoLvK5zh6CvKWTYYvUGT1n+NBcA/QFwKdSnw="},"chainType":1,"messageKeys":{}}},"pendingPreKey":{"signedKeyId":330371,"baseKey":"BfGTdN0w72bkrsr/AqvanOz+Az4/zxPK8Cm7zIbuRgUP","preKeyId":13738}},"BbsnRIdKSLoZP+SpojsEZUhBawwr/XbYpzIov0EjNkt+":{"registrationId":1181199699,"currentRatchet":{"ephemeralKeyPair":{"pubKey":"BRsJMtO5vl+2eNSLXa8G2VDYzpQBW21uWYSpbjs+aeNP","privKey":"IJPhJjV4fYUDUxaIKCSLwQLma39Sgp7guku8WzD+kHU="},"lastRemoteEphemeralKey":"BRqf1B+XgQWUq3JYdbonK9CJxtBQMNQKdU8B1/xAHSEb","previousCounter":0,"rootKey":"XYjVpZwTJc8vFZggNa3xqEgTb305o0zJNjkv9+Cci6k="},"indexInfo":{"baseKey":"BbsnRIdKSLoZP+SpojsEZUhBawwr/XbYpzIov0EjNkt+","baseKeyType":1,"closed":1764075982113,"used":1764075980934,"created":1764075980934,"remoteIdentityKey":"BfnZnJdYs1iTSaur7Zf2qjwP2swsMjgJvv7qwDNjEXNm"},"_chains":{"BRsJMtO5vl+2eNSLXa8G2VDYzpQBW21uWYSpbjs+aeNP":{"chainKey":{"counter":0,"key":"rQG+ISA1Eth1l6kKuULV7V8hmbNO++x95zM6X6QJtdI="},"chainType":1,"messageKeys":{}}},"pendingPreKey":{"signedKeyId":330371,"baseKey":"BbsnRIdKSLoZP+SpojsEZUhBawwr/XbYpzIov0EjNkt+","preKeyId":13167}},"BZQdBgUzESMn8v8eWZgT9P8oDjgHHaXfMSXgy7AzMPUZ":{"registrationId":1181199699,"currentRatchet":{"ephemeralKeyPair":{"pubKey":"BWuWDzf+VWaIOXAnxa5CPtN2Kd6WGRaCifZU2RKF+TEV","privKey":"sJMDsxvQKEAqzP8M3wzlPNDYEwYqosa/ImCZYnmRHGY="},"lastRemoteEphemeralKey":"BRqf1B+XgQWUq3JYdbonK9CJxtBQMNQKdU8B1/xAHSEb","previousCounter":0,"rootKey":"WFJN39LMM4KtSHCwXpssfJcHZe6bXUUOFvqMoXJSP9Q="},"indexInfo":{"baseKey":"BZQdBgUzESMn8v8eWZgT9P8oDjgHHaXfMSXgy7AzMPUZ","baseKeyType":1,"closed":1764075982871,"used":1764075982109,"created":1764075982109,"remoteIdentityKey":"BfnZnJdYs1iTSaur7Zf2qjwP2swsMjgJvv7qwDNjEXNm"},"_chains":{"BWuWDzf+VWaIOXAnxa5CPtN2Kd6WGRaCifZU2RKF+TEV":{"chainKey":{"counter":0,"key":"knOnEIslX7y90qJEHkxMcRmbszsA3OuSrPx7MvGJe30="},"chainType":1,"messageKeys":{}}},"pendingPreKey":{"signedKeyId":330371,"baseKey":"BZQdBgUzESMn8v8eWZgT9P8oDjgHHaXfMSXgy7AzMPUZ","preKeyId":13712}},"BWsfbZNMD/yH/K6ngU2YNVhAcXpueTqT2YXQ77KWpH8G":{"registrationId":1181199699,"currentRatchet":{"ephemeralKeyPair":{"pubKey":"BXQ/IqgEHlmL05l2QBHqUH8Yb5N6UT5PXuLN8r5Gd1Aj","privKey":"EFMLvzXf8xd0+OLVbHbEBlh2SjwfbaSbWWmgH6gyJX4="},"lastRemoteEphemeralKey":"BRqf1B+XgQWUq3JYdbonK9CJxtBQMNQKdU8B1/xAHSEb","previousCounter":0,"rootKey":"NH7Nhn8GudGp29GYElP8lNLmxkjMxEtsfOVFsNhe2SU="},"indexInfo":{"baseKey":"BWsfbZNMD/yH/K6ngU2YNVhAcXpueTqT2YXQ77KWpH8G","baseKeyType":1,"closed":1764075983647,"used":1764075982864,"created":1764075982864,"remoteIdentityKey":"BfnZnJdYs1iTSaur7Zf2qjwP2swsMjgJvv7qwDNjEXNm"},"_chains":{"BXQ/IqgEHlmL05l2QBHqUH8Yb5N6UT5PXuLN8r5Gd1Aj":{"chainKey":{"counter":0,"key":"T6daujxo6JEAFNNH5nQSruAGKcw2AanlTZ9ztVZiw8A="},"chainType":1,"messageKeys":{}}},"pendingPreKey":{"signedKeyId":330371,"baseKey":"BWsfbZNMD/yH/K6ngU2YNVhAcXpueTqT2YXQ77KWpH8G","preKeyId":13602}},"BTK/IyD3/v1l3aIN6AGRLdKunDq4jMfvM6ud0viGzgcA":{"registrationId":1181199699,"currentRatchet":{"ephemeralKeyPair":{"pubKey":"BbAL/qYHYL0n6V0MwsUwnX1Qrdelqdnu9MiAqcs0VAAM","privKey":"QIPqK4w6kivRoF/QCsVv3k1IEj74Zu9ZaTWXgt34TVY="},"lastRemoteEphemeralKey":"BRqf1B+XgQWUq3JYdbonK9CJxtBQMNQKdU8B1/xAHSEb","previousCounter":0,"rootKey":"ECSaxB3iR+jp8yAfAxDBydXJsOeWLMGsHsRanzccrus="},"indexInfo":{"baseKey":"BTK/IyD3/v1l3aIN6AGRLdKunDq4jMfvM6ud0viGzgcA","baseKeyType":1,"closed":1765309861684,"used":1764075983643,"created":1764075983643,"remoteIdentityKey":"BfnZnJdYs1iTSaur7Zf2qjwP2swsMjgJvv7qwDNjEXNm"},"_chains":{"BbAL/qYHYL0n6V0MwsUwnX1Qrdelqdnu9MiAqcs0VAAM":{"chainKey":{"counter":0,"key":"XFy7G5pIrs6z3+ud0TwBu6JRjFBiBong+OTGkZTWMa4="},"chainType":1,"messageKeys":{}}},"pendingPreKey":{"signedKeyId":330371,"baseKey":"BTK/IyD3/v1l3aIN6AGRLdKunDq4jMfvM6ud0viGzgcA","preKeyId":13206}},"BZiD1o8xVYGOZoydEuQXMM/owBd097dEzBLOqtQNV0dF":{"registrationId":1181199699,"currentRatchet":{"ephemeralKeyPair":{"pubKey":"BTom1Aa6w2j1X6RU+K0DwPZjMkmYz/hqFuP6BHMZ8BZf","privKey":"UN0DcRhFhYCnoDSPUFe9SV46k47CYMOomJkpqiohfUo="},"lastRemoteEphemeralKey":"BRqf1B+XgQWUq3JYdbonK9CJxtBQMNQKdU8B1/xAHSEb","previousCounter":0,"rootKey":"esvhQEbLPRVHljq6HyRaNpEaUBNZFQQC8zwROwETu/g="},"indexInfo":{"baseKey":"BZiD1o8xVYGOZoydEuQXMM/owBd097dEzBLOqtQNV0dF","baseKeyType":1,"closed":1765309867337,"used":1765309861660,"created":1765309861660,"remoteIdentityKey":"BfnZnJdYs1iTSaur7Zf2qjwP2swsMjgJvv7qwDNjEXNm"},"_chains":{"BTom1Aa6w2j1X6RU+K0DwPZjMkmYz/hqFuP6BHMZ8BZf":{"chainKey":{"counter":0,"key":"eIJuPeagpBRE3zLb1MocLYw2/qi+wX1ZGoZXx6uvC0g="},"chainType":1,"messageKeys":{}}},"pendingPreKey":{"signedKeyId":330371,"baseKey":"BZiD1o8xVYGOZoydEuQXMM/owBd097dEzBLOqtQNV0dF","preKeyId":13475}},"BU5BbHxJIkHFmuBCfSJ+SvDx7LgTOlaiIJsjO2RrHfp0":{"registrationId":1181199699,"currentRatchet":{"ephemeralKeyPair":{"pubKey":"BRqjbPk2v0BEXCAp8qhzfrBHBIPbbogyrTrZ7hAbOKog","privKey":"ULrBjX160uAo63uuv/v0c9eptZWfy0oTutdpGIAzaF8="},"lastRemoteEphemeralKey":"BRqf1B+XgQWUq3JYdbonK9CJxtBQMNQKdU8B1/xAHSEb","previousCounter":0,"rootKey":"9lvYpBCZOiFdoPdwdEK5H0zAx2/iRpxvsytCZKXKRlk="},"indexInfo":{"baseKey":"BU5BbHxJIkHFmuBCfSJ+SvDx7LgTOlaiIJsjO2RrHfp0","baseKeyType":1,"closed":1765309874000,"used":1765309867333,"created":1765309867333,"remoteIdentityKey":"BfnZnJdYs1iTSaur7Zf2qjwP2swsMjgJvv7qwDNjEXNm"},"_chains":{"BRqjbPk2v0BEXCAp8qhzfrBHBIPbbogyrTrZ7hAbOKog":{"chainKey":{"counter":0,"key":"RdH4ju7PGWwSjt5DH/32sAPic70uouJWbb8jJbpGUwY="},"chainType":1,"messageKeys":{}}},"pendingPreKey":{"signedKeyId":330371,"baseKey":"BU5BbHxJIkHFmuBCfSJ+SvDx7LgTOlaiIJsjO2RrHfp0","preKeyId":13327}},"BRlpg8WmDit+WQ2bo60nmxuw4TkoznKs8yFPvtQtOJMi":{"registrationId":1181199699,"currentRatchet":{"ephemeralKeyPair":{"pubKey":"BSRIdDwxQl+iuNgr4ta0h0xcBbgT5VCQ1m1Oj6psNCJN","privKey":"GFX/97CTJ5KcP0+h9OE2J6ocQWVQz6ihrcQJkpEOR0s="},"lastRemoteEphemeralKey":"BRqf1B+XgQWUq3JYdbonK9CJxtBQMNQKdU8B1/xAHSEb","previousCounter":0,"rootKey":"1nVq9bkAtbAyBc14pnXZahpBkbJlDDkZNowHfzItkYU="},"indexInfo":{"baseKey":"BRlpg8WmDit+WQ2bo60nmxuw4TkoznKs8yFPvtQtOJMi","baseKeyType":1,"closed":1765309913993,"used":1765309873993,"created":1765309873993,"remoteIdentityKey":"BfnZnJdYs1iTSaur7Zf2qjwP2swsMjgJvv7qwDNjEXNm"},"_chains":{"BSRIdDwxQl+iuNgr4ta0h0xcBbgT5VCQ1m1Oj6psNCJN":{"chainKey":{"counter":0,"key":"qYjjfTlSCdx1zBtVkeyrhXdvYIPc7II6C8wgUdTCQxk="},"chainType":1,"messageKeys":{}}},"pendingPreKey":{"signedKeyId":330371,"baseKey":"BRlpg8WmDit+WQ2bo60nmxuw4TkoznKs8yFPvtQtOJMi","preKeyId":13232}},"BX9bRWuRJ4SQe/7+jrRbT/10LIFU0yjGfK14VD2OgNQD":{"registrationId":1181199699,"currentRatchet":{"ephemeralKeyPair":{"pubKey":"BSOoq7eCv/t6VENHP/XWIgIcnw8+QEpW6sYvayr2ihoa","privKey":"MKAOx8nMbeOAT1redy+1UvCl4pGpTSDd+O3lGAuIzk4="},"lastRemoteEphemeralKey":"BRqf1B+XgQWUq3JYdbonK9CJxtBQMNQKdU8B1/xAHSEb","previousCounter":0,"rootKey":"fOIhfKR+6Wmnd3SUSDOdkgG0fBilU5H+3O82rkIQDsU="},"indexInfo":{"baseKey":"BX9bRWuRJ4SQe/7+jrRbT/10LIFU0yjGfK14VD2OgNQD","baseKeyType":1,"closed":1765309914336,"used":1765309913989,"created":1765309913989,"remoteIdentityKey":"BfnZnJdYs1iTSaur7Zf2qjwP2swsMjgJvv7qwDNjEXNm"},"_chains":{"BSOoq7eCv/t6VENHP/XWIgIcnw8+QEpW6sYvayr2ihoa":{"chainKey":{"counter":0,"key":"oZr+lG/Nf4GwcqLwXMviMswro9kspcrvKNtWGTxMDDk="},"chainType":1,"messageKeys":{}}},"pendingPreKey":{"signedKeyId":330371,"baseKey":"BX9bRWuRJ4SQe/7+jrRbT/10LIFU0yjGfK14VD2OgNQD","preKeyId":13279}},"Ba4KdZ37HUTCBbTPOs2wHqFVi48AnMbTyvYjHlziqK0A":{"registrationId":1181199699,"currentRatchet":{"ephemeralKeyPair":{"pubKey":"BaWb61WvhUhDW9yRi4769q9gXj9k33UyNv+4JnPWrJ9x","privKey":"GMlclZgALkKkplR1XfdVTZppWhalmWOHVlHXtZ2eknU="},"lastRemoteEphemeralKey":"BRqf1B+XgQWUq3JYdbonK9CJxtBQMNQKdU8B1/xAHSEb","previousCounter":0,"rootKey":"Hwa1pzjc3R1HL/KVJHWxq2lKsvpbFnCPhuaa+xBZajU="},"indexInfo":{"baseKey":"Ba4KdZ37HUTCBbTPOs2wHqFVi48AnMbTyvYjHlziqK0A","baseKeyType":1,"closed":1765309914658,"used":1765309914331,"created":1765309914331,"remoteIdentityKey":"BfnZnJdYs1iTSaur7Zf2qjwP2swsMjgJvv7qwDNjEXNm"},"_chains":{"BaWb61WvhUhDW9yRi4769q9gXj9k33UyNv+4JnPWrJ9x":{"chainKey":{"counter":0,"key":"X04xuw9aGbba59y1glRpnvzgCPa0EsSP2FIaccrGVng="},"chainType":1,"messageKeys":{}}},"pendingPreKey":{"signedKeyId":330371,"baseKey":"Ba4KdZ37HUTCBbTPOs2wHqFVi48AnMbTyvYjHlziqK0A","preKeyId":13289}},"BRhu/gTX07GO9FBm8anbEF+J0EMU3ryl2ryWgg0BxGsZ":{"registrationId":1181199699,"currentRatchet":{"ephemeralKeyPair":{"pubKey":"BXnqZnvoheUBRikbcZcuA2ieQgqhbHAwAqO5402cSV8U","privKey":"wKKz174iZAwHG2R7/yAkcWmdgSaF0jTbVMx41sDzimI="},"lastRemoteEphemeralKey":"BRqf1B+XgQWUq3JYdbonK9CJxtBQMNQKdU8B1/xAHSEb","previousCounter":0,"rootKey":"SNDyJKwgHIJrV0XO7vG4bW5L6P4Kt35sLjo/mMbpcDU="},"indexInfo":{"baseKey":"BRhu/gTX07GO9FBm8anbEF+J0EMU3ryl2ryWgg0BxGsZ","baseKeyType":1,"closed":1765309914979,"used":1765309914653,"created":1765309914653,"remoteIdentityKey":"BfnZnJdYs1iTSaur7Zf2qjwP2swsMjgJvv7qwDNjEXNm"},"_chains":{"BXnqZnvoheUBRikbcZcuA2ieQgqhbHAwAqO5402cSV8U":{"chainKey":{"counter":0,"key":"3OWRN3x1cTTWd9MGTwgWCIKjTmBRBEfqn6bOFQ4wpj4="},"chainType":1,"messageKeys":{}}},"pendingPreKey":{"signedKeyId":330371,"baseKey":"BRhu/gTX07GO9FBm8anbEF+J0EMU3ryl2ryWgg0BxGsZ","preKeyId":13470}},"BY2GY+5y5En42T0hfSxsRbx6Weqt57zhFluTJQBn8MZY":{"registrationId":1181199699,"currentRatchet":{"ephemeralKeyPair":{"pubKey":"BRndPhnRJYQj/ng+dFH2Dtt3BfAbhY+Z6Eq/g6sjpQBp","privKey":"WJZuWh3ObU9xIL8CDAZ14i+4lc85T65fRJoXoV/0130="},"lastRemoteEphemeralKey":"BRqf1B+XgQWUq3JYdbonK9CJxtBQMNQKdU8B1/xAHSEb","previousCounter":0,"rootKey":"XZM5M+iaZTTWECMs/N7rmu1wnJIZVtTyENslJ1o/1x4="},"indexInfo":{"baseKey":"BY2GY+5y5En42T0hfSxsRbx6Weqt57zhFluTJQBn8MZY","baseKeyType":1,"closed":1765309931236,"used":1765309914973,"created":1765309914973,"remoteIdentityKey":"BfnZnJdYs1iTSaur7Zf2qjwP2swsMjgJvv7qwDNjEXNm"},"_chains":{"BRndPhnRJYQj/ng+dFH2Dtt3BfAbhY+Z6Eq/g6sjpQBp":{"chainKey":{"counter":0,"key":"kYSh83wnQSlpgOx8mszPCqrZyrKJbDAa8xaKXvAkxh8="},"chainType":1,"messageKeys":{}}},"pendingPreKey":{"signedKeyId":330371,"baseKey":"BY2GY+5y5En42T0hfSxsRbx6Weqt57zhFluTJQBn8MZY","preKeyId":13114}},"BQ9aso+vDkC7Uj/m5NPRL4i+Wqo/sYPegN7fvj66wJVy":{"registrationId":1181199699,"currentRatchet":{"ephemeralKeyPair":{"pubKey":"BdUwtfFEPMIbOc+Aye/qywrOdra0u3jwgxhBlqEwMflG","privKey":"qHlOd0xcNy9lLxq5Ijtq/nsd2xC2SQc1gf5NiMoBgFg="},"lastRemoteEphemeralKey":"BRqf1B+XgQWUq3JYdbonK9CJxtBQMNQKdU8B1/xAHSEb","previousCounter":0,"rootKey":"I4Hf4a05ktBmsc3PhjTVPq6hVYBFe8dxxQPboga9JvY="},"indexInfo":{"baseKey":"BQ9aso+vDkC7Uj/m5NPRL4i+Wqo/sYPegN7fvj66wJVy","baseKeyType":1,"closed":1765309936078,"used":1765309931232,"created":1765309931232,"remoteIdentityKey":"BfnZnJdYs1iTSaur7Zf2qjwP2swsMjgJvv7qwDNjEXNm"},"_chains":{"BdUwtfFEPMIbOc+Aye/qywrOdra0u3jwgxhBlqEwMflG":{"chainKey":{"counter":0,"key":"ltclhhgaSMkA6/lwqm9rcoy8O9FZ877RRIeSJgN4Qps="},"chainType":1,"messageKeys":{}}},"pendingPreKey":{"signedKeyId":330371,"baseKey":"BQ9aso+vDkC7Uj/m5NPRL4i+Wqo/sYPegN7fvj66wJVy","preKeyId":13314}},"BYAtcrwWY+hU5pMxsjpoGPzANvvVy3j1O+GRKLAGx5kK":{"registrationId":1181199699,"currentRatchet":{"ephemeralKeyPair":{"pubKey":"BTLiuxRaHze6gIP49Vn3dwNCOuFPe8BHIRHzUT+J7dx4","privKey":"MHlZyfAc0Alv7+dHg6Uni4L1h2JCc7pKrbuN5v/fP2E="},"lastRemoteEphemeralKey":"BRqf1B+XgQWUq3JYdbonK9CJxtBQMNQKdU8B1/xAHSEb","previousCounter":0,"rootKey":"dmWZ8aYz6Qo24+50DbhbWEesYQB7sZn1lmDSoZxMryo="},"indexInfo":{"baseKey":"BYAtcrwWY+hU5pMxsjpoGPzANvvVy3j1O+GRKLAGx5kK","baseKeyType":1,"closed":1765309944338,"used":1765309936071,"created":1765309936071,"remoteIdentityKey":"BfnZnJdYs1iTSaur7Zf2qjwP2swsMjgJvv7qwDNjEXNm"},"_chains":{"BTLiuxRaHze6gIP49Vn3dwNCOuFPe8BHIRHzUT+J7dx4":{"chainKey":{"counter":0,"key":"9JXE+zm+NovDxImRGSR7WEQyTnmKZXFzxE7cL3Z3CMw="},"chainType":1,"messageKeys":{}}},"pendingPreKey":{"signedKeyId":330371,"baseKey":"BYAtcrwWY+hU5pMxsjpoGPzANvvVy3j1O+GRKLAGx5kK","preKeyId":13498}},"BU9I378ltzngeIby6cP6dM3sbL8pOQC9K0O2VQBLpb9m":{"registrationId":1181199699,"currentRatchet":{"ephemeralKeyPair":{"pubKey":"Ba/yb3C3Fy94WLCwl1+Mcd3g2W1wGifbGRTfYnpw/rdD","privKey":"KEK+UfNTuYcrwXujJQcw1318Kl5SASxqQadgc1kmXHg="},"lastRemoteEphemeralKey":"BRqf1B+XgQWUq3JYdbonK9CJxtBQMNQKdU8B1/xAHSEb","previousCounter":0,"rootKey":"RMFGNdALRIFq4gQwlb6e3rHD/fZ0WyGwsM8tm8R16ws="},"indexInfo":{"baseKey":"BU9I378ltzngeIby6cP6dM3sbL8pOQC9K0O2VQBLpb9m","baseKeyType":1,"closed":1765309956532,"used":1765309944327,"created":1765309944327,"remoteIdentityKey":"BfnZnJdYs1iTSaur7Zf2qjwP2swsMjgJvv7qwDNjEXNm"},"_chains":{"Ba/yb3C3Fy94WLCwl1+Mcd3g2W1wGifbGRTfYnpw/rdD":{"chainKey":{"counter":0,"key":"rIQHaTZ9gTKj4GmMfyDKOLjokWpFaqD/hda+hLTH5Pk="},"chainType":1,"messageKeys":{}}},"pendingPreKey":{"signedKeyId":330371,"baseKey":"BU9I378ltzngeIby6cP6dM3sbL8pOQC9K0O2VQBLpb9m","preKeyId":13673}},"BcCUBZkQrvcZD0JLpq+DbPgenY3076nUgRbNNugkSrhY":{"registrationId":1181199699,"currentRatchet":{"ephemeralKeyPair":{"pubKey":"Bd6yNgkCwssOysRQhXh8UCM5rc0hGI2zjmcRHuHjn8kq","privKey":"yAv/FhIV14hwZX5tL0wKn7p+1SrF6HA+/Wjbp06vR0U="},"lastRemoteEphemeralKey":"BRqf1B+XgQWUq3JYdbonK9CJxtBQMNQKdU8B1/xAHSEb","previousCounter":0,"rootKey":"5tPSTlahKk1NKGSMzoDryzKcLBujQvrYLDlFJmHPPXs="},"indexInfo":{"baseKey":"BcCUBZkQrvcZD0JLpq+DbPgenY3076nUgRbNNugkSrhY","baseKeyType":1,"closed":-1,"used":1765309956526,"created":1765309956526,"remoteIdentityKey":"BfnZnJdYs1iTSaur7Zf2qjwP2swsMjgJvv7qwDNjEXNm"},"_chains":{"Bd6yNgkCwssOysRQhXh8UCM5rc0hGI2zjmcRHuHjn8kq":{"chainKey":{"counter":0,"key":"ysnNIF/qPDEnC4O0McEs3U2SoaGHl5tJS2KZ0YpaGj4="},"chainType":1,"messageKeys":{}}},"pendingPreKey":{"signedKeyId":330371,"baseKey":"BcCUBZkQrvcZD0JLpq+DbPgenY3076nUgRbNNugkSrhY","preKeyId":13307}}},"version":"v1"}