{"_sessions":{"BaccgywIABsytufIwEEIuaTfZ8nS35qbZoHGl7aqBJlF":{"registrationId":9770,"currentRatchet":{"ephemeralKeyPair":{"pubKey":"BdiqAJysSBTJjWjWnrSFS8eLHfCItwdiFCHZeEOkqrFb","privKey":"6AkxS3R02RUmLl+y4O8NfU1Bxiu4i59kUe2OEjwXzmk="},"lastRemoteEphemeralKey":"BfYcoJe1UPL0u4h5DGzlMNTMB2OPlYtwb1TsDy4M+NRK","previousCounter":0,"rootKey":"16uJMjYodrCGgWew7mEHYICifLdodaY3iolAxMD//GQ="},"indexInfo":{"baseKey":"BaccgywIABsytufIwEEIuaTfZ8nS35qbZoHGl7aqBJlF","baseKeyType":1,"closed":-1,"used":1759325701775,"created":1759325701775,"remoteIdentityKey":"BTH5TOogI6eNu47OVM09dhHqqGo77sQO9+6qoncjq9MN"},"_chains":{"BdiqAJysSBTJjWjWnrSFS8eLHfCItwdiFCHZeEOkqrFb":{"chainKey":{"counter":1065,"key":"xlQOGUxq8ZXyYhrjOSo9WKnmkfyYFxBc4Cv8Js3gEiE="},"chainType":1,"messageKeys":{}}},"pendingPreKey":{"signedKeyId":1,"baseKey":"BaccgywIABsytufIwEEIuaTfZ8nS35qbZoHGl7aqBJlF","preKeyId":709}}},"version":"v1"}