{"_sessions":{"Bb3AWLZ25KSrE0ZPQwsxVY+y0x6E/D3ce52GTF7kSLRJ":{"registrationId":11614,"currentRatchet":{"ephemeralKeyPair":{"pubKey":"BVg6eZrF2ihKW404fpECFSs0aVHZA+B8VheCQXsC/UJ/","privKey":"GNWioRI7l+goKeEF4VAnAQbzVEuQ8xC0d0LU4HNprF4="},"lastRemoteEphemeralKey":"BWfAhOO2YoN+FmHzRShV8dB1ad9jIJ3iFoIiLoOA/pxR","previousCounter":65,"rootKey":"tVg2sZ+Z0jXpvnSgagjMkKkVIiV33TzTPU0guiHJgQI="},"indexInfo":{"baseKey":"Bb3AWLZ25KSrE0ZPQwsxVY+y0x6E/D3ce52GTF7kSLRJ","baseKeyType":1,"closed":-1,"used":1760356361225,"created":1759325701778,"remoteIdentityKey":"BYZCsCovTLUI6A781eRyjt12AqL8qHVPWFe3yujTHXdL"},"_chains":{"BfKzWuS2UZbOmd5fCtKD+ABWRtrbj8lYUgJxE1UhGk9E":{"chainKey":{"counter":0},"chainType":2,"messageKeys":{}},"BXLAlnHd4/JJvlConP/BsSE11QdfvH2151KaIPXWzwdd":{"chainKey":{"counter":0},"chainType":2,"messageKeys":{}},"BWfAhOO2YoN+FmHzRShV8dB1ad9jIJ3iFoIiLoOA/pxR":{"chainKey":{"counter":0,"key":"CxD5o7JSNddDAizi44QyMeYQQNH4sk3N9j3WZfbzMh0="},"chainType":2,"messageKeys":{}},"BVg6eZrF2ihKW404fpECFSs0aVHZA+B8VheCQXsC/UJ/":{"chainKey":{"counter":5,"key":"j+SWW8Q6UVF/HZk5AlzApL5qjasStY15R/h38+enrDM="},"chainType":1,"messageKeys":{}}}}},"version":"v1"}