{"_sessions":{"BXKcyOPPQjY8w1DwFRAXXGDLQ2Zo0ZUF790Sq1PDVTNZ":{"registrationId":6809,"currentRatchet":{"ephemeralKeyPair":{"pubKey":"BV6At44p7iqB4A2F/DvuVZFln5u8VgfdymyTTRLD9cld","privKey":"2NIXYzo+bVFJdjVNimpTi7OUahTTivlvZoxzER9Nl3w="},"lastRemoteEphemeralKey":"BWQLP8NXvEPUYb97VExOqoPFbsPeIx3WgbidI7HRVAIY","previousCounter":0,"rootKey":"9xAF9+KmyU9kd3I2VlyJA7FGzcROb2H42KpJlr+slWY="},"indexInfo":{"baseKey":"BXKcyOPPQjY8w1DwFRAXXGDLQ2Zo0ZUF790Sq1PDVTNZ","baseKeyType":1,"closed":-1,"used":1759407695882,"created":1759407695882,"remoteIdentityKey":"BQjHamyeIcJvBb8hI7nU1Xj7kYuZ8biB9ULzjDfMbm0q"},"_chains":{"BV6At44p7iqB4A2F/DvuVZFln5u8VgfdymyTTRLD9cld":{"chainKey":{"counter":15,"key":"R4vUmLS6ph0wxhCloQMTNN96kFI3EAFIKTCWDIXgcdo="},"chainType":1,"messageKeys":{}}},"pendingPreKey":{"signedKeyId":1,"baseKey":"BXKcyOPPQjY8w1DwFRAXXGDLQ2Zo0ZUF790Sq1PDVTNZ","preKeyId":1776}}},"version":"v1"}