{"version":1,"hash":{"type":"Buffer","data":"n/wzSpdfLVWgL66O4i+IODr0zH4yPlzu9rh6Rlg1MtMV/7QnVMaWnVEH0YtqyV2hEL0wWsqDswVh01Y8EriBnehy/Okq6axGSe7ClRDuSSqrceGrXYaKfDkDjmGs/WQXwXfi9POExUy/MEhKF3Xz6sYrUZRuwg87+rG3DXFPGIk="},"indexValueMap":{"rNTAbFKlttSwlv4q8o6kzwonNXKhw6f7Qk2EmdVQEoo=":{"valueMac":{"type":"Buffer","data":"dtAYMjPh7buMIh88dMN4puWIdBfxkQBYPhgxL3NNu4M="}},"oQ3PEkvdu6lO8yzgnzE9bdW+AooGkHQGcdEOgdgLPUI=":{"valueMac":{"type":"Buffer","data":"gSP2JvLlO5VmTu7fm3wKXyg0MR0PTG2uEu6pwTEDlNo="}},"Kb+DmN8MQ8ljuezSoSg0fhwOPIIFMxueOjwzVR5Nfv0=":{"valueMac":{"type":"Buffer","data":"r2RXDaxm6MEHwMWbGDGEOsbr/4FAoCq5UVAi8JYw61Q="}},"Igd/zhlPXPNSdFc9J2lNTg5L4uk5P2CBL1QSoVuOeqE=":{"valueMac":{"type":"Buffer","data":"IfbEDsdQXCFlOcwSexW4HKzGhTnwgfIDSXiwcQw5C8s="}},"kc+Ks2vQYFKzvujTzsiqXYQSVFBT37nylq7OLm1f43E=":{"valueMac":{"type":"Buffer","data":"wUhht02J2pnZbdmZ3qAK8ZMd6pTducBzks8OWZQiidA="}},"p757Q1owuqFIboXwPuAsobFfG9U0/M4pZ+UGQ0WGrR4=":{"valueMac":{"type":"Buffer","data":"rssmTNHekhRCcP260gD5Rg1BZQPdGzt0e5xHipJhSOw="}},"58VD1dzGA0B9MQz8dURgvHJRmaYL1+zEF8DwT2EKlHo=":{"valueMac":{"type":"Buffer","data":"oV5/2ybyXZnAEV58ZUCCb5wNx77iP1MviMOiNekGKRY="}},"V1FsdHWjp0vm/sl1cbY4RsNU93plCIUx4Awt07BNvwc=":{"valueMac":{"type":"Buffer","data":"XyJA+gZYI0zEkLooUqebMU6/71GXcjtEvk1d5qEj++s="}},"5atgsHaRYe43GIB5dCgbYSzgPfOIuEdRx37pjXSdSRQ=":{"valueMac":{"type":"Buffer","data":"L9/aJolf7xy5OfhCjBsLzeO6hwXVTbxBf6Ohm0BhzIk="}},"oIMYPbaCmVrBuqHuYg0X9lmlVa+aUSad3g5Cxnu94FM=":{"valueMac":{"type":"Buffer","data":"3RNsFwE++SgSwZcW2heyxEffDGxzPAg3DYLc3eMDID8="}}}}