{"version":2,"hash":{"type":"Buffer","data":"PrSIC12lscGcbD9dRKlyOjNYnh5BO5q+C1tEPb+KO8mg2eGBP2VXs9Ui92UaxtyyU09Fqg80YPqZKeLTBaqmuINiE/8OHfLVcvw9mzwb1H8LS3uftVjihWRoG4ZsOuCMEFBsAgB/abp8dHm2Ae2AlCqUFQRFz5bd93sc6h0H3Fk="},"indexValueMap":{"V2kBD7OqvY/vuvtdp48j538G2NNvnGzVTAB4m4MfBxQ=":{"valueMac":{"type":"Buffer","data":"z0jdGgAHhBNeRGs8oJB9/Vg2XAgBi6srEMBrUKqE1Vs="}},"dSZVRLwQBrsx9BG5c9dvy6URBq3aEcUpooIJ+v+14z0=":{"valueMac":{"type":"Buffer","data":"UHizUhM9vqmtqBGk3eND1kNiD2o9ss+2ujNO+PqolzU="}},"SUYDqzhkCUMPKOt1CynBHIJFqbmo2WgeLtmVWMmcfzk=":{"valueMac":{"type":"Buffer","data":"NPxxqiYPvOgQrzt0C4Rx5Ll0RTu8JuKvwIdbCQ35HfM="}},"N3R9xt4ah2LXSZqAz7am3YxmOSazlx3Z3yoYnZSQuEE=":{"valueMac":{"type":"Buffer","data":"5CH23Z7tKIVEX4mIF8sHh5hgRiUAjjOcKLZ+893J9FY="}},"18R6wr4QCtTJaWRCxUZD443nbcCdv6MMPoGDEw5Ldl4=":{"valueMac":{"type":"Buffer","data":"9vFIdhIcCJBX8o97LSK9Zzj8i7Ogz0MhmYeyXhetswk="}},"3rrAZzTAI9ltom+cmQMolK7HJEeU33m/vTZpdbYIPtM=":{"valueMac":{"type":"Buffer","data":"y6N+MCc18Uu9poulLruFVNyBcd/82yzU8tjdYr+CYOA="}}}}