{"version":2,"hash":{"type":"Buffer","data":"H5sNUoD5wpb9+UQzXUUl3m6CB4HRJdEQzEjjZyaUgQo2UhOhSQfBSuIZEes8Zq5ZJrM9d4JdBx0AHy20no549U1dDQzeO6X73U44heEfg7fZKrMssOSpz7ziS0pEN97iJ5hynh+j90jupJWugQ6/uPOKz+PT8QX5096k0FczdWc="},"indexValueMap":{"PlNEj4pyOKuREurSqvxoBzQ29O28o8rrw239aq6E1Uc=":{"valueMac":{"type":"Buffer","data":"OcAZaQQZmHQAwUSkGZeTsOBfTmroussZ1udkBo2lHS0="}},"yS6iXWk2/dMdZ5tsyP9Mfjky6rmhua4cF+Y8wIKCE5c=":{"valueMac":{"type":"Buffer","data":"q6IDQBPVhxg7aSQx3TIQ/41K5ACLgTOYqEHen16YZD4="}},"3BOrjqKQ28hq3Ec2L7vcJlpq5wZwyIC2DrZWuI/wQ2I=":{"valueMac":{"type":"Buffer","data":"1aX96DhCUH73IizdBiAY3ff6OFVHZH2KYapw2Br+Xf8="}}}}