{"noiseKey":{"private":{"type":"Buffer","data":"AIJ0ZinqibHsOd6gUStlNaL4W0mk8yNbfA/pDyqYgEM="},"public":{"type":"Buffer","data":"TemvsnscYUYV0ZQk94zQEeoy2J529/PI9WEsCosSh2U="}},"pairingEphemeralKeyPair":{"private":{"type":"Buffer","data":"6P0rmkGmG6KAf3dhitXKlfYZUF/YzuT2g0MP9oz0MnM="},"public":{"type":"Buffer","data":"uwPzhG6vuF7+1UZLGojUOl0SA+1dyav2HZCf8fakLVo="}},"signedIdentityKey":{"private":{"type":"Buffer","data":"GI2nIOzlvI60OAo76XUBVm0xCK5TLld3MYRwE5FMilA="},"public":{"type":"Buffer","data":"sh8kccyySuLSzRFAePwDeydDRKYl8v6I+umpYawXD0I="}},"signedPreKey":{"keyPair":{"private":{"type":"Buffer","data":"EAKJy/ckdpyjkPo7r8AtSUWj0owQbiMPw3wbb0OmFHE="},"public":{"type":"Buffer","data":"pgAis32wC97Akf2ieHdAcm8/8tzS1aUpaliICvCb9no="}},"signature":{"type":"Buffer","data":"znJWooFf2Qx9sw2bHdngkAQMso8V/RVjozrUf+7hNIAWeh6BnwVDLwWXlQjK/EraaUHXZaSsXY4NLxAL0s97gA=="},"keyId":1},"registrationId":180,"advSecretKey":"HfOU9CND3a1z2fTuCd20fg4IxzNms6zN0kKg1hmApgc=","processedHistoryMessages":[],"nextPreKeyId":31,"firstUnuploadedPreKeyId":31,"accountSyncCounter":0,"accountSettings":{"unarchiveChats":false},"registered":false,"account":{"details":"CLuIqbMBEKX/i8oGGAEgACgA","accountSignatureKey":"JQV5K6O6mcG5/zaIAn0eRohEs5/5L1En797c6w0VM3Q=","accountSignature":"mWIthC4HcaNpEwlk4kB/YSZVEzz5QNGG9BMNs5Hgf72upVqc9YhrbYe2+m67xPEASQiCSTzk89NgUx1f/dAoBQ==","deviceSignature":"XEiuefEs20Y7MF1RZYHQ6GLPMDihneO3eYYV9O88yNWWAq0GYyrO2mtMsb2BG+pdF7buxx3Djd7x4g8/rfEggQ=="},"me":{"id":"553184271026:1@s.whatsapp.net","lid":"14955763990695:1@lid","name":"Bumbbe"},"signalIdentities":[{"identifier":{"name":"553184271026:1@s.whatsapp.net","deviceId":0},"identifierKey":{"type":"Buffer","data":"BSUFeSujupnBuf82iAJ9HkaIRLOf+S9RJ+/e3OsNFTN0"}}],"platform":"android","routingInfo":{"type":"Buffer","data":"CBIICAgF"},"lastAccountSyncTimestamp":1765999515,"lastPropHash":"PWk5B","myAppStateKeyId":"AAAAAFvr"}