{"_sessions":{"Bd3TUEyk5oJPdGTyN+7JKPmsLGV/l50P3y6fjoz19dJ7":{"registrationId":9978,"currentRatchet":{"ephemeralKeyPair":{"pubKey":"Bdc6xRqPNx6p0T1AvmhKiixEWbaZRUH5n6xDnLQqNDsG","privKey":"+I+ao1QQ6jQF1Hh6BUpv+y2Hg6uU9v0i57jdU4iU+3Q="},"lastRemoteEphemeralKey":"BZbskwjHTRM1E85GoIZYsYhJaduB9VeMZHKkA6UBpFc4","previousCounter":0,"rootKey":"z29qoXYJW7uQCTFN30Kif53/pAzW/JDubLV6IVeYQ90="},"indexInfo":{"baseKey":"Bd3TUEyk5oJPdGTyN+7JKPmsLGV/l50P3y6fjoz19dJ7","baseKeyType":2,"closed":-1,"used":1766018643168,"created":1765999643016,"remoteIdentityKey":"BawLoXIMFRFKzjw6vhM9BBMULg2vl4sJe3x125A14eAk"},"_chains":{"BbOYi6HjoyUlef/7wpmFBMq2H3uRl/8EI8BymtkCWLJ6":{"chainKey":{"counter":1},"chainType":2,"messageKeys":{}},"BebX17HtuImIw78xo/1AeLHXvzqcKzEhVaLxEMOI5aFR":{"chainKey":{"counter":0},"chainType":2,"messageKeys":{}},"BWuD3H2qSopZTkQ2aR9+9V+WsVn8P2vLscXY3L6vVio3":{"chainKey":{"counter":0},"chainType":2,"messageKeys":{}},"BYHNZlvrcuPhfwzmfwnYpiqNeNeu+Izg64tT8PMUDTt8":{"chainKey":{"counter":0},"chainType":2,"messageKeys":{}},"BfMybl+AU5QNoTWq7Xfnim7DHUCD5Eb98Dwl4gYmT5Eq":{"chainKey":{"counter":0},"chainType":2,"messageKeys":{}},"BT7lSmNdKUfcjs3BvCXHq7lKvk1/qLb1+mV6vIcVGPE4":{"chainKey":{"counter":0},"chainType":2,"messageKeys":{}},"BW+1M4svuZrXrROKyEFJ3J9iCmrDHJExuKqI/W9+Eb1I":{"chainKey":{"counter":0},"chainType":2,"messageKeys":{}},"BSlYpmuBnawL7a+WPkFN6owHmrqiZ+lWUwOQ0ofjkngk":{"chainKey":{"counter":0},"chainType":2,"messageKeys":{}},"BQtWpOerWzhCiX04GyJPFjzRUU4cNmdBHedBuGsdxllT":{"chainKey":{"counter":0},"chainType":2,"messageKeys":{}},"BeYiNvd8gBlQyklBhPENtTzzuaIogZsPdHJ60Cm+9rIi":{"chainKey":{"counter":1},"chainType":2,"messageKeys":{}},"BRPhQbQZD9o1TWTrm3kI1yAzq7TIMWuMptxhFFVldREN":{"chainKey":{"counter":0},"chainType":2,"messageKeys":{}},"BcdmAZmNt2o1HRFkCw4iPAripE7D7J8cyL7Fn8sf+0Nm":{"chainKey":{"counter":0},"chainType":2,"messageKeys":{}},"BcbN8owmv8ONfyZ7ajn7/g0O/wR70fBtpS3TQr+KLlEm":{"chainKey":{"counter":0},"chainType":2,"messageKeys":{}},"BWEZFQb7X3RyvhVCoipdrE4B4mWxS5WSEtF8WYKPYxBV":{"chainKey":{"counter":2},"chainType":2,"messageKeys":{}},"BZJvTMhlLM1unySflhi1xwz2+ZlSfS8bpGiiRUtws/h6":{"chainKey":{"counter":0},"chainType":2,"messageKeys":{}},"BR6Ty3jh9wiGeDrArfv0czrGWICOABpCXfeeY0H6Os5e":{"chainKey":{"counter":5},"chainType":2,"messageKeys":{}},"BSCWMWu6xQ44uG6Mozos8Uy2kVvhVF3y2aOkyxl1F+1p":{"chainKey":{"counter":0},"chainType":2,"messageKeys":{}},"BWdhQfHdMpjF34uMwzyey62BhxAqUd82mbJkW/Ucu+9S":{"chainKey":{"counter":0},"chainType":2,"messageKeys":{}},"BTY1h5gHngXyZfj5sS4csZP9dfiwPOY2o1cXuPP9qQ1Q":{"chainKey":{"counter":0},"chainType":2,"messageKeys":{}},"BcpHmqvDWs5Tp3FHbHRwtB5EtwTGbLltCA74KlhipAsS":{"chainKey":{"counter":0},"chainType":2,"messageKeys":{}},"BYYMqUfYr1sLo6/D6ortHeWI55UXJQ3s4mOgbCYrBrdT":{"chainKey":{"counter":0},"chainType":2,"messageKeys":{}},"BZSiQJSfcx7pv9lYmqva3x1PA+woPV3SNXdbewukUcp/":{"chainKey":{"counter":0},"chainType":2,"messageKeys":{}},"BXzkZmnoqneSTLtF6HfwEEbWWNd6S8TVxeJwyg8f+G17":{"chainKey":{"counter":0},"chainType":2,"messageKeys":{}},"BbbyL+MF2y+YzNuT95ciI1OgIWZC/dYS5U2Da6H54GFr":{"chainKey":{"counter":0},"chainType":2,"messageKeys":{}},"BeMfrC86FnqBL/lKoZQVwggflXuR9DPv7RwNUc13INBt":{"chainKey":{"counter":0},"chainType":2,"messageKeys":{}},"BcBhUpeSFoNAerF+7aeSIZ3EKj9mDB2Ueja6oVQoygsn":{"chainKey":{"counter":1},"chainType":2,"messageKeys":{}},"Bc2xFfBToH8rITVWgG0yfIj0XV1edYbbBY8aqec4EzE6":{"chainKey":{"counter":0},"chainType":2,"messageKeys":{}},"Bf36NCGKZw9mdjuxzo0m0r9hDaBLaS9f3Mbxo7Oyo1YT":{"chainKey":{"counter":0},"chainType":2,"messageKeys":{}},"BRxySrBgFr6iATku6BwpNAEbfN+wXoiWKRCRletAnApt":{"chainKey":{"counter":0},"chainType":2,"messageKeys":{}},"BfUeMrFykIjkoxBnreTXuEzK4GEyGgwf1hA+2Do8op0y":{"chainKey":{"counter":0},"chainType":2,"messageKeys":{}},"BTzhPu6TWcl+PMH8t43hQTG/YO+New+WfDBI2FSQeS9D":{"chainKey":{"counter":0},"chainType":2,"messageKeys":{}},"BY673vG9NiB6P2GeSs5n74kAeGHaIbRebWSmFCYB358d":{"chainKey":{"counter":2},"chainType":2,"messageKeys":{}},"BYWs0j4fJgy+1ytr4LFaJ1WmOTjElvgnupg/AfYfo5l0":{"chainKey":{"counter":0},"chainType":2,"messageKeys":{}},"BTLxMOvKv+Pojeu7iokCUNwuuqlZpB49hDvYKRAFOl1j":{"chainKey":{"counter":0},"chainType":2,"messageKeys":{}},"BVN10XmwwYB2aW9Eu5Zo8sdjG6dZCXvRCsq1NA2GR88h":{"chainKey":{"counter":0},"chainType":2,"messageKeys":{}},"BZbskwjHTRM1E85GoIZYsYhJaduB9VeMZHKkA6UBpFc4":{"chainKey":{"counter":1,"key":"VGCkwRFwIN/7z2ogty5Bxf3ZpopbNkL0XO4GlIODWFY="},"chainType":2,"messageKeys":{}},"Bdc6xRqPNx6p0T1AvmhKiixEWbaZRUH5n6xDnLQqNDsG":{"chainKey":{"counter":-1,"key":"KnktQQdFieWSqSkNZuyrK7JSGwG3sFZUfZtn5rW4Q28="},"chainType":1,"messageKeys":{}}}}},"version":"v1"}