{"_sessions":{"BdcI9nJtjuAZoUiK9RqoD9mDpFNBTCCXJ22uZIW/TAwo":{"registrationId":1254556546,"currentRatchet":{"ephemeralKeyPair":{"pubKey":"BRyhMV0HDJkHf12IOWbscGCJGXaQYRgPujG+BBAoS1JG","privKey":"cHUcrmdY4b5A+6VSNntSuLh6lbHXv696yxJyZy6GLVY="},"lastRemoteEphemeralKey":"Bdcxhti1wDM8zOPSs37P/ui0M0YittO2i+JSyS6EHvQz","previousCounter":0,"rootKey":"ASU1a4UodOfDkNUCpx7Vwf5OK0DXPrzhe/seFkGbEFI="},"indexInfo":{"baseKey":"BdcI9nJtjuAZoUiK9RqoD9mDpFNBTCCXJ22uZIW/TAwo","baseKeyType":1,"closed":-1,"used":1765999839432,"created":1765999839432,"remoteIdentityKey":"BSUFeSujupnBuf82iAJ9HkaIRLOf+S9RJ+/e3OsNFTN0"},"_chains":{"BRyhMV0HDJkHf12IOWbscGCJGXaQYRgPujG+BBAoS1JG":{"chainKey":{"counter":39,"key":"BX+5xXr5Q90nWUazBIxoigSjpm9J+WQWuq9BcLsLrwY="},"chainType":1,"messageKeys":{}}},"pendingPreKey":{"signedKeyId":4048077,"baseKey":"BdcI9nJtjuAZoUiK9RqoD9mDpFNBTCCXJ22uZIW/TAwo","preKeyId":3841160}}},"version":"v1"}