{"_sessions":{"BRJEtVHsbpInBj/xzFwt2VqwNh1h4K/NG5qv4QNisQQd":{"registrationId":1254556546,"currentRatchet":{"ephemeralKeyPair":{"pubKey":"BWj3xElyhIA2CU215Fr/43CQi7gdZVTq2zm/Ji4PpD1/","privKey":"2CzkuFzzpgEJhvWoe/sFnMJfW1RABdlgUAgAUcxYpnw="},"lastRemoteEphemeralKey":"BXdv1q01AmCWA7aIan9URZzGcsom/xTqADL7QpTycCkl","previousCounter":0,"rootKey":"kEYNASyClQSsLWHpw7CzrJX5CrpZzWg1VKdw0AGL1To="},"indexInfo":{"baseKey":"BRJEtVHsbpInBj/xzFwt2VqwNh1h4K/NG5qv4QNisQQd","baseKeyType":2,"closed":-1,"used":1765998507931,"created":1765998507931,"remoteIdentityKey":"BSUFeSujupnBuf82iAJ9HkaIRLOf+S9RJ+/e3OsNFTN0"},"_chains":{"BXdv1q01AmCWA7aIan9URZzGcsom/xTqADL7QpTycCkl":{"chainKey":{"counter":6,"key":"HcjE2+F9ztCju5gkx5fwzvqWh9ovwH7qQpW30kIBKe8="},"chainType":2,"messageKeys":{}},"BWj3xElyhIA2CU215Fr/43CQi7gdZVTq2zm/Ji4PpD1/":{"chainKey":{"counter":-1,"key":"gSNpVGHuGnSOuUGXPH4W8kkL2xsO7bVcN+L56bsntP0="},"chainType":1,"messageKeys":{}}}}},"version":"v1"}