{"_sessions":{"BX+U5IP46z5nhYibb4JSJ+6foG1m/pDpXLHiJVqUnplY":{"registrationId":2164543,"currentRatchet":{"ephemeralKeyPair":{"pubKey":"BXAyZZ6+vuC4xPufdKPY2FsS4G313WWz/u+KKR1D5ygu","privKey":"CO9QAPiqBIzGHuFBWjpDm6BKrHpPUSosTFlTzQAMdno="},"lastRemoteEphemeralKey":"BWtlsBWrgbq5G2aat6u2kFdVTEJRoqUk92zfvl1Wm65R","previousCounter":0,"rootKey":"ecs59eVIMboaBT18ZcziOsmENr1naNkAtWNtx6FrRoU="},"indexInfo":{"baseKey":"BX+U5IP46z5nhYibb4JSJ+6foG1m/pDpXLHiJVqUnplY","baseKeyType":1,"closed":-1,"used":1765999839435,"created":1765999839435,"remoteIdentityKey":"BdaqnWcJLbs19p0sM8JCcndq+DmM62hX9bRSxG2L28N1"},"_chains":{"BXAyZZ6+vuC4xPufdKPY2FsS4G313WWz/u+KKR1D5ygu":{"chainKey":{"counter":39,"key":"DkxlwmLjYBbLQ/bRzSgz7GNxoxevSQstNB45F+gfyP4="},"chainType":1,"messageKeys":{}}},"pendingPreKey":{"signedKeyId":15271907,"baseKey":"BX+U5IP46z5nhYibb4JSJ+6foG1m/pDpXLHiJVqUnplY","preKeyId":10759546}}},"version":"v1"}